tweet_id,created_at,date,hour,weekday,username,airline,tweet_text_raw,text_normalized,text_clean,retweet_count,tweet_length,word_count,crowd_label,sentiment_negative,sentiment_neutral,sentiment_positive,sentiment_score,sentiment
567594449874587648,2015-02-17T08:00:36Z,2015-02-17,8,Tuesday,vahidesq,Southwest,"@SouthwestAir its cool that my bags take a bit longer, dont give me baggage blue balls-turn the carousel on, tell me it's coming, then not.","USER its cool that my bags take a bit longer, dont give me baggage blue balls-turn the carousel on, tell me it's coming, then not.",user cool bag take bit longer dont give baggage blue carousel tell coming,0,139,27,Negative,0.272874,0.504821,0.222305,-0.050569,Neutral
567627253991735296,2015-02-17T10:10:58Z,2015-02-17,10,Tuesday,dbsviewonthings,United,@united please see a flight attendant for what? Why isn't there enough room for over head bags? I carry on to save time!!!,USER please see a flight attendant for what? why isn't there enough room for over head bags? i carry on to save time!!!,user please see flight attendant enough room head bag carry save time,0,122,24,Negative,0.693542,0.282415,0.024042,-0.6695,Negative
567696188602712064,2015-02-17T14:44:53Z,2015-02-17,14,Tuesday,elowthers,Delta,@JetBlue A flight delay due to pilots oversleeping is apparently an uncontrollable irregularity that is not eligible for delay compensation.,USER a flight delay due to pilots oversleeping is apparently an uncontrollable irregularity that is not eligible for delay compensation.,user flight delay due pilot oversleeping apparently uncontrollable irregularity eligible delay compensation,0,140,20,Negative,0.845083,0.149249,0.005668,-0.839415,Negative
567698031081160704,2015-02-17T14:52:12Z,2015-02-17,14,Tuesday,markkersten,US Airways,.@USAirways we have no choice but to pay another $50 to go to the airport in the hopes that we will be treated better by a rep.,. USER we have no choice but to pay another $ NUMBER to go to the airport in the hopes that we will be treated better by a rep.,user choice pay another number go airport hope treated better rep,0,127,27,Negative,0.790621,0.192024,0.017355,-0.773266,Negative
567711860938772480,2015-02-17T15:47:09Z,2015-02-17,15,Tuesday,jamie_fisher886,United,@united how much does it cost to check in an additional bag? Traveling from newark to glasgow. Thank you :),USER how much does it cost to check in an additional bag? traveling from newark to glasgow. thank you :),user much cost check additional bag traveling newark glasgow thank,0,107,19,Neutral,0.007709,0.513907,0.478385,0.470676,Neutral
567718292530688000,2015-02-17T16:12:43Z,2015-02-17,16,Tuesday,karimilrodz,Delta,@JetBlue I hear that the new thing in your planes are the Fly-Fi. How I can check if the flight that Im going to take have it?,USER i hear that the new thing in your planes are the fly-fi. how i can check if the flight that im going to take have it?,user hear new thing plane check flight im going take,0,126,28,Neutral,0.011089,0.899763,0.089147,0.078058,Neutral
567719005713334276,2015-02-17T16:15:33Z,2015-02-17,16,Tuesday,champa24,US Airways,@USAirways great job today In ruining 45 people's vacation. Thanks to your incompetent pilot and staff we have all now missed our flights,USER great job today in ruining NUMBER people's vacation. thanks to your incompetent pilot and staff we have all now missed our flights,user great job today ruining number people vacation thanks incompetent pilot staff missed flight,0,137,24,Negative,0.945454,0.047626,0.006921,-0.938533,Negative
567722937545814018,2015-02-17T16:31:10Z,2015-02-17,16,Tuesday,christooma,Southwest,@SouthwestAir finally!,USER finally!,user finally,0,22,2,Positive,0.004754,0.100348,0.894897,0.890143,Positive
567723431513575424,2015-02-17T16:33:08Z,2015-02-17,16,Tuesday,faithfabulous,Southwest,@SouthwestAir tried online and told I must call b/c of modifications to my reservation. Been on hold for almost 2 hours.,USER tried online and told i must call b/c of modifications to my reservation. been on hold for almost NUMBER hours.,user tried online told must call modification reservation hold almost number hour,0,120,22,Negative,0.825723,0.166125,0.008152,-0.817571,Negative
567724178317402112,2015-02-17T16:36:06Z,2015-02-17,16,Tuesday,jetbluenews,Delta,@JetBlue to offer service from Daytona Beach to New York - Albany Business Review http://t.co/dUhBJ41jHx,USER to offer service from daytona beach to new york - albany business review URL,user offer service daytona beach new york albany business review url,0,104,17,Positive,0.005661,0.936952,0.057387,0.051726,Neutral
567726594698264576,2015-02-17T16:45:42Z,2015-02-17,16,Tuesday,dangel082,US Airways,@USAirways well its 11:45am and just got an email that my 11am flight is delayed-thats not right,USER well its NUMBER :45am and just got an email that my 11am flight is delayed-thats not right,user well number got email flight right,0,96,19,Negative,0.919531,0.076409,0.00406,-0.91547,Negative
567726912186118144,2015-02-17T16:46:58Z,2015-02-17,16,Tuesday,heyheyman,Delta,@JetBlue Can't view seat selection/change seat for flight tomorrow. Can you look into this?,USER can't view seat selection/change seat for flight tomorrow. can you look into this?,user ca view seat seat flight tomorrow look,0,91,16,Neutral,0.557632,0.431576,0.010793,-0.546839,Negative
567727292739092480,2015-02-17T16:48:29Z,2015-02-17,16,Tuesday,bbahreman,Virgin America,@VirginAmerica Flying LAX to SFO and after looking at the awesome movie lineup I actually wish I was on a long haul.,USER flying lax to sfo and after looking at the awesome movie lineup i actually wish i was on a long haul.,user flying lax sfo looking awesome movie lineup actually wish long haul,4,116,22,Positive,0.009846,0.070049,0.920105,0.91026,Positive
567729203894702082,2015-02-17T16:56:04Z,2015-02-17,16,Tuesday,matthewhyah,Southwest,"@SouthwestAir I've been on hold for an hour now. 59:57 as I type this. Ridiculous! All I need is the link to the chart that has routes, time","USER i've been on hold for an hour now. NUMBER : NUMBER as i type this. ridiculous! all i need is the link to the chart that has routes, time",user hold hour number number type ridiculous need link chart route time,0,140,30,Negative,0.884751,0.105628,0.009621,-0.87513,Negative
567731794498174978,2015-02-17T17:06:22Z,2015-02-17,17,Tuesday,heykaitlinmary,Delta,@JetBlue Hopefully next time! Can I send you my future itineraries so the next one can be planned when I'm there? 😂😂,USER hopefully next time! can i send you my future itineraries so the next one can be planned when i'm there? 😂😂,user hopefully next time send future itinerary next one planned,0,116,22,Neutral,0.003648,0.104553,0.891799,0.888152,Positive
567732510692347904,2015-02-17T17:09:13Z,2015-02-17,17,Tuesday,ibrianweaver,Southwest,@SouthwestAir I've been on hold for an hour &amp; a half trying to change my flight to BNA. Not very happy with customer service right now!!!!!!,USER i've been on hold for an hour &amp; a half trying to change my flight to bna. not very happy with customer service right now!!!!!!,user hold hour amp half trying change flight bna happy customer service right,0,144,27,Negative,0.951284,0.043652,0.005064,-0.94622,Negative
567733656106459136,2015-02-17T17:13:46Z,2015-02-17,17,Tuesday,loley9,Southwest,"@SouthwestAir been on hold for over an hour.....not cool, you guys.","USER been on hold for over an hour.....not cool, you guys.",user hold hour cool guy,0,67,12,Negative,0.95085,0.044748,0.004402,-0.946448,Negative
567735667879575552,2015-02-17T17:21:45Z,2015-02-17,17,Tuesday,masterpeacefull,Southwest,@SouthwestAir @challemann flying to LGA in the dead of winter? #jvstatus EWR &amp; JFK is always the intelligent option.,USER USER flying to lga in the dead of winter? #jvstatus ewr &amp; jfk is always the intelligent option.,user user flying lga dead winter jvstatus ewr amp jfk always intelligent option,0,120,19,Negative,0.221552,0.712324,0.066124,-0.155428,Neutral
567735943424397312,2015-02-17T17:22:51Z,2015-02-17,17,Tuesday,erickofiejones,US Airways,@USAirways I need someone from management to contact me I was flying to a funeral won't make it now to add to my pain they want me 2 pay,USER i need someone from management to contact me i was flying to a funeral won't make it now to add to my pain they want me NUMBER pay,user need someone management contact flying funeral wo make add pain want number pay,0,136,30,Negative,0.859797,0.132914,0.007289,-0.852508,Negative
567737449938685952,2015-02-17T17:28:50Z,2015-02-17,17,Tuesday,jjenreich,Southwest,@SouthwestAir no flights out of #nashville today? Are you kidding me?!?! Why are other airlines flying and you're not?! So frustrated!!,USER no flights out of #nashville today? are you kidding me?!?! why are other airlines flying and you're not?! so frustrated!!,user flight nashville today kidding airline flying frustrated,0,135,22,Negative,0.933898,0.059313,0.006789,-0.927109,Negative
567737554087059457,2015-02-17T17:29:15Z,2015-02-17,17,Tuesday,jimmycarrigan85,Southwest,"@SouthwestAir I noticed the rates increased a few days ago, or the promotion ended. Any idea when another promotion will be coming?? Thanks!","USER i noticed the rates increased a few days ago, or the promotion ended. any idea when another promotion will be coming?? thanks!",user noticed rate increased day ago promotion ended idea another promotion coming thanks,0,140,23,Neutral,0.015023,0.74127,0.243707,0.228684,Neutral
567738154128769028,2015-02-17T17:31:38Z,2015-02-17,17,Tuesday,leahennessy,Southwest,"@SouthwestAir why are flights still getting out of Logan now? You couldn't manage to get one out at 6 AM, when it wasn't snowing!","USER why are flights still getting out of logan now? you couldn't manage to get one out at NUMBER am, when it wasn't snowing!",user flight still getting logan could manage get one number snowing,0,129,26,Negative,0.829282,0.162053,0.008665,-0.820617,Negative
567738484082114561,2015-02-17T17:32:57Z,2015-02-17,17,Tuesday,leahennessy,Southwest,@SouthwestAir I also find it ridiculous that I've been tweeting to you since 3:50 AM EST and have still received no response. 9 hours?,USER i also find it ridiculous that i've been tweeting to you since NUMBER : NUMBER am est and have still received no response. NUMBER hours?,user also find ridiculous tweeting since number number est still received response number hour,0,134,26,Negative,0.911543,0.082306,0.006152,-0.905391,Negative
567741884140093440,2015-02-17T17:46:27Z,2015-02-17,17,Tuesday,champa24,US Airways,@USAirways any tips on getting a hotel that your airline won't get for any of us even though we were told that we'd make our flight?,USER any tips on getting a hotel that your airline won't get for any of us even though we were told that we'd make our flight?,user tip getting hotel airline wo get u even though told make flight,0,132,28,Negative,0.631617,0.354551,0.013832,-0.617785,Negative
567742937325260801,2015-02-17T17:50:39Z,2015-02-17,17,Tuesday,loungesong,Virgin America,@VirginAmerica Are there any sign up bonuses to enroll in Elevate?,USER are there any sign up bonuses to enroll in elevate?,user sign bonus enroll elevate,0,66,11,Neutral,0.007987,0.936954,0.055058,0.047071,Neutral
567744219281129473,2015-02-17T17:55:44Z,2015-02-17,17,Tuesday,paytontaylor129,Southwest,@SouthwestAir LUV Ya Too!!!! I will sing a song for y'all when I finally get on that plane back to Nashville!!! #LOVESOUTHWESTAIR,USER luv ya too!!!! i will sing a song for y'all when i finally get on that plane back to nashville!!! #lovesouthwestair,user luv ya sing song finally get plane back nashville lovesouthwestair,1,129,23,Positive,0.001638,0.013846,0.984515,0.982877,Positive
567744381432516608,2015-02-17T17:56:23Z,2015-02-17,17,Tuesday,texasjuls,Virgin America,@VirginAmerica my group got their Cancelled Flightlation fees waived but I can't because my ticket is booked for 2/18? Your reps were no help either 😡,USER my group got their cancelled flightlation fees waived but i can't because my ticket is booked for NUMBER / NUMBER ? your reps were no help either 😡,user group got cancelled flightlation fee waived ca ticket booked number number rep help either,0,150,27,Negative,0.900204,0.093053,0.006743,-0.893461,Negative
567748208844365825,2015-02-17T18:11:35Z,2015-02-17,18,Tuesday,jaleenaposty,Southwest,@SouthwestAir Flight Cancelled Flightled out of BNA.... Do I have to reschedule now or can travel funds be put back into my account for future use?,USER flight cancelled flightled out of bna.... do i have to reschedule now or can travel funds be put back into my account for future use?,user flight cancelled flightled bna reschedule travel fund put back account future use,0,147,26,Negative,0.587169,0.404432,0.008399,-0.578771,Negative
567748863449395201,2015-02-17T18:14:11Z,2015-02-17,18,Tuesday,rwmann,United,@United WiFi onboard 737-800 far superior in pricing and performance (user-perceived bandwidth and Late Flightncy) to recent @GoGo experiences.,USER wifi onboard NUMBER - NUMBER far superior in pricing and performance (user-perceived bandwidth and late flightncy) to recent USER experiences.,user wifi onboard number number far superior pricing performance bandwidth late flightncy recent user experience,0,143,21,Positive,0.004076,0.095513,0.900411,0.896334,Positive
567750519402143745,2015-02-17T18:20:46Z,2015-02-17,18,Tuesday,starkttt,Southwest,@SouthwestAir yes. Thank you. Oct 25-oct 31,USER yes. thank you. oct NUMBER -oct NUMBER,user yes thank oct number number,0,43,8,Positive,0.00279,0.157938,0.839272,0.836483,Positive
567753194546421760,2015-02-17T18:31:24Z,2015-02-17,18,Tuesday,mrshossruns,Southwest,@SouthwestAir no worries. We got thru eventually. I was just curious. Best of luck to you dealing with the weather!,USER no worries. we got thru eventually. i was just curious. best of luck to you dealing with the weather!,user worry got thru eventually curious best luck dealing weather,0,115,20,Positive,0.009706,0.081831,0.908462,0.898756,Positive
567753757702647810,2015-02-17T18:33:38Z,2015-02-17,18,Tuesday,perceptions,Virgin America,@VirginAmerica really wish you'd fly out of #Fargo @fargoairport those fares are amazings,USER really wish you'd fly out of #fargo USER those fares are amazings,user really wish fly fargo user fare amazings,0,89,14,Positive,0.054926,0.182862,0.762212,0.707287,Positive
567753899939860480,2015-02-17T18:34:12Z,2015-02-17,18,Tuesday,ledpinkcloudz,Southwest,@SouthwestAir I will.make sure to tell everyone I know about this all around horrible experience. I will also post it on my business page.,USER i will.make sure to tell everyone i know about this all around horrible experience. i will also post it on my business page.,user sure tell everyone know around horrible experience also post business page,0,138,25,Negative,0.866432,0.115377,0.018191,-0.848242,Negative
567754367860633600,2015-02-17T18:36:04Z,2015-02-17,18,Tuesday,jetbluenews,Delta,@JetBlue's new CEO seeks the right balance to please passengers and Wall ... - Weyburn Review http://t.co/rtQyjCvTQ3,USER 's new ceo seeks the right balance to please passengers and wall ... - weyburn review URL,user new ceo seek right balance please passenger wall weyburn review url,0,116,19,Neutral,0.006841,0.663097,0.330063,0.323222,Neutral
567755891714174976,2015-02-17T18:42:07Z,2015-02-17,18,Tuesday,themadhacker13,US Airways,@USAirways customer service at its finest,USER customer service at its finest,user customer service finest,0,41,6,Positive,0.016082,0.148393,0.835525,0.819444,Positive
567760870630244352,2015-02-17T19:01:54Z,2015-02-17,19,Tuesday,kpbball41,US Airways,@USAirways you are horrendous. Pull your shit together,USER you are horrendous. pull your shit together,user horrendous pull shit together,0,54,8,Negative,0.953776,0.039928,0.006296,-0.947481,Negative
567761144190746625,2015-02-17T19:02:59Z,2015-02-17,19,Tuesday,treywheelerceo,US Airways,@USAirways Absolutely!! The staff was amazing!!,USER absolutely!! the staff was amazing!!,user absolutely staff amazing,0,47,6,Positive,0.005126,0.008306,0.986567,0.981441,Positive
567761568889581569,2015-02-17T19:04:41Z,2015-02-17,19,Tuesday,rkasold,US Airways,@USAirways will you please update your website with the most current flight status? And update your customer service phone # on @google thx,USER will you please update your website with the most current flight status? and update your customer service phone # on USER thx,user please update website current flight status update customer service phone user thx,0,139,22,Negative,0.013737,0.898007,0.088255,0.074518,Neutral
567762071258152960,2015-02-17T19:06:40Z,2015-02-17,19,Tuesday,onerockgypsy,Virgin America,@VirginAmerica you guys are perfect as always! &lt;3 #WeRVirgin,USER you guys are perfect as always! &lt; NUMBER #wervirgin,user guy perfect always lt number wervirgin,0,63,10,Positive,0.003081,0.00646,0.990458,0.987377,Positive
567762670045364225,2015-02-17T19:09:03Z,2015-02-17,19,Tuesday,msamanrm103,US Airways,@USAirways Waiting for my luggage on flight 1923. Is there a delay?,USER waiting for my luggage on flight NUMBER . is there a delay?,user waiting luggage flight number delay,0,67,12,Negative,0.467819,0.511454,0.020727,-0.447091,Neutral
567763529277923329,2015-02-17T19:12:28Z,2015-02-17,19,Tuesday,joelraronoff,United,@united 45 minutes after arrival and no bags for most people. UA469 from den to ewr. How long should we wait until a ual rep comes here?,USER NUMBER minutes after arrival and no bags for most people. ua469 from den to ewr. how long should we wait until a ual rep comes here?,user number minute arrival bag people den ewr long wait ual rep come,0,136,27,Negative,0.751945,0.239919,0.008136,-0.74381,Negative
567764858817773570,2015-02-17T19:17:45Z,2015-02-17,19,Tuesday,daintykenyan,US Airways,@USAirways I was supposed to be on flight 1861 from Charlotte to RDU @ 8:20pm yesterday. Is the same flight scheduled for departure tonight?,USER i was supposed to be on flight NUMBER from charlotte to rdu @ NUMBER :20pm yesterday. is the same flight scheduled for departure tonight?,user supposed flight number charlotte rdu number yesterday flight scheduled departure tonight,0,140,24,Neutral,0.015223,0.961173,0.023604,0.008382,Neutral
567765558393700352,2015-02-17T19:20:32Z,2015-02-17,19,Tuesday,andrewbarco1,United,@united I just need to get to RIC tonight. I've been in EWR for 24hrs now.,USER i just need to get to ric tonight. i've been in ewr for 24hrs now.,user need get ric tonight ewr,0,74,17,Negative,0.02054,0.821312,0.158148,0.137608,Neutral
567767269120688128,2015-02-17T19:27:20Z,2015-02-17,19,Tuesday,paulhting,Virgin America,@virginamerica Any way to change from Main Cabin to Main Cabin Select (on same flight) without paying a change fee penalty?,USER any way to change from main cabin to main cabin select (on same flight) without paying a change fee penalty?,user way change main cabin main cabin select flight without paying change fee penalty,0,123,21,Neutral,0.028861,0.938353,0.032785,0.003924,Neutral
567767997981671424,2015-02-17T19:30:13Z,2015-02-17,19,Tuesday,thodge77,United,"@united flight 4567 have already been Cancelled Flightled once, been trying to get home two days. Staff being very unhelpful.","USER flight NUMBER have already been cancelled flightled once, been trying to get home two days. staff being very unhelpful.",user flight number already cancelled flightled trying get home two day staff unhelpful,0,125,20,Negative,0.932459,0.062914,0.004627,-0.927833,Negative
567769337256484864,2015-02-17T19:35:33Z,2015-02-17,19,Tuesday,rkasold,US Airways,@USAirways flight 1808 is not leaving at 2:45 because we haven't even begun to board yet. Please update your website ASAP,USER flight NUMBER is not leaving at NUMBER : NUMBER because we haven't even begun to board yet. please update your website asap,user flight number leaving number number even begun board yet please update website asap,0,121,23,Negative,0.828401,0.164629,0.00697,-0.821431,Negative
567769981128282113,2015-02-17T19:38:06Z,2015-02-17,19,Tuesday,onerockgypsy,Virgin America,"@VirginAmerica so loyal that I'm driving to #NYC from #PA, to fly Virgin, since you cut #Philly flights ;)","USER so loyal that i'm driving to #nyc from #pa, to fly virgin, since you cut #philly flights ;)",user loyal driving nyc pa fly virgin since cut philly flight,0,106,19,Positive,0.007581,0.104931,0.887488,0.879907,Positive
567770910107897856,2015-02-17T19:41:48Z,2015-02-17,19,Tuesday,thodge77,United,@united flt. 4567 departure time has changed five times in the last 20 minutes. Why don't you figure out a solution and announce once?,USER flt. NUMBER departure time has changed five times in the last NUMBER minutes. why don't you figure out a solution and announce once?,user flt number departure time changed five time last number minute figure solution announce,0,134,25,Negative,0.874044,0.120295,0.005661,-0.868383,Negative
567772246060433408,2015-02-17T19:47:06Z,2015-02-17,19,Tuesday,bdhatch1,Southwest,@SouthwestAir you Cancelled Flightled my flight to BNA. I have flight from BNA 2 MDW tomorrow AM. You stranded me in DEN. I've been on hold all day,USER you cancelled flightled my flight to bna. i have flight from bna NUMBER mdw tomorrow am. you stranded me in den. i've been on hold all day,user cancelled flightled flight bna flight bna number mdw tomorrow stranded den hold day,0,147,29,Negative,0.915469,0.08001,0.00452,-0.910949,Negative
567772685472915456,2015-02-17T19:48:51Z,2015-02-17,19,Tuesday,cayocrazy,Virgin America,@VirginAmerica Umm so no reason as to why this is? Is there someone different I should contact (or contact me) to get a definitive answer?,USER umm so no reason as to why this is? is there someone different i should contact (or contact me) to get a definitive answer?,user umm reason someone different contact contact get definitive answer,0,138,25,Negative,0.461846,0.528387,0.009767,-0.452079,Neutral
567773009092812802,2015-02-17T19:50:08Z,2015-02-17,19,Tuesday,simply_unique11,Southwest,@SouthwestAir needs to offer a college student discount so i can fly home 😭😭,USER needs to offer a college student discount so i can fly home 😭😭,user need offer college student discount fly home,0,76,13,Neutral,0.259799,0.567119,0.173082,-0.086718,Neutral
567774229249421312,2015-02-17T19:54:59Z,2015-02-17,19,Tuesday,amorris1116,US Airways,"@USAirways can you please DM me, my flight has been delayed going into CLT which will force me to miss my connection to LGA at 10:05pm","USER can you please dm me, my flight has been delayed going into clt which will force me to miss my connection to lga at NUMBER :05pm",user please dm flight delayed going clt force miss connection lga number,0,134,27,Negative,0.790763,0.203025,0.006211,-0.784552,Negative
567780076926693376,2015-02-17T20:18:13Z,2015-02-17,20,Tuesday,kentscheidegger,Southwest,@SouthwestAir How? It is not possible to call SWA on the phone. You put me on hold for an hour and then cut me off.,USER how? it is not possible to call swa on the phone. you put me on hold for an hour and then cut me off.,user possible call swa phone put hold hour cut,0,115,25,Negative,0.917742,0.076724,0.005535,-0.912207,Negative
567780486978609152,2015-02-17T20:19:51Z,2015-02-17,20,Tuesday,torithatmexican,Delta,@JetBlue I applied for a job at PDW where could I go for follow up. I'd really love the job #ilovejetblue,USER i applied for a job at pdw where could i go for follow up. i'd really love the job #ilovejetblue,user applied job pdw could go follow really love job ilovejetblue,0,105,22,Neutral,0.002633,0.014564,0.982803,0.98017,Positive
567780888700669952,2015-02-17T20:21:27Z,2015-02-17,20,Tuesday,joebarti,United,"@united I can't even fit my name on the first two lines, yes... Please do pass on feedback. This is a big downgrade from previous years.","USER i can't even fit my name on the first two lines, yes... please do pass on feedback. this is a big downgrade from previous years.",user ca even fit name first two line yes please pas feedback big downgrade previous year,0,136,27,Negative,0.924864,0.067161,0.007975,-0.916889,Negative
567781227537915906,2015-02-17T20:22:48Z,2015-02-17,20,Tuesday,rkasold,US Airways,@USAirways And it's 3:22 with no sign of boarding.... Can I please get another update?,USER and it's NUMBER : NUMBER with no sign of boarding.... can i please get another update?,user number number sign boarding please get another update,0,86,17,Negative,0.73244,0.258646,0.008913,-0.723527,Negative
567781694183186432,2015-02-17T20:24:39Z,2015-02-17,20,Tuesday,gczark,Delta,@JetBlue thank you. Just sent msg.,USER thank you. just sent msg.,user thank sent msg,0,34,6,Positive,0.00809,0.240415,0.751495,0.743405,Positive
567781731156377600,2015-02-17T20:24:48Z,2015-02-17,20,Tuesday,onyxmediagroup1,Southwest,@SouthwestAir my flight was Cancelled Flightled Monday. Just looking to Cancelled Flight and credit my card. That's all.,USER my flight was cancelled flightled monday. just looking to cancelled flight and credit my card. that's all.,user flight cancelled flightled monday looking cancelled flight credit card,0,120,19,Negative,0.582312,0.4021,0.015588,-0.566723,Negative
567783456420012032,2015-02-17T20:31:39Z,2015-02-17,20,Tuesday,foppishdork,Delta,@JetBlue Haha you're doing everything right! Don't change a thing! Slash this Twitter engagement just makes you even cooler! #bestairline,USER haha you're doing everything right! don't change a thing! slash this twitter engagement just makes you even cooler! #bestairline,user haha everything right change thing slash twitter engagement make even cooler bestairline,0,137,22,Positive,0.006014,0.016625,0.977361,0.971347,Positive
567783687980367872,2015-02-17T20:32:34Z,2015-02-17,20,Tuesday,ryscanlon,Virgin America,"@VirginAmerica As one of the travelers affected by the Boston storm, I'm shocked at Virgin's complete apathy toward their customers.","USER as one of the travelers affected by the boston storm, i'm shocked at virgin's complete apathy toward their customers.",user one traveler affected boston storm shocked virgin complete apathy toward customer,0,132,22,Negative,0.915154,0.077564,0.007283,-0.907871,Negative
567785191901376512,2015-02-17T20:38:33Z,2015-02-17,20,Tuesday,ryscanlon,Virgin America,@VirginAmerica Grouping Virgin in with the others now. BOS weather has exposed their actual Cus Serv model. Never Flight Booking Problems with Virgin again!,USER grouping virgin in with the others now. bos weather has exposed their actual cus serv model. never flight booking problems with virgin again!,user grouping virgin others bos weather exposed actual cu serv model never flight booking problem virgin,0,156,24,Negative,0.808667,0.176806,0.014527,-0.79414,Negative
567786760287096832,2015-02-17T20:44:47Z,2015-02-17,20,Tuesday,ryscanlon,Virgin America,"@VirginAmerica While other airlines weren't Cancelled Flighting flights into BOS, and helping their customers get home, Virgin was saying Good luck!","USER while other airlines weren't cancelled flighting flights into bos, and helping their customers get home, virgin was saying good luck!",user airline cancelled flighting flight bos helping customer get home virgin saying good luck,0,148,22,Negative,0.213544,0.522818,0.263638,0.050093,Neutral
567789749013086208,2015-02-17T20:56:39Z,2015-02-17,20,Tuesday,floridacarolina,Southwest,"@SouthwestAir thanks for the reply, something is off with the phones becuz after 2 dropped calls at 2 hours on hold, I got through on 1 ring","USER thanks for the reply, something is off with the phones becuz after NUMBER dropped calls at NUMBER hours on hold, i got through on NUMBER ring",user thanks reply something phone becuz number dropped call number hour hold got number ring,0,140,27,Positive,0.558192,0.403319,0.038489,-0.519703,Negative
567790510502371328,2015-02-17T20:59:41Z,2015-02-17,20,Tuesday,ginnyrajnes,Southwest,@SouthwestAir: why no charging station in SAN?,USER : why no charging station in san?,user charging station san,0,46,7,Negative,0.370488,0.61969,0.009822,-0.360666,Neutral
567793072060276736,2015-02-17T21:09:52Z,2015-02-17,21,Tuesday,brandy_fisher,US Airways,@USAirways Sending thanks to employee Freddie in PHL Admiral Club A East for allowing me to give a day pass to my sibling stuck there today.,USER sending thanks to employee freddie in phl admiral club a east for allowing me to give a day pass to my sibling stuck there today.,user sending thanks employee freddie phl admiral club east allowing give day pas sibling stuck today,0,140,26,Positive,0.005349,0.188287,0.806364,0.801016,Positive
567796276100886528,2015-02-17T21:22:36Z,2015-02-17,21,Tuesday,marypietrzyk,Southwest,@SouthwestAir Yes but they couldn't explain the 2 hour and 45 minute hold time.,USER yes but they couldn't explain the NUMBER hour and NUMBER minute hold time.,user yes could explain number hour number minute hold time,0,79,15,Negative,0.607971,0.378905,0.013124,-0.594847,Negative
567796863467839488,2015-02-17T21:24:56Z,2015-02-17,21,Tuesday,judy_202,Virgin America,@VirginAmerica how come ABC is the only one of the network channels you don't have?,USER how come abc is the only one of the network channels you don't have?,user come abc one network channel,0,83,16,Neutral,0.60795,0.375625,0.016425,-0.591525,Negative
567799518448848897,2015-02-17T21:35:29Z,2015-02-17,21,Tuesday,vincenzolandino,Delta,"Aww, is it? @JetBlue I guess now I need to book a flight to somewhere warm ASAP! Any suggestions?","aww, is it? USER i guess now i need to book a flight to somewhere warm asap! any suggestions?",aww user guess need book flight somewhere warm asap suggestion,0,97,19,Neutral,0.083325,0.495924,0.42075,0.337425,Neutral
567799935173947392,2015-02-17T21:37:08Z,2015-02-17,21,Tuesday,barneykelley,United,@united I am furious. You're firm is a disgrace. Despite all our efforts you did zero to protect our daughter. All alone at night # United,USER i am furious. you're firm is a disgrace. despite all our efforts you did zero to protect our daughter. all alone at night # united,user furious firm disgrace despite effort zero protect daughter alone night united,1,138,26,Negative,0.946555,0.048715,0.004729,-0.941826,Negative
567800671572926464,2015-02-17T21:40:03Z,2015-02-17,21,Tuesday,pcdan76,Southwest,@SouthwestAir flight 1613 Cancelled Flightled??? My wife is stuck in Phoenix on the way from slc to san Thanks a lot southwest!,USER flight NUMBER cancelled flightled??? my wife is stuck in phoenix on the way from slc to san thanks a lot southwest!,user flight number cancelled flightled wife stuck phoenix way slc san thanks lot southwest,0,127,22,Negative,0.633354,0.34212,0.024527,-0.608827,Negative
567804923782627330,2015-02-17T21:56:57Z,2015-02-17,21,Tuesday,ltos5363,US Airways,"@USAirways wont waive fees for flight Cancelled Flightlation due to #neptune To use credit, $200 fee. Couldnt reach destination @BostonBBB #notmyfault","USER wont waive fees for flight cancelled flightlation due to #neptune to use credit, $ NUMBER fee. couldnt reach destination USER #notmyfault",user wont waive fee flight cancelled flightlation due neptune use credit number fee couldnt reach destination user notmyfault,0,150,21,Negative,0.905128,0.089802,0.005069,-0.900059,Negative
567806884191944705,2015-02-17T22:04:45Z,2015-02-17,22,Tuesday,hakenson_liox,Virgin America,@VirginAmerica Dad on Segway is the best part of this whole infographic!,USER dad on segway is the best part of this whole infographic!,user dad segway best part whole infographic,0,72,12,Positive,0.003988,0.015117,0.980896,0.976908,Positive
567806905617281024,2015-02-17T22:04:50Z,2015-02-17,22,Tuesday,thedcd,Virgin America,@VirginAmerica On all your flights?,USER on all your flights?,user flight,0,35,5,Neutral,0.01617,0.9437,0.040129,0.023959,Neutral
567807269707206657,2015-02-17T22:06:17Z,2015-02-17,22,Tuesday,edgarsantana,Delta,"@JetBlue pls find my bag, I need 2 get home! Very frustrating. Hope my bag is somewhere in @NY_NJairports. Leaving the #jfk w/o my luggage.","USER pls find my bag, i need NUMBER get home! very frustrating. hope my bag is somewhere in USER . leaving the #jfk w/o my luggage.",user pls find bag need number get home frustrating hope bag somewhere user leaving jfk luggage,0,139,26,Negative,0.896264,0.094927,0.008809,-0.887455,Negative
567807967706488832,2015-02-17T22:09:03Z,2015-02-17,22,Tuesday,tookthecollar,Virgin America,@VirginAmerica thanks so much for sharing. Just added it to my site http://t.co/TsviBTvT8h,USER thanks so much for sharing. just added it to my site URL,user thanks much sharing added site url,0,90,16,Positive,0.002296,0.023195,0.97451,0.972214,Positive
567808748711051264,2015-02-17T22:12:09Z,2015-02-17,22,Tuesday,cbarrows,Delta,@JetBlue Call me when you do and we’ll have to hook up!,USER call me when you do and we’ll have to hook up!,user call hook,0,55,13,Neutral,0.005248,0.470359,0.524393,0.519145,Positive
567811142924656640,2015-02-17T22:21:40Z,2015-02-17,22,Tuesday,tinygami,Southwest,@SouthwestAir I did but it only shows one flight one way. When I try to go to the home page and book roundtrip there's nothing available :(,USER i did but it only shows one flight one way. when i try to go to the home page and book roundtrip there's nothing available :(,user show one flight one way try go home page book roundtrip nothing available,0,139,27,Negative,0.799385,0.190463,0.010152,-0.789233,Negative
567811428779868160,2015-02-17T22:22:48Z,2015-02-17,22,Tuesday,simplyimplicit,Virgin America,@VirginAmerica do you have an application for iOS? Was looking and only saw Virgin Mexico :( &lt;/3,USER do you have an application for ios? was looking and only saw virgin mexico :( &lt;/ NUMBER,user application io looking saw virgin mexico lt number,0,99,17,Neutral,0.785918,0.199969,0.014113,-0.771805,Negative
567813046811525120,2015-02-17T22:29:14Z,2015-02-17,22,Tuesday,simplyimplicit,Virgin America,@VirginAmerica I don’t use Passbook =/ I still love you though &lt;3 :) I’ll just use my email in the future.,USER i don’t use passbook =/ i still love you though &lt; NUMBER :) i’ll just use my email in the future.,user use passbook still love though lt number use email future,0,109,22,Positive,0.028926,0.098285,0.872789,0.843864,Positive
567813515353804801,2015-02-17T22:31:06Z,2015-02-17,22,Tuesday,heatherdopson,Delta,"@JetBlue That's right! :) Game, set, match.","USER that's right! :) game, set, match.",user right game set match,0,43,7,Neutral,0.00187,0.069801,0.928328,0.926458,Positive
567813976492417024,2015-02-17T22:32:56Z,2015-02-17,22,Tuesday,benwgarton,Southwest,@SouthwestAir can you make a premium wifi that I can pay $30 for that is decent? #slow-fi,USER can you make a premium wifi that i can pay $ NUMBER for that is decent? #slow-fi,user make premium wifi pay number decent,0,89,18,Negative,0.115312,0.548505,0.336183,0.22087,Neutral
567814795895787520,2015-02-17T22:36:11Z,2015-02-17,22,Tuesday,mynejas,Virgin America,@VirginAmerica I love the dancing little richard. cool beans.,USER i love the dancing little richard. cool beans.,user love dancing little richard cool bean,0,61,9,Positive,0.005192,0.019956,0.974852,0.96966,Positive
567818055771918336,2015-02-17T22:49:08Z,2015-02-17,22,Tuesday,visionroij,United,@united Thanks!,USER thanks!,user thanks,0,15,2,Positive,0.009864,0.118893,0.871244,0.86138,Positive
567819359255810048,2015-02-17T22:54:19Z,2015-02-17,22,Tuesday,chi_ab,Southwest,@SouthwestAir we are 2 mins from departure of 4125 and no announced update nor an update to on time status. Everyone just standing. #comeon,USER we are NUMBER mins from departure of NUMBER and no announced update nor an update to on time status. everyone just standing. #comeon,user number min departure number announced update update time status everyone standing comeon,0,139,24,Negative,0.863652,0.129133,0.007215,-0.856437,Negative
567828603976597504,2015-02-17T23:31:03Z,2015-02-17,23,Tuesday,myvortex,Virgin America,"@VirginAmerica another perfect flight. How come on your planes, the sun visors can stay down? Other carriers make you raise them?","USER another perfect flight. how come on your planes, the sun visors can stay down? other carriers make you raise them?",user another perfect flight come plane sun visor stay carrier make raise,0,129,21,Positive,0.078065,0.323112,0.598822,0.520757,Positive
567829051559186432,2015-02-17T23:32:50Z,2015-02-17,23,Tuesday,jayxxx1,Virgin America,@VirginAmerica YES FYI MY BFF,USER yes fyi my bff,user yes fyi bff,0,29,5,Neutral,0.004996,0.046516,0.948488,0.943491,Positive
567829387485130752,2015-02-17T23:34:10Z,2015-02-17,23,Tuesday,meredithadams23,Southwest,@SouthwestAir Awesome - thanks!,USER awesome - thanks!,user awesome thanks,0,31,3,Positive,0.005026,0.013255,0.981719,0.976693,Positive
567830627219939328,2015-02-17T23:39:05Z,2015-02-17,23,Tuesday,travelwithsuze,Southwest,@SouthwestAir sadly didn't get much help ... As a travel agent this is so disappointing to me.,USER sadly didn't get much help ... as a travel agent this is so disappointing to me.,user sadly get much help travel agent disappointing,0,94,17,Negative,0.934521,0.05963,0.00585,-0.928671,Negative
567833231434723328,2015-02-17T23:49:26Z,2015-02-17,23,Tuesday,jonshell,Southwest,@SouthwestAir Thanks for taking care of me Today! Michele rocked the customer service! Gate 25 HOU,USER thanks for taking care of me today! michele rocked the customer service! gate NUMBER hou,user thanks taking care today michele rocked customer service gate number hou,0,98,16,Positive,0.003128,0.013167,0.983705,0.980577,Positive
567833247242264577,2015-02-17T23:49:30Z,2015-02-17,23,Tuesday,scottglass70,Southwest,"@SouthwestAir no, thanks. I think we have it straight!","USER no, thanks. i think we have it straight!",user thanks think straight,0,54,9,Negative,0.011478,0.260088,0.728434,0.716956,Positive
567834021293596672,2015-02-17T23:52:35Z,2015-02-17,23,Tuesday,ggoodie56,US Airways,@USAirways flying high thanks!,USER flying high thanks!,user flying high thanks,0,30,4,Positive,0.00368,0.018832,0.977487,0.973807,Positive
567842661463240704,2015-02-18T00:26:55Z,2015-02-18,0,Wednesday,donnellyvj,Delta,@JetBlue we were on b6 619 this morning from Boston to beautiful San Diego. We really were bummed the satellite was broken. :(,USER we were on b6 NUMBER this morning from boston to beautiful san diego. we really were bummed the satellite was broken. :(,user number morning boston beautiful san diego really bummed satellite broken,0,126,22,Negative,0.905196,0.081574,0.013229,-0.891967,Negative
567842806930239488,2015-02-18T00:27:29Z,2015-02-18,0,Wednesday,egspoony,United,@united ooh thanks!,USER ooh thanks!,user ooh thanks,0,19,3,Positive,0.007695,0.070895,0.921411,0.913716,Positive
567845203014377472,2015-02-18T00:37:01Z,2015-02-18,0,Wednesday,killawattannie,Virgin America,@VirginAmerica ...Please come to Minneapolis St. Paul!,USER ...please come to minneapolis st. paul!,user please come minneapolis paul,0,54,7,Neutral,0.006887,0.567098,0.426015,0.419128,Neutral
567845726220357632,2015-02-18T00:39:05Z,2015-02-18,0,Wednesday,josiebarosie,Virgin America,@VirginAmerica is that #thestarter??😁,USER is that #thestarter??😁,user thestarter,0,37,4,Neutral,0.004484,0.390027,0.605489,0.601005,Positive
567846970141716481,2015-02-18T00:44:02Z,2015-02-18,0,Wednesday,theadamrizz,Virgin America,@VirginAmerica @JezzieGoldz would have been a rough trip but LUCKILY we were on a #virginamerica flight. #weather,USER USER would have been a rough trip but luckily we were on a #virginamerica flight. #weather,user user would rough trip luckily virginamerica flight weather,0,113,17,Positive,0.123459,0.32299,0.553551,0.430092,Positive
567848437992984576,2015-02-18T00:49:52Z,2015-02-18,0,Wednesday,tom_brant,Delta,@JetBlue selfie on the flight 83 from #JFK to #Orlando . With @Supertzar85 http://t.co/QRANZImHTr,USER selfie on the flight NUMBER from #jfk to #orlando . with USER URL,user selfie flight number jfk orlando user url,1,97,16,Neutral,0.003735,0.903326,0.092939,0.089204,Neutral
567849200295124992,2015-02-18T00:52:54Z,2015-02-18,0,Wednesday,theadamrizz,Virgin America,@VirginAmerica @JezzieGoldz club Virgin is bumping in New York http://t.co/HaQc7GDg7c,USER USER club virgin is bumping in new york URL,user user club virgin bumping new york url,0,85,13,Neutral,0.006806,0.917446,0.075747,0.068942,Neutral
567851359178989568,2015-02-18T01:01:28Z,2015-02-18,1,Wednesday,caphotographix,United,"@united time for a rant...you delayed my flight and still forgot my luggage...then delayed on the Tarmac, moments I love you United","USER time for a rant...you delayed my flight and still forgot my luggage...then delayed on the tarmac, moments i love you united",user time rant delayed flight still forgot luggage delayed tarmac moment love united,0,131,24,Negative,0.905012,0.084478,0.010509,-0.894503,Negative
567851387641597952,2015-02-18T01:01:35Z,2015-02-18,1,Wednesday,timodock,US Airways,@USAirways is the worst airline I’ve ever flown on. You guys have treated me like garbage today.,USER is the worst airline i’ve ever flown on. you guys have treated me like garbage today.,user worst airline ever flown guy treated like garbage today,0,96,18,Negative,0.962185,0.032334,0.005481,-0.956705,Negative
567851763136491520,2015-02-18T01:03:05Z,2015-02-18,1,Wednesday,igarryc,Southwest,@SouthwestAir I hope you're happy! You have officially become the next @AmericanAir #ProfitBeforePeople IMO you will be bankrupt by 2020,USER i hope you're happy! you have officially become the next USER #profitbeforepeople imo you will be bankrupt by NUMBER,user hope happy officially become next user profitbeforepeople imo bankrupt number,0,136,21,Negative,0.163214,0.232989,0.603796,0.440582,Positive
567862454576787456,2015-02-18T01:45:34Z,2015-02-18,1,Wednesday,jackieferrari3,United,@united note: they are traveling w 2yr old. Unreal,USER note: they are traveling w 2yr old. unreal,user note traveling old unreal,0,50,9,Negative,0.284376,0.596569,0.119055,-0.165321,Neutral
567864395264573441,2015-02-18T01:53:16Z,2015-02-18,1,Wednesday,joeschmow777,US Airways,@USAirways My daughter is stranded in charlotte because US Airways Cancelled Flightled her flight tonight. Completely dissatisfied with @USAirways,USER my daughter is stranded in charlotte because us airways cancelled flightled her flight tonight. completely dissatisfied with USER,user daughter stranded charlotte u airway cancelled flightled flight tonight completely dissatisfied user,0,146,19,Negative,0.934651,0.060296,0.005053,-0.929598,Negative
567868544572063744,2015-02-18T02:09:46Z,2015-02-18,2,Wednesday,choosejeremy,United,@united Give Cyndi &amp; Troy each a gold star.,USER give cyndi &amp; troy each a gold star.,user give cyndi amp troy gold star,0,47,9,Positive,0.018392,0.525839,0.455768,0.437376,Neutral
567869273109958656,2015-02-18T02:12:39Z,2015-02-18,2,Wednesday,suevannasing,Southwest,@SouthwestAir who should I contact about a missing Rapid Rewards credit?,USER who should i contact about a missing rapid rewards credit?,user contact missing rapid reward credit,0,72,11,Neutral,0.442769,0.545551,0.011679,-0.43109,Neutral
567871168214106113,2015-02-18T02:20:11Z,2015-02-18,2,Wednesday,hollywood0218,US Airways,"@USAirways Your whole handling of this was a joke.Boston Logan had one little old lady,ONE handling all the customers http://t.co/DH2rfUIJYP","USER your whole handling of this was a joke.boston logan had one little old lady,one handling all the customers URL",user whole handling logan one little old lady one handling customer url,0,140,25,Negative,0.901408,0.091215,0.007377,-0.894031,Negative
567871911960645632,2015-02-18T02:23:09Z,2015-02-18,2,Wednesday,trufflebaby2,Delta,@JetBlue now when I call it's still at the warehouse and might be going out tonight,USER now when i call it's still at the warehouse and might be going out tonight,user call still warehouse might going tonight,0,83,17,Negative,0.072985,0.907184,0.01983,-0.053155,Neutral
567873087108161536,2015-02-18T02:27:49Z,2015-02-18,2,Wednesday,trufflebaby2,Delta,@JetBlue I have the emails that they are on their way,USER i have the emails that they are on their way,user email way,0,53,11,Neutral,0.010676,0.84795,0.141374,0.130697,Neutral
567875974869680128,2015-02-18T02:39:17Z,2015-02-18,2,Wednesday,cindylouwho821,Delta,@JetBlue app just reminded me I will be flying to #FLL in 2 weeks. #ChillyCVZ #ThankGoodness @mypompanobeach #family #friends #sunshine,USER app just reminded me i will be flying to #fll in NUMBER weeks. #chillycvz #thankgoodness USER #family #friends #sunshine,user app reminded flying fll number week chillycvz thankgoodness user family friend sunshine,0,135,20,Positive,0.002165,0.015509,0.982327,0.980162,Positive
567878078782898176,2015-02-18T02:47:39Z,2015-02-18,2,Wednesday,moniquerose18,Delta,@JetBlue Awesome thanks! Thanks for the quick response. You guys ROCK! :),USER awesome thanks! thanks for the quick response. you guys rock! :),user awesome thanks thanks quick response guy rock,0,73,11,Positive,0.003305,0.007063,0.989632,0.986327,Positive
567880317345771520,2015-02-18T02:56:33Z,2015-02-18,2,Wednesday,klappy440,United,@united This link in your tweet goes to someone's internal email -&gt; http://t.co/ZksX79itdN...... Probably one of your 3rd party IT contracts,USER this link in your tweet goes to someone's internal email -&gt; URL probably one of your 3rd party it contracts,user link tweet go someone internal email gt url probably one party contract,0,143,25,Neutral,0.0728,0.900037,0.027162,-0.045638,Neutral
567881925727113217,2015-02-18T03:02:56Z,2015-02-18,3,Wednesday,ericcox122685,Southwest,@SouthwestAir I did ....it's just been such a disheartening experience for me and my family...and a lot of taxi money wasted.,USER i did ....it's just been such a disheartening experience for me and my family...and a lot of taxi money wasted.,user disheartening experience family lot taxi money wasted,0,125,23,Negative,0.923748,0.069825,0.006427,-0.917322,Negative
567886093749604353,2015-02-18T03:19:30Z,2015-02-18,3,Wednesday,jshanselman,United,"@united it's Late Flight... I'm tired and understandably edgy for trying to catch my flight. I wasn't chipper, but I def was not rude.","USER it's late flight... i'm tired and understandably edgy for trying to catch my flight. i wasn't chipper, but i def was not rude.",user late flight tired understandably edgy trying catch flight chipper def rude,0,134,27,Negative,0.741447,0.238821,0.019732,-0.721715,Negative
567887103465496576,2015-02-18T03:23:30Z,2015-02-18,3,Wednesday,lionheart_lisa,Southwest,"@SouthwestAir Tried to leave Monday, all other planes left but mine. Now this one keeps getting delayed. Missed work. Have to pay for a cab","USER tried to leave monday, all other planes left but mine. now this one keeps getting delayed. missed work. have to pay for a cab",user tried leave monday plane left mine one keep getting delayed missed work pay cab,0,139,25,Negative,0.846259,0.145173,0.008568,-0.837691,Negative
567887326350811137,2015-02-18T03:24:24Z,2015-02-18,3,Wednesday,trufflebaby2,Delta,@JetBlue bag just delivered and items have been stolen. At first look - my Kate spade bag and bottle of spiced rum! Wtf!!,USER bag just delivered and items have been stolen. at first look - my kate spade bag and bottle of spiced rum! wtf!!,user bag delivered item stolen first look kate spade bag bottle spiced rum wtf,0,121,22,Negative,0.908675,0.08394,0.007385,-0.90129,Negative
567893704058474496,2015-02-18T03:49:44Z,2015-02-18,3,Wednesday,michaelassenza,United,@united returned from vacation + went to luggage services. Golf bag was presented in clear wrap that could've been used in the first place.,USER returned from vacation + went to luggage services. golf bag was presented in clear wrap that could've been used in the first place.,user returned vacation went luggage service golf bag presented clear wrap could used first place,0,139,24,Neutral,0.293407,0.669332,0.037261,-0.256146,Neutral
567895664769785856,2015-02-18T03:57:32Z,2015-02-18,3,Wednesday,mypumpkinheads,Delta,@JetBlue the gate agent said our original plane got de-icing fluid in the engine that created a short so they took the plane out of service,USER the gate agent said our original plane got de-icing fluid in the engine that created a short so they took the plane out of service,user gate agent said original plane got fluid engine created short took plane service,0,139,27,Negative,0.779829,0.214199,0.005972,-0.773857,Negative
567896040982069249,2015-02-18T03:59:01Z,2015-02-18,3,Wednesday,laurencecharles,US Airways,"@USAirways Now, the JFK Baggage Office has actually run out of paper hotel vouchers. #thislinehasntmovedforanhour","USER now, the jfk baggage office has actually run out of paper hotel vouchers. #thislinehasntmovedforanhour",user jfk baggage office actually run paper hotel voucher thislinehasntmovedforanhour,0,113,15,Negative,0.703789,0.274406,0.021805,-0.681984,Negative
567897182545686528,2015-02-18T04:03:33Z,2015-02-18,4,Wednesday,lbrc133,US Airways,@USAirways Shout out to the red-headed gate agent for flt 3389 from DCA to CHS at 7:10 tonight. Didn't get her name but she was great!,USER shout out to the red-headed gate agent for flt NUMBER from dca to chs at NUMBER : NUMBER tonight. didn't get her name but she was great!,user shout gate agent flt number dca chs number number tonight get name great,0,134,29,Positive,0.003484,0.031995,0.964522,0.961038,Positive
567897640035160064,2015-02-18T04:05:23Z,2015-02-18,4,Wednesday,agrace001,United,@united my son is a passenger on flight 3710 from Chicago to Toronto. The plane came within feet of colliding another plane and is stopped.,USER my son is a passenger on flight NUMBER from chicago to toronto. the plane came within feet of colliding another plane and is stopped.,user son passenger flight number chicago toronto plane came within foot colliding another plane stopped,0,139,25,Negative,0.306333,0.675701,0.017965,-0.288368,Neutral
567899906150703104,2015-02-18T04:14:23Z,2015-02-18,4,Wednesday,mypumpkinheads,Delta,@JetBlue thank you for help and quick response,USER thank you for help and quick response,user thank help quick response,0,46,8,Positive,0.014431,0.08288,0.90269,0.888259,Positive
567900433542488064,2015-02-18T04:16:29Z,2015-02-18,4,Wednesday,coleygirouard,Southwest,"@SouthwestAir I am scheduled for the morning, 2 days after the fact, yes..not sure why my evening flight was the only one Cancelled Flightled","USER i am scheduled for the morning, NUMBER days after the fact, yes..not sure why my evening flight was the only one cancelled flightled",user scheduled morning number day fact yes sure evening flight one cancelled flightled,0,141,25,Negative,0.608191,0.378803,0.013005,-0.595186,Negative
567900456460165120,2015-02-18T04:16:34Z,2015-02-18,4,Wednesday,peterdawe,United,@united we just almost had a major accident on ua3710 ... How about passing on some information to those of us waiting on plane!!!,USER we just almost had a major accident on ua3710 ... how about passing on some information to those of us waiting on plane!!!,user almost major accident passing information u waiting plane,0,130,23,Negative,0.854646,0.13556,0.009794,-0.844852,Negative
567904438834167809,2015-02-18T04:32:24Z,2015-02-18,4,Wednesday,kierogrady,US Airways,@USAirways my sister was supposed to leave at 10 am to go back to AL. She's only getting to NC now. Are you kidding me #NeverflyUSairways 👿,USER my sister was supposed to leave at NUMBER am to go back to al. she's only getting to nc now. are you kidding me #neverflyusairways 👿,user sister supposed leave number go back al getting nc kidding neverflyusairways,0,139,27,Negative,0.876442,0.115051,0.008507,-0.867934,Negative
567907212154118145,2015-02-18T04:43:25Z,2015-02-18,4,Wednesday,bekiweki,Delta,"@JetBlue Also, thanks for your prompt replies. I'm really impressed--and you're not just brushing me off. Much appreciated!","USER also, thanks for your prompt replies. i'm really impressed--and you're not just brushing me off. much appreciated!",user also thanks prompt reply really impressed brushing much appreciated,0,123,21,Positive,0.006973,0.0131,0.979927,0.972954,Positive
567908702088376320,2015-02-18T04:49:20Z,2015-02-18,4,Wednesday,ant_pruitt,US Airways,@USAirways on the phone now. looks like global,USER on the phone now. looks like global,user phone look like global,0,46,8,Neutral,0.014272,0.905612,0.080116,0.065844,Neutral
567908796917420032,2015-02-18T04:49:43Z,2015-02-18,4,Wednesday,haralillier,Virgin America,@VirginAmerica I am all about the in flight artisanal cheese and wine pairing.,USER i am all about the in flight artisanal cheese and wine pairing.,user flight artisanal cheese wine pairing,0,78,13,Positive,0.007784,0.224953,0.767264,0.75948,Positive
567916937679884288,2015-02-18T05:22:03Z,2015-02-18,5,Wednesday,komal102,Delta,"@JetBlue disappointed that my flight back to boston from PR was Cancelled Flightled,rebooked 4 the next day,delayed that one too, and no compensation","USER disappointed that my flight back to boston from pr was cancelled flightled,rebooked NUMBER the next day,delayed that one too, and no compensation",user disappointed flight back boston pr cancelled flightled rebooked number next day delayed one compensation,0,149,25,Negative,0.92791,0.067378,0.004712,-0.923198,Negative
567933117610074113,2015-02-18T06:26:21Z,2015-02-18,6,Wednesday,ebennettr,Southwest,@SouthwestAir 75 minutes and still waiting for skis to be unloaded. You should be ashamed. It's 1:30 in the morning.,USER NUMBER minutes and still waiting for skis to be unloaded. you should be ashamed. it's NUMBER : NUMBER in the morning.,user number minute still waiting ski unloaded ashamed number number morning,0,116,22,Negative,0.913397,0.080537,0.006065,-0.907332,Negative
567935527481188352,2015-02-18T06:35:56Z,2015-02-18,6,Wednesday,totraveltolive,Delta,@JetBlue Anywhere warm cause its freezing in NYC,USER anywhere warm cause its freezing in nyc,user anywhere warm cause freezing nyc,0,48,8,Neutral,0.393791,0.501606,0.104603,-0.289188,Neutral
567935883086688256,2015-02-18T06:37:20Z,2015-02-18,6,Wednesday,tinaisback,Southwest,“@SouthwestAir: @TinaIsBack I'm so sorry for your frustration. Did you get rebooked? ^SW” I've been rebooked 4 times!! Still stuck!! #SMH,“ USER : USER i'm so sorry for your frustration. did you get rebooked? ^sw” i've been rebooked NUMBER times!! still stuck!! #smh,user user sorry frustration get rebooked rebooked number time still stuck smh,0,137,23,Negative,0.9317,0.062639,0.005662,-0.926038,Negative
567946319349706753,2015-02-18T07:18:49Z,2015-02-18,7,Wednesday,helenalor,Virgin America,@VirginAmerica I have lots of flights to book and your site it not working!!!! I've been on the phone waiting for over 10 minutes..........,USER i have lots of flights to book and your site it not working!!!! i've been on the phone waiting for over NUMBER minutes..........,user lot flight book site working phone waiting number minute,0,139,25,Negative,0.909109,0.082928,0.007964,-0.901145,Negative
567951376480907264,2015-02-18T07:38:54Z,2015-02-18,7,Wednesday,barneykelley,United,@united Stop pretending you care about the welfare of my daughter. United Airlines had the opportunity to help n failed # United airlines,USER stop pretending you care about the welfare of my daughter. united airlines had the opportunity to help n failed # united airlines,user stop pretending care welfare daughter united airline opportunity help failed united airline,0,137,22,Negative,0.928287,0.065361,0.006353,-0.921934,Negative
567969619849265153,2015-02-18T08:51:24Z,2015-02-18,8,Wednesday,dsearls,US Airways,"@USAirways I appreciate the hard work. Still, I gave up after &gt;hour. @dsearls","USER i appreciate the hard work. still, i gave up after &gt;hour. USER",user appreciate hard work still gave gt hour user,0,80,14,Negative,0.061333,0.234418,0.704248,0.642915,Positive
567970771718578176,2015-02-18T08:55:59Z,2015-02-18,8,Wednesday,evan_salmon,US Airways,@USAirways why didn't you reroute BOS to JAX via DCA through CLT instead forcing an overnight @DCA #passengersLose,USER why didn't you reroute bos to jax via dca through clt instead forcing an overnight USER #passengerslose,user reroute bos jax via dca clt instead forcing overnight user passengerslose,0,114,19,Negative,0.840461,0.154249,0.00529,-0.835172,Negative
567972416846217216,2015-02-18T09:02:31Z,2015-02-18,9,Wednesday,total_janarchy,Virgin America,"@VirginAmerica Never had a bad experience before, but this one took the cake. Now extortion for carry on items as well?","USER never had a bad experience before, but this one took the cake. now extortion for carry on items as well?",user never bad experience one took cake extortion carry item well,0,119,21,Negative,0.789261,0.185873,0.024866,-0.764396,Negative
567973066929614848,2015-02-18T09:05:06Z,2015-02-18,9,Wednesday,jetbluenews,Delta,@JetBlue marks 15th birthday with 'Blumanity' paint job - @Dallas_News (blog) http://t.co/lFGR0Nifut,USER marks 15th birthday with 'blumanity' paint job - USER (blog) URL,user mark birthday paint job user blog url,0,100,14,Neutral,0.003049,0.547257,0.449694,0.446645,Neutral
567995970232795136,2015-02-18T10:36:06Z,2015-02-18,10,Wednesday,jetbluenews,Delta,@JetBlue Dumps Amex - Nassau News Live http://t.co/DZg99JFIiK,USER dumps amex - nassau news live URL,user dump amex nassau news live url,0,61,10,Neutral,0.081599,0.88726,0.031141,-0.050458,Neutral
568011935347838977,2015-02-18T11:39:33Z,2015-02-18,11,Wednesday,gemmabow19,Virgin America,@VirginAmerica @AmericanAir can u help with flights to get a 2y old battling cancer who needs treatment in 🇺🇸 @FreyaBevan_Fund 💗 🎀 💗,USER USER can u help with flights to get a 2y old battling cancer who needs treatment in 🇺🇸 USER 💗 🎀 💗,user user help flight get old battling cancer need treatment user,4,132,19,Neutral,0.006886,0.249614,0.7435,0.736614,Positive
568014845062332416,2015-02-18T11:51:06Z,2015-02-18,11,Wednesday,rjburnsva,Delta,@JetBlue #1408 IAD to JFK still hasn't boarded. What's today's excuse and how am I gonna get to work?,USER # NUMBER iad to jfk still hasn't boarded. what's today's excuse and how am i gonna get to work?,user number iad jfk still boarded today excuse gon na get work,0,101,22,Negative,0.811379,0.181336,0.007285,-0.804095,Negative
568039128001937408,2015-02-18T13:27:36Z,2015-02-18,13,Wednesday,erinmbarlow,Delta,"@JetBlue why yes, yes it does!!!! Great trip down!! Thanks for the lift!!!!","USER why yes, yes it does!!!! great trip down!! thanks for the lift!!!!",user yes yes great trip thanks lift,0,75,13,Positive,0.002191,0.005974,0.991835,0.989645,Positive
568039498015223808,2015-02-18T13:29:04Z,2015-02-18,13,Wednesday,mpordes,US Airways,"@USAirways why aren't twitter and reservations connected? What do people want? Reservations, duh?!?!","USER why aren't twitter and reservations connected? what do people want? reservations, duh?!?!",user twitter reservation connected people want reservation duh,0,100,14,Negative,0.769496,0.221065,0.009439,-0.760057,Negative
568042869505654784,2015-02-18T13:42:28Z,2015-02-18,13,Wednesday,cassidychiarito,Southwest,@SouthwestAir when will you have flights for October 2015 available?,USER when will you have flights for october NUMBER available?,user flight october number available,0,68,10,Neutral,0.016184,0.959539,0.024277,0.008092,Neutral
568049316582932480,2015-02-18T14:08:05Z,2015-02-18,14,Wednesday,jilldhandy,Southwest,@SouthwestAir I just sent a screen shot of the incident report.,USER i just sent a screen shot of the incident report.,user sent screen shot incident report,0,63,11,Negative,0.050202,0.911704,0.038094,-0.012109,Neutral
568053134439788546,2015-02-18T14:23:15Z,2015-02-18,14,Wednesday,steve97070,Virgin America,@VirginAmerica please add more frequency to PDX Portland,USER please add more frequency to pdx portland,user please add frequency pdx portland,0,56,8,Neutral,0.013746,0.802153,0.184101,0.170355,Neutral
568057812322021376,2015-02-18T14:41:51Z,2015-02-18,14,Wednesday,vibrantgene,Southwest,"@SouthwestAir Flight 2078 to Balt hit turbulence, babies cried, kids vomited. Chaos. Flight attendant Caroline was a superhero.","USER flight NUMBER to balt hit turbulence, babies cried, kids vomited. chaos. flight attendant caroline was a superhero.",user flight number balt hit turbulence baby cried kid vomited chaos flight attendant caroline superhero,0,127,18,Negative,0.675131,0.232397,0.092471,-0.58266,Negative
568058146729668608,2015-02-18T14:43:10Z,2015-02-18,14,Wednesday,luvthispayne,Southwest,@SouthwestAir Thank you for your time!,USER thank you for your time!,user thank time,0,38,6,Positive,0.003047,0.022465,0.974488,0.971441,Positive
568058224433340416,2015-02-18T14:43:29Z,2015-02-18,14,Wednesday,chriswinn211,Southwest,"@SouthwestAir There is no option just to Cancelled Flight? I don't want to change flight, I want to Cancelled Flight.","USER there is no option just to cancelled flight? i don't want to change flight, i want to cancelled flight.",user option cancelled flight want change flight want cancelled flight,0,117,21,Negative,0.813194,0.179723,0.007083,-0.806111,Negative
568059129601724416,2015-02-18T14:47:05Z,2015-02-18,14,Wednesday,dsg0110,Virgin America,"@VirginAmerica love it, taking @SouthwestAir on in their backyard! Consumers win when biz competes.","USER love it, taking USER on in their backyard! consumers win when biz competes.",user love taking user backyard consumer win biz competes,0,99,14,Positive,0.00279,0.013676,0.983533,0.980743,Positive
568061166871846912,2015-02-18T14:55:10Z,2015-02-18,14,Wednesday,sternjoe92,US Airways,@USAirways has an SPF record error that is causing e-mail from noreply@usairwaysmobile.com to go to spam filters. DNS admin needs to fix!,USER has an spf record error that is causing e-mail from noreply USER .com to go to spam filters. dns admin needs to fix!,user spf record error causing noreply user go spam filter dns admin need fix,0,137,25,Negative,0.86274,0.13006,0.007199,-0.855541,Negative
568061922265804802,2015-02-18T14:58:11Z,2015-02-18,14,Wednesday,sanjosedr,Virgin America,@VirginAmerica I miss the #nerdbird in San Jose,USER i miss the #nerdbird in san jose,user miss nerdbird san jose,0,47,8,Neutral,0.168601,0.555264,0.276135,0.107534,Neutral
568063182230724608,2015-02-18T15:03:11Z,2015-02-18,15,Wednesday,sternjoe92,US Airways,"@USAirways No, this is a systemic problem. Mail comes from 153.69.214.203 but USAirways SPF record disallows it. DM me for more detail","USER no, this is a systemic problem. mail comes from NUMBER . NUMBER but usairways spf record disallows it. dm me for more detail",user systemic problem mail come number number usairways spf record disallows dm detail,0,134,25,Neutral,0.766692,0.225029,0.008278,-0.758414,Negative
568063225859739648,2015-02-18T15:03:21Z,2015-02-18,15,Wednesday,roryphilbin1,US Airways,@USAirways I recently moved and got a new license and when I booked my flight months ago I used my old license do I need to change that?,USER i recently moved and got a new license and when i booked my flight months ago i used my old license do i need to change that?,user recently moved got new license booked flight month ago used old license need change,0,136,28,Neutral,0.043459,0.928655,0.027886,-0.015573,Neutral
568068513224654848,2015-02-18T15:24:22Z,2015-02-18,15,Wednesday,0504traveller,Virgin America,@VirginAmerica to battle @SouthwestAir on @DallasLoveField-@AUStinAirport route http://t.co/6RLz0EBk2X via @usatoday,USER to battle USER on USER - USER route URL via USER,user battle user user user route url via user,0,116,14,Neutral,0.008296,0.944115,0.047589,0.039294,Neutral
568070386627305472,2015-02-18T15:31:49Z,2015-02-18,15,Wednesday,shrubbette,US Airways,"@USAirways Hey! I booked a flight (Isabelle Gramp, Boston to LAX), and it said that it charged my credit card but the transaction didn't go","USER hey! i booked a flight (isabelle gramp, boston to lax), and it said that it charged my credit card but the transaction didn't go",user hey booked flight isabelle gramp boston lax said charged credit card transaction go,0,139,26,Negative,0.337182,0.638596,0.024222,-0.31296,Neutral
568072136192966656,2015-02-18T15:38:46Z,2015-02-18,15,Wednesday,rabbijfranklin,United,"@united yes, would love an upgrade or voucher, please give me a call 9148445695","USER yes, would love an upgrade or voucher, please give me a call NUMBER",user yes would love upgrade voucher please give call number,0,79,14,Neutral,0.003507,0.06931,0.927184,0.923677,Positive
568074028990259200,2015-02-18T15:46:17Z,2015-02-18,15,Wednesday,jade_boucher,Southwest,@SouthwestAir when are you opening the flights beyond august 7th???,USER when are you opening the flights beyond august 7th???,user opening flight beyond august,0,67,10,Neutral,0.020867,0.963239,0.015893,-0.004974,Neutral
568078285520785408,2015-02-18T16:03:12Z,2015-02-18,16,Wednesday,tarheelblue07,Southwest,@SouthwestAir #3854 ATL to RDU. Snow forecasted for Raleigh this evening.,USER # NUMBER atl to rdu. snow forecasted for raleigh this evening.,user number atl rdu snow forecasted raleigh evening,0,73,11,Neutral,0.048751,0.930846,0.020403,-0.028348,Neutral
568079024943194112,2015-02-18T16:06:08Z,2015-02-18,16,Wednesday,mark7579,US Airways,"@USAirways new tag line ""but we got you there alive!""","USER new tag line ""but we got you there alive!""",user new tag line got alive,0,53,10,Negative,0.017572,0.436467,0.545962,0.52839,Positive
568079278505463808,2015-02-18T16:07:09Z,2015-02-18,16,Wednesday,marcoflaviom,Virgin America,@VirginAmerica Very poor experience. First computer problem now seat malfunction. Stuck. Missing meeting in San Diego.,USER very poor experience. first computer problem now seat malfunction. stuck. missing meeting in san diego.,user poor experience first computer problem seat malfunction stuck missing meeting san diego,0,118,16,Negative,0.944793,0.05042,0.004786,-0.940007,Negative
568080133195755520,2015-02-18T16:10:32Z,2015-02-18,16,Wednesday,greghei1,United,"@united But why do people with no status get to buy an upgd at much less than cost ahead of premiers with earned ""confirmed"" certificates?","USER but why do people with no status get to buy an upgd at much less than cost ahead of premiers with earned ""confirmed"" certificates?",user people status get buy upgd much less cost ahead premier earned confirmed certificate,1,138,25,Negative,0.23043,0.745147,0.024424,-0.206006,Neutral
568084860008570881,2015-02-18T16:29:19Z,2015-02-18,16,Wednesday,m_nimzzz,Southwest,@SouthwestAir @love_dragonss oh my god LAUREN OH MY GOD OH MY GOD,USER USER oh my god lauren oh my god oh my god,user user oh god lauren oh god oh god,0,65,12,Positive,0.065434,0.243967,0.690599,0.625165,Positive
568085636592349184,2015-02-18T16:32:24Z,2015-02-18,16,Wednesday,barneykelley,United,@united There is no excuse for leaving a minor to spend the night sobbing (9 hours) in a plastic chair. UA's actions? Terrible. # united,USER there is no excuse for leaving a minor to spend the night sobbing ( NUMBER hours) in a plastic chair. ua's actions? terrible. # united,user excuse leaving minor spend night sobbing number hour plastic chair ua action terrible united,0,136,25,Negative,0.943134,0.052248,0.004618,-0.938517,Negative
568089179520954368,2015-02-18T16:46:29Z,2015-02-18,16,Wednesday,localkyle,United,"@united Flew ORD to Miami and back and had great crew, service on both legs. THANKS","USER flew ord to miami and back and had great crew, service on both legs. thanks",user flew ord miami back great crew service leg thanks,0,83,16,Positive,0.004021,0.017818,0.978161,0.974141,Positive
568089253424594944,2015-02-18T16:46:47Z,2015-02-18,16,Wednesday,nchaneljoy,US Airways,@USAirways how do you give stand by seats to ticketed passengers who you know have a connecting flight ?,USER how do you give stand by seats to ticketed passengers who you know have a connecting flight ?,user give stand seat ticketed passenger know connecting flight,0,104,18,Neutral,0.062352,0.91847,0.019178,-0.043174,Neutral
568090000199270400,2015-02-18T16:49:45Z,2015-02-18,16,Wednesday,wrigley_kid,United,@united of course but they were just as helpless as everyone else .,USER of course but they were just as helpless as everyone else .,user course helpless everyone else,0,67,12,Negative,0.83347,0.157793,0.008737,-0.824733,Negative
568090924141703169,2015-02-18T16:53:25Z,2015-02-18,16,Wednesday,katieaune,United,"@united ha, this happened 10 years ago. i haven't flown with you since.","USER ha, this happened NUMBER years ago. i haven't flown with you since.",user ha happened number year ago flown since,0,71,14,Neutral,0.648353,0.330451,0.021196,-0.627157,Negative
568093497431101440,2015-02-18T17:03:39Z,2015-02-18,17,Wednesday,thaterikperson,Southwest,"@SouthwestAir I have a flight to Vegas coming up soon, but haven’t received any drink tickets Late Flightly. Can you help me out?","USER i have a flight to vegas coming up soon, but haven’t received any drink tickets late flightly. can you help me out?",user flight vega coming soon received drink ticket late flightly help,0,129,24,Neutral,0.387597,0.591982,0.020421,-0.367176,Neutral
568095440517754881,2015-02-18T17:11:22Z,2015-02-18,17,Wednesday,chrisdpatton,Virgin America,"@VirginAmerica , am I dreaming? Did you really just open up a route between Dallas and Austin?! And does this mean Houston might be next?","USER , am i dreaming? did you really just open up a route between dallas and austin?! and does this mean houston might be next?",user dreaming really open route dallas austin mean houston might next,0,137,24,Positive,0.08504,0.864627,0.050333,-0.034706,Neutral
568095956866093057,2015-02-18T17:13:25Z,2015-02-18,17,Wednesday,thereal_snl,United,@united if I have credit from a flight I Cancelled Flightled does the new flt have to be booked by 1 yr from orig purchase date or flown by that date?,USER if i have credit from a flight i cancelled flightled does the new flt have to be booked by NUMBER yr from orig purchase date or flown by that date?,user credit flight cancelled flightled new flt booked number yr orig purchase date flown date,0,150,31,Neutral,0.089551,0.884494,0.025956,-0.063595,Neutral
568098977545134080,2015-02-18T17:25:25Z,2015-02-18,17,Wednesday,lauragina,Southwest,.@SouthwestAir 3 days &amp; still not home. Not even off the ground. 3. Days. #PastMyPatienceExpirationDate,. USER NUMBER days &amp; still not home. not even off the ground. NUMBER . days. #pastmypatienceexpirationdate,user number day amp still home even ground number day pastmypatienceexpirationdate,0,107,15,Negative,0.900043,0.092025,0.007932,-0.892112,Negative
568100257931747328,2015-02-18T17:30:30Z,2015-02-18,17,Wednesday,jtwiegele,Virgin America,@VirginAmerica has the most INCREDIBLE customer service I've ever experienced! So refreshing!,USER has the most incredible customer service i've ever experienced! so refreshing!,user incredible customer service ever experienced refreshing,0,93,13,Positive,0.005493,0.008706,0.985801,0.980308,Positive
568100786657316864,2015-02-18T17:32:36Z,2015-02-18,17,Wednesday,jpals32,Delta,@JetBlue you're welcome 👍👍👍 http://t.co/67k4N9eQ6E,USER you're welcome 👍👍👍 URL,user welcome url,0,50,8,Positive,0.003103,0.019448,0.977449,0.974346,Positive
568102992110465025,2015-02-18T17:41:22Z,2015-02-18,17,Wednesday,joshto,Delta,@JetBlue Will do. Thanks!,USER will do. thanks!,user thanks,0,25,4,Positive,0.010599,0.125643,0.863758,0.853159,Positive
568103735827804160,2015-02-18T17:44:20Z,2015-02-18,17,Wednesday,karima_hersi,Southwest,@SouthwestAir give me tickets to the atlanta show and I'll roadtrip from Canada!! Deal? 😆,USER give me tickets to the atlanta show and i'll roadtrip from canada!! deal? 😆,user give ticket atlanta show roadtrip canada deal,0,89,15,Neutral,0.003565,0.202672,0.793762,0.790197,Positive
568104264733573122,2015-02-18T17:46:26Z,2015-02-18,17,Wednesday,onewil,Virgin America,@VirginAmerica sad to learn you no longer fly SFO &gt; PHL. Hope it returns!,USER sad to learn you no longer fly sfo &gt; phl. hope it returns!,user sad learn longer fly sfo gt phl hope return,0,76,14,Negative,0.709393,0.261119,0.029488,-0.679905,Negative
568104519633993728,2015-02-18T17:47:27Z,2015-02-18,17,Wednesday,reaganroy,Virgin America,@VirginAmerica adds Austin-Dallas Love Field route. http://t.co/XWJoL55FLH http://t.co/Y8AOrMfkaC,USER adds austin-dallas love field route. URL URL,user add love field route url url,1,97,15,Neutral,0.003161,0.86914,0.1277,0.124539,Neutral
568104590387884032,2015-02-18T17:47:43Z,2015-02-18,17,Wednesday,laynehillesland,US Airways,"@USAirways Spoke on the phone 3 or 4 times, but no resolution. I'm still waiting to get my money back but now prices are jacked up","USER spoke on the phone NUMBER or NUMBER times, but no resolution. i'm still waiting to get my money back but now prices are jacked up",user spoke phone number number time resolution still waiting get money back price jacked,0,130,27,Negative,0.892823,0.100315,0.006862,-0.885962,Negative
568105844174397440,2015-02-18T17:52:42Z,2015-02-18,17,Wednesday,karima_hersi,Southwest,@SouthwestAir lemme come to #DestinationDragons 😭😭😭 this university student could use a break from all these books.,USER lemme come to #destinationdragons 😭😭😭 this university student could use a break from all these books.,user lem come destinationdragons university student could use break book,0,115,16,Neutral,0.441904,0.389007,0.16909,-0.272814,Negative
568107058605608960,2015-02-18T17:57:32Z,2015-02-18,17,Wednesday,oj27canelo,Southwest,@SouthwestAir Thank you.,USER thank you.,user thank,0,24,3,Neutral,0.012132,0.11886,0.869008,0.856876,Positive
568109565796958209,2015-02-18T18:07:30Z,2015-02-18,18,Wednesday,c9n0thing,United,"@united Yeah, bag is on the way. As per usual. I'm actually getting used to getting it delivered to me, its kind of nice in a sense.","USER yeah, bag is on the way. as per usual. i'm actually getting used to getting it delivered to me, its kind of nice in a sense.",user yeah bag way per usual actually getting used getting delivered kind nice sense,0,132,28,Negative,0.005112,0.057077,0.937811,0.932699,Positive
568110095646781440,2015-02-18T18:09:36Z,2015-02-18,18,Wednesday,brendanpshannon,Southwest,"5 hour delay = shortly?“@SouthwestAir: @brendanpshannon Brendan, we are so sorry to keep you waiting. We'll have you in the air shortly!^RS”","NUMBER hour delay = shortly?“ USER : USER brendan, we are so sorry to keep you waiting. we'll have you in the air shortly!^rs”",number hour delay shortly user user brendan sorry keep waiting air shortly,0,140,24,Negative,0.771214,0.209192,0.019594,-0.75162,Negative
568112232208293889,2015-02-18T18:18:05Z,2015-02-18,18,Wednesday,musjew2darescue,US Airways,@USAirways why would you board ppl on a plane b4 its their turn to de-ice? Why would you have ppl then wait through the hour long process?,USER why would you board ppl on a plane b4 its their turn to de-ice? why would you have ppl then wait through the hour long process?,user would board ppl plane turn would ppl wait hour long process,0,138,28,Negative,0.713494,0.27789,0.008617,-0.704877,Negative
568113601480757248,2015-02-18T18:23:32Z,2015-02-18,18,Wednesday,musjew2darescue,US Airways,"@USAirways I don't mind waiting, I mind waiting on a plane, when I shouldn't have had to. The airport has more room and you know.. food!","USER i don't mind waiting, i mind waiting on a plane, when i shouldn't have had to. the airport has more room and you know.. food!",user mind waiting mind waiting plane airport room know food,0,136,28,Negative,0.108372,0.385814,0.505814,0.397443,Positive
568116088631791616,2015-02-18T18:33:25Z,2015-02-18,18,Wednesday,maxwellamooney,Delta,"@JetBlue also. Emergency exit seats. 6'2"" and that's a huge win.","USER also. emergency exit seats. NUMBER ' NUMBER "" and that's a huge win.",user also emergency exit seat number number huge win,0,64,13,Positive,0.009152,0.119059,0.871789,0.862637,Positive
568120102660341760,2015-02-18T18:49:22Z,2015-02-18,18,Wednesday,ctpsts,Virgin America,@VirginAmerica I luv ur people and product! 1 thing is y do u charge for herbal tea but not black tea? I'm not a caffeine drinker,USER i luv ur people and product! NUMBER thing is y do u charge for herbal tea but not black tea? i'm not a caffeine drinker,user luv ur people product number thing charge herbal tea black tea caffeine drinker,0,129,27,Positive,0.050897,0.152258,0.796846,0.745949,Positive
568122723915862016,2015-02-18T18:59:47Z,2015-02-18,18,Wednesday,elimae724,Virgin America,@VirginAmerica is helping me step up my @Tinder game! #TinderTips #tinderchamp http://t.co/jBmVVha63A,USER is helping me step up my USER game! #tindertips #tinderchamp URL,user helping step user game tindertips tinderchamp url,0,101,15,Neutral,0.002133,0.038277,0.95959,0.957458,Positive
568123098546843648,2015-02-18T19:01:16Z,2015-02-18,19,Wednesday,lymanm8,United,"@united if u miss first leg of ur flight, you have to pay hundreds of $'s just to keep your second leg? How much to keep my earned miles?","USER if u miss first leg of ur flight, you have to pay hundreds of $'s just to keep your second leg? how much to keep my earned miles?",user miss first leg ur flight pay hundred keep second leg much keep earned mile,0,137,29,Negative,0.703165,0.287629,0.009205,-0.69396,Negative
568128390487789568,2015-02-18T19:22:18Z,2015-02-18,19,Wednesday,gnarlsgnarley,Delta,@JetBlue thanks. Line moved quick. Already done.,USER thanks. line moved quick. already done.,user thanks line moved quick already done,0,48,7,Positive,0.006595,0.124186,0.869219,0.862623,Positive
568129848910204929,2015-02-18T19:28:05Z,2015-02-18,19,Wednesday,theo,United,@united Just had the worst experience ever flying with you,USER just had the worst experience ever flying with you,user worst experience ever flying,1,58,10,Negative,0.950587,0.044531,0.004882,-0.945705,Negative
568129940371214336,2015-02-18T19:28:27Z,2015-02-18,19,Wednesday,navydocdro,US Airways,@USAirways would it kill you to give me 30-60 seconds of bad muzak instead of constant commercials while on hold?,USER would it kill you to give me NUMBER - NUMBER seconds of bad muzak instead of constant commercials while on hold?,user would kill give number number second bad muzak instead constant commercial hold,0,113,21,Negative,0.88924,0.104498,0.006262,-0.882978,Negative
568132935037132800,2015-02-18T19:40:21Z,2015-02-18,19,Wednesday,matthew,Virgin America,@VirginAmerica Your back of seat entertainment system does not accept credit cards that have an apostrophe in the surname. #apostrophefail,USER your back of seat entertainment system does not accept credit cards that have an apostrophe in the surname. #apostrophefail,user back seat entertainment system accept credit card apostrophe surname apostrophefail,0,138,20,Negative,0.899922,0.093492,0.006586,-0.893336,Negative
568133255410671617,2015-02-18T19:41:38Z,2015-02-18,19,Wednesday,boruch_1,United,@united @ShulemStern @gg8929 Raise a dispute with your cc provider and they will hopefully clear it for you.,USER USER USER raise a dispute with your cc provider and they will hopefully clear it for you.,user user user raise dispute cc provider hopefully clear,0,108,18,Neutral,0.07835,0.830684,0.090967,0.012617,Neutral
568134211493695488,2015-02-18T19:45:26Z,2015-02-18,19,Wednesday,danachristos,Southwest,@SouthwestAir @karajusto OK we will! Thank you!!!,USER USER ok we will! thank you!!!,user user ok thank,0,49,7,Positive,0.003607,0.042313,0.95408,0.950472,Positive
568135523530899456,2015-02-18T19:50:38Z,2015-02-18,19,Wednesday,kthrngllcksn,United,@united flight 5431,USER flight NUMBER,user flight number,0,19,3,Neutral,0.025122,0.858712,0.116165,0.091043,Neutral
568138663864852481,2015-02-18T20:03:07Z,2015-02-18,20,Wednesday,bigdavew2k,US Airways,"@USAirways so mad I can't even believe you guys Cancelled Flight my connecting flight after I leave the first stop, &amp; give me a useless hotel voucher","USER so mad i can't even believe you guys cancelled flight my connecting flight after i leave the first stop, &amp; give me a useless hotel voucher",user mad ca even believe guy cancelled flight connecting flight leave first stop amp give useless hotel voucher,0,153,28,Negative,0.949951,0.045572,0.004477,-0.945474,Negative
568139144515313664,2015-02-18T20:05:02Z,2015-02-18,20,Wednesday,bigdavew2k,US Airways,@USAirways I have to spend more than the cost of the flight just to get a free room and transportation to and from the airport,USER i have to spend more than the cost of the flight just to get a free room and transportation to and from the airport,user spend cost flight get free room transportation airport,0,126,25,Negative,0.265731,0.652033,0.082237,-0.183494,Neutral
568140010458894338,2015-02-18T20:08:28Z,2015-02-18,20,Wednesday,gabrielladago,Virgin America,"@VirginAmerica thank goodness!! Also, see you friday, nwk&gt;sf.. BOOM!","USER thank goodness!! also, see you friday, nwk&gt;sf.. boom!",user thank goodness also see friday nwk gt sf boom,0,71,11,Positive,0.001621,0.010544,0.987834,0.986213,Positive
568140506116571136,2015-02-18T20:10:26Z,2015-02-18,20,Wednesday,rhodseym,United,"@united sweet, follow back and I'll get the dm off","USER sweet, follow back and i'll get the dm off",user sweet follow back get dm,0,50,11,Positive,0.00858,0.213452,0.777968,0.769387,Positive
568141720556322816,2015-02-18T20:15:16Z,2015-02-18,20,Wednesday,tayyp_,US Airways,"@USAirways I been sitting on this plane for 40 minutes, and they are saying another 15 minutes something about paper work. This sucks !!","USER i been sitting on this plane for NUMBER minutes, and they are saying another NUMBER minutes something about paper work. this sucks !!",user sitting plane number minute saying another number minute something paper work suck,0,136,23,Negative,0.93652,0.055716,0.007764,-0.928756,Negative
568144330268868608,2015-02-18T20:25:38Z,2015-02-18,20,Wednesday,jsamaudio,Virgin America,@VirginAmerica no A's channel this year?,USER no a's channel this year?,user channel year,0,40,7,Neutral,0.298534,0.686908,0.014558,-0.283975,Neutral
568146157534367744,2015-02-18T20:32:54Z,2015-02-18,20,Wednesday,wmrrock,Virgin America,@VirginAmerica got it. All set - Thanks!,USER got it. all set - thanks!,user got set thanks,0,40,6,Positive,0.00398,0.16068,0.83534,0.831361,Positive
568147483269971969,2015-02-18T20:38:10Z,2015-02-18,20,Wednesday,brian_fox,Southwest,@southwestair is your companion pass broken today? purchase.error.INVALID_LOYALTY_MEMBER_ACCOUNT_STATUS (SW900001-vyiL1XKlROG24fS-918j_A),USER is your companion pass broken today? purchase.error.invalid_loyalty_member_account_status (sw900001-vyil1xklrog24fs-918j_a),user companion pas broken today,0,137,13,Neutral,0.896567,0.098148,0.005285,-0.891282,Negative
568148807684198401,2015-02-18T20:43:26Z,2015-02-18,20,Wednesday,neetz4,Southwest,@SouthwestAir thanks for the follow up. So glad to get my bag back.,USER thanks for the follow up. so glad to get my bag back.,user thanks follow glad get bag back,0,67,13,Positive,0.003796,0.01704,0.979163,0.975367,Positive
568153823581216768,2015-02-18T21:03:21Z,2015-02-18,21,Wednesday,thedanband,Delta,"@JetBlue yes, but it hurt my feelings to walk by MINT. A fella can dream. #happy4them","USER yes, but it hurt my feelings to walk by mint. a fella can dream. #happy4them",user yes hurt feeling walk mint fella dream,0,85,16,Neutral,0.218575,0.342161,0.439264,0.220689,Positive
568157680696729600,2015-02-18T21:18:41Z,2015-02-18,21,Wednesday,pace6445,Virgin America,@VirginAmerica your website sucks donkey dicks. Just thought you should know. All best.,USER your website sucks donkey dicks. just thought you should know. all best.,user website suck donkey dick thought know best,0,87,13,Negative,0.949804,0.044124,0.006073,-0.943731,Negative
568162673981943808,2015-02-18T21:38:32Z,2015-02-18,21,Wednesday,bigdavew2k,US Airways,@USAirways started trying to reach a real person over an hour ago still no luck,USER started trying to reach a real person over an hour ago still no luck,user started trying reach real person hour ago still luck,0,79,15,Negative,0.672787,0.307732,0.019481,-0.653306,Negative
568166054624669696,2015-02-18T21:51:58Z,2015-02-18,21,Wednesday,georgemcflyog,United,@united thanks for not letting me switch flights Bc I had a checked bag then Cancelled Flighting my flight forcing me to take another 3 hrs Late Flightr!,USER thanks for not letting me switch flights bc i had a checked bag then cancelled flighting my flight forcing me to take another NUMBER hrs late flightr!,user thanks letting switch flight bc checked bag cancelled flighting flight forcing take another number hr late flightr,0,153,28,Negative,0.899707,0.094474,0.00582,-0.893887,Negative
568169379613032448,2015-02-18T22:05:10Z,2015-02-18,22,Wednesday,missyw2you,Southwest,"@SouthwestAir are bicycles that the 62"", 50lbs criteria free or bikes are automatically $75/each way? The FAQ page isn't very clear to me.","USER are bicycles that the NUMBER "", 50lbs criteria free or bikes are automatically $ NUMBER /each way? the faq page isn't very clear to me.",user bicycle number criterion free bike automatically number way faq page clear,0,138,25,Negative,0.248084,0.735965,0.015951,-0.232134,Neutral
568170840174538752,2015-02-18T22:10:59Z,2015-02-18,22,Wednesday,qlyss8,United,"“@united: @qlyss8 We don't want our customers to be frustrated. Thank you for your patience. ^JT” A lovely sentiment, but not a $180 one.","“ USER : USER we don't want our customers to be frustrated. thank you for your patience. ^jt” a lovely sentiment, but not a $ NUMBER one.",user user want customer frustrated thank patience lovely sentiment number one,0,137,25,Negative,0.213597,0.422822,0.363581,0.149984,Neutral
568171144504872961,2015-02-18T22:12:11Z,2015-02-18,22,Wednesday,kurt_wirth,US Airways,"@USAirways Thanks for showing interest...3880 to Greenville, SC.","USER thanks for showing interest... NUMBER to greenville, sc.",user thanks showing interest number greenville sc,0,64,9,Negative,0.002623,0.068873,0.928504,0.925881,Positive
568173792406740994,2015-02-18T22:22:42Z,2015-02-18,22,Wednesday,mcontrerasnyc,Delta,@JetBlue PR-friendly tweets don't help drive accountability. Hope Mr. Hayes takes note.,USER pr-friendly tweets don't help drive accountability. hope mr. hayes takes note.,user tweet help drive accountability hope hayes take note,0,87,14,Negative,0.807089,0.184121,0.008789,-0.7983,Negative
568176390325075968,2015-02-18T22:33:02Z,2015-02-18,22,Wednesday,edgarsantana,Delta,@JetBlue glad u happy I have my bag but as a traveler I entrusted u w/ my property &amp; u return it damaged &amp; that's the best answer u have?,USER glad u happy i have my bag but as a traveler i entrusted u w/ my property &amp; u return it damaged &amp; that's the best answer u have?,user glad happy bag traveler entrusted property amp return damaged amp best answer,0,145,31,Negative,0.328913,0.474304,0.196783,-0.13213,Neutral
568177882620661760,2015-02-18T22:38:58Z,2015-02-18,22,Wednesday,edgarsantana,Delta,@JetBlue U say our safety is our highest priority but that doesn't extend 2 our property? This is totally nuts. http://t.co/xZY7pHKFGR,USER u say our safety is our highest priority but that doesn't extend NUMBER our property? this is totally nuts. URL,user say safety highest priority extend number property totally nut url,0,134,25,Negative,0.857052,0.133957,0.008991,-0.848061,Negative
568180264914051072,2015-02-18T22:48:26Z,2015-02-18,22,Wednesday,dalyrt5,Southwest,"@SouthwestAir @Imaginedragons @beatsmusic well timed tweet, just boarded and will be listening on my way home!","USER USER USER well timed tweet, just boarded and will be listening on my way home!",user user user well timed tweet boarded listening way home,0,110,16,Positive,0.002646,0.037179,0.960175,0.957529,Positive
568181761114546176,2015-02-18T22:54:22Z,2015-02-18,22,Wednesday,edgarsantana,Delta,@JetBlue u now have my gears grinding. The JFK baggage office told me I need to bring the bag back right now if not they will close my claim,USER u now have my gears grinding. the jfk baggage office told me i need to bring the bag back right now if not they will close my claim,user gear grinding jfk baggage office told need bring bag back right close claim,0,140,29,Negative,0.680435,0.296639,0.022926,-0.657508,Negative
568183137467043840,2015-02-18T22:59:50Z,2015-02-18,22,Wednesday,val_mack,Southwest,@SouthwestAir thx - fingers crossed they are found.,USER thx - fingers crossed they are found.,user thx finger crossed found,0,51,7,Positive,0.019241,0.27918,0.701578,0.682337,Positive
568183277774868480,2015-02-18T23:00:24Z,2015-02-18,23,Wednesday,2hats1mike,Southwest,@SouthwestAir Do you anticipate any Cancelled Flightlations for flights out of Nashville tomorrow? Thank you!,USER do you anticipate any cancelled flightlations for flights out of nashville tomorrow? thank you!,user anticipate cancelled flightlations flight nashville tomorrow thank,0,109,15,Neutral,0.017619,0.885309,0.097072,0.079453,Neutral
568184231819481088,2015-02-18T23:04:11Z,2015-02-18,23,Wednesday,geekydewd,United,"@united can't DM, you're not following. LLY144. Rebooked on #UA1516 but still need seats.","USER can't dm, you're not following. lly144. rebooked on #ua1516 but still need seats.",user ca dm following rebooked still need seat,0,89,16,Negative,0.687584,0.30327,0.009146,-0.678437,Negative
568187636449472513,2015-02-18T23:17:43Z,2015-02-18,23,Wednesday,kristen_19,United,"@united thanks. Weather is understandable, but when every single domestic flight is delayed because of inbound int'l flights, it's crazy","USER thanks. weather is understandable, but when every single domestic flight is delayed because of inbound int'l flights, it's crazy",user thanks weather understandable every single domestic flight delayed inbound int flight crazy,0,136,22,Negative,0.533178,0.420232,0.04659,-0.486588,Negative
568188415524642816,2015-02-18T23:20:49Z,2015-02-18,23,Wednesday,kristen_19,United,@united it's almost like we're punished for living near a large metro area. EWR was top ranked for domestic delays. Not good,USER it's almost like we're punished for living near a large metro area. ewr was top ranked for domestic delays. not good,user almost like punished living near large metro area ewr top ranked domestic delay good,0,124,24,Negative,0.917608,0.076823,0.005568,-0.91204,Negative
568190250377461760,2015-02-18T23:28:06Z,2015-02-18,23,Wednesday,kaneshow,Southwest,YO! @InternJohnRadio @mrerickv give @SouthwestAir their plane back. They're mad &amp; threatening to take away my Companion Pass. #Luv,yo! USER USER give USER their plane back. they're mad &amp; threatening to take away my companion pass. #luv,yo user user give user plane back mad amp threatening take away companion pas luv,1,134,20,Neutral,0.899435,0.087536,0.013029,-0.886406,Negative
568191101087019008,2015-02-18T23:31:29Z,2015-02-18,23,Wednesday,travelnube,Southwest,@SouthwestAir Please update your website,USER please update your website,user please update website,0,40,5,Negative,0.058489,0.867918,0.073594,0.015105,Neutral
568193116437483520,2015-02-18T23:39:30Z,2015-02-18,23,Wednesday,franks105,Virgin America,@VirginAmerica you should have 39 dollar LAX-Las fares!!!,USER you should have NUMBER dollar lax-las fares!!!,user number dollar fare,0,57,9,Neutral,0.126599,0.601881,0.27152,0.144921,Neutral
568194770524221440,2015-02-18T23:46:04Z,2015-02-18,23,Wednesday,questions_faith,United,@united now we are trying to get to San Juan from Chicago O'Hare. Having lots of problems. May get a standby flight.,USER now we are trying to get to san juan from chicago o'hare. having lots of problems. may get a standby flight.,user trying get san juan chicago lot problem may get standby flight,0,116,23,Negative,0.766887,0.223611,0.009501,-0.757386,Negative
568199730989174784,2015-02-19T00:05:47Z,2015-02-19,0,Thursday,timlopez,Virgin America,@VirginAmerica Really? Sprint? I thought you guys were 'kewl'! 0_0,USER really? sprint? i thought you guys were 'kewl'! 0_0,user really sprint thought guy,0,66,10,Neutral,0.250053,0.474837,0.27511,0.025057,Neutral
568200350697717760,2015-02-19T00:08:14Z,2015-02-19,0,Thursday,od2be2003,US Airways,@USAirways you run a piece of shit airline!! Thanks for ruining AA,USER you run a piece of shit airline!! thanks for ruining aa,user run piece shit airline thanks ruining aa,0,66,12,Negative,0.960361,0.034205,0.005434,-0.954928,Negative
568203174198284288,2015-02-19T00:19:28Z,2015-02-19,0,Thursday,pointsguy,Virgin America,@VirginAmerica announced New Route to Austin w/fares from $39/way. http://t.co/gA8pbamu0C,USER announced new route to austin w/fares from $ NUMBER /way. URL,user announced new route austin number url,3,89,15,Neutral,0.003401,0.833581,0.163017,0.159616,Neutral
568203709802532864,2015-02-19T00:21:35Z,2015-02-19,0,Thursday,junkyardfiegs,Delta,@JetBlue C'mon now. My flight's delayed annnnnd you can't give me a pick?!? I'm about to tweet at @united or @Delta .......,USER c'mon now. my flight's delayed annnnnd you can't give me a pick?!? i'm about to tweet at USER or USER .......,user flight delayed annnnnd ca give pick tweet user user,0,123,25,Negative,0.911007,0.083637,0.005356,-0.905652,Negative
568204138091307008,2015-02-19T00:23:17Z,2015-02-19,0,Thursday,justogg,United,"@united, UA1641 EWR-MCO 17 Feb wifi never connected but allowed me to purchase access twice &amp; charged me. Who do I need to file claim with?","USER , ua1641 ewr-mco NUMBER feb wifi never connected but allowed me to purchase access twice &amp; charged me. who do i need to file claim with?",user number feb wifi never connected allowed purchase access twice amp charged need file claim,0,143,27,Negative,0.661211,0.329951,0.008838,-0.652373,Negative
568206634758983681,2015-02-19T00:33:13Z,2015-02-19,0,Thursday,alealmrivas,Delta,@JetBlue u suck Big Donkey Balls!,USER u suck big donkey balls!,user suck big donkey ball,0,33,6,Negative,0.94119,0.04823,0.01058,-0.930609,Negative
568208666035417088,2015-02-19T00:41:17Z,2015-02-19,0,Thursday,rachellcoppola,Delta,@JetBlue I have many allergies and want to know if I can bring an 8oz. bottle of Benadryl on the flight along with my 2 epipens?,USER i have many allergies and want to know if i can bring an 8oz. bottle of benadryl on the flight along with my NUMBER epipens?,user many allergy want know bring bottle benadryl flight along number epipens,0,128,26,Neutral,0.398169,0.547894,0.053937,-0.344232,Neutral
568209287517835265,2015-02-19T00:43:45Z,2015-02-19,0,Thursday,nicktypeswords,Delta,"It really is nice, though. The snack fridge…that you can just get up and take stuff out, like a dorm common room, is genius. @JetBlue","it really is nice, though. the snack fridge…that you can just get up and take stuff out, like a dorm common room, is genius. USER",really nice though snack get take stuff like dorm common room genius user,4,133,26,Positive,0.00552,0.044468,0.950012,0.944492,Positive
568210087212388353,2015-02-19T00:46:56Z,2015-02-19,0,Thursday,livvyports16,Southwest,@SouthwestAir @Imaginedragons any info on #DestinationDragons ?? me &amp; @sammi_jon3s need to know..,USER USER any info on #destinationdragons ?? me &amp; USER need to know..,user user info destinationdragons amp user need know,1,101,12,Neutral,0.01567,0.815807,0.168523,0.152853,Neutral
568212443433865217,2015-02-19T00:56:18Z,2015-02-19,0,Thursday,cosmicghoul,Southwest,@SouthwestAir it keeps saying that mobile boarding passes are unavailable despite having checked in and everything,USER it keeps saying that mobile boarding passes are unavailable despite having checked in and everything,user keep saying mobile boarding pass unavailable despite checked everything,0,114,16,Negative,0.639377,0.347779,0.012844,-0.626533,Negative
568214091229224960,2015-02-19T01:02:50Z,2015-02-19,1,Thursday,hill43,Delta,@JetBlue ANYWHERE!! http://t.co/FeFHPmFPlE,USER anywhere!! URL,user anywhere url,0,42,6,Neutral,0.02309,0.560511,0.416399,0.39331,Neutral
568216286561374208,2015-02-19T01:11:34Z,2015-02-19,1,Thursday,contimike,Virgin America,@VirginAmerica I am in seat 4C and I cannot even open my laptop; and I paid extra for this seat!!,USER i am in seat 4c and i cannot even open my laptop; and i paid extra for this seat!!,user seat even open laptop paid extra seat,0,97,20,Negative,0.87452,0.110238,0.015241,-0.859279,Negative
568218962833461248,2015-02-19T01:22:12Z,2015-02-19,1,Thursday,contimike,Virgin America,@VirginAmerica I cannot even open my laptop in seat 4C and I paid a premium for this?!! Let me out of here!,USER i cannot even open my laptop in seat 4c and i paid a premium for this?!! let me out of here!,user even open laptop seat paid premium let,0,107,22,Negative,0.917,0.07551,0.00749,-0.909511,Negative
568220169803325440,2015-02-19T01:27:00Z,2015-02-19,1,Thursday,rabbilaufer,Delta,"@JetBlue 1472, FLL to LGA. This is getting old. 4th @JetBlue flight in 2.5 weeks, 4th significant delay.","USER NUMBER , fll to lga. this is getting old. 4th USER flight in NUMBER weeks, 4th significant delay.",user number fll lga getting old user flight number week significant delay,0,104,19,Negative,0.899748,0.092896,0.007355,-0.892393,Negative
568220487500709889,2015-02-19T01:28:15Z,2015-02-19,1,Thursday,galanthusn,Southwest,"@SouthwestAir could care more about their customer, if there is a reasonable request :(","USER could care more about their customer, if there is a reasonable request :(",user could care customer reasonable request,0,87,13,Negative,0.837038,0.147593,0.015369,-0.821669,Negative
568221088750161920,2015-02-19T01:30:39Z,2015-02-19,1,Thursday,rabbilaufer,Delta,@JetBlue They told us 10 minutes almost 40 minutes ago.,USER they told us NUMBER minutes almost NUMBER minutes ago.,user told u number minute almost number minute ago,0,55,10,Negative,0.074548,0.890584,0.034868,-0.039679,Neutral
568225166527991808,2015-02-19T01:46:51Z,2015-02-19,1,Thursday,sara_regis19,US Airways,@USAirways I would be willing to pay anything to change a flight! @AllegiantTravel does not! help!,USER i would be willing to pay anything to change a flight! USER does not! help!,user would willing pay anything change flight user help,0,98,16,Negative,0.896025,0.092529,0.011446,-0.884579,Negative
568227390566109184,2015-02-19T01:55:41Z,2015-02-19,1,Thursday,jpagano11,Southwest,@SouthwestAir do new flights come out at midnight?,USER do new flights come out at midnight?,user new flight come midnight,0,50,8,Neutral,0.011107,0.966989,0.021904,0.010797,Neutral
568228052485812225,2015-02-19T01:58:19Z,2015-02-19,1,Thursday,monia,Delta,@JetBlue is yr site having trouble for mobile check in ?,USER is yr site having trouble for mobile check in ?,user yr site trouble mobile check,0,56,10,Neutral,0.512324,0.474359,0.013317,-0.499007,Negative
568235890205532160,2015-02-19T02:29:28Z,2015-02-19,2,Thursday,cakurth,US Airways,@USAirways please follow me so I can DM you about something,USER please follow me so i can dm you about something,user please follow dm something,0,59,11,Neutral,0.012153,0.847264,0.140582,0.128429,Neutral
568238725626355712,2015-02-19T02:40:44Z,2015-02-19,2,Thursday,vassko,United,@united this is not what captain said! Your 820pm flight to San Francisco is delayed due to weather. UA1416 now departs ....#failagain,USER this is not what captain said! your 820pm flight to san francisco is delayed due to weather. ua1416 now departs ....#failagain,user captain said flight san francisco delayed due weather departs failagain,0,134,22,Negative,0.912626,0.082217,0.005157,-0.907469,Negative
568239330168315905,2015-02-19T02:43:08Z,2015-02-19,2,Thursday,justrhinoceros,Delta,@JetBlue it says it is now 9:58 you owe me,USER it says it is now NUMBER : NUMBER you owe me,user say number number owe,0,42,11,Negative,0.139248,0.833476,0.027277,-0.111971,Neutral
568240364315783168,2015-02-19T02:47:14Z,2015-02-19,2,Thursday,edzme,Virgin America,@VirginAmerica Can I get some help with a support ticket? It's been 15 days.... Incident: 150202-000419 Thank you!,USER can i get some help with a support ticket? it's been NUMBER days.... incident: NUMBER - NUMBER thank you!,user get help support ticket number day incident number number thank,0,114,20,Negative,0.040293,0.599404,0.360303,0.32001,Neutral
568241382776635392,2015-02-19T02:51:17Z,2015-02-19,2,Thursday,tostie,Delta,"@JetBlue My mother had overheard a personnel ask the attendant if ""the passengers really knew what was going on"" and the attendant said no.","USER my mother had overheard a personnel ask the attendant if ""the passengers really knew what was going on"" and the attendant said no.",user mother overheard personnel ask attendant passenger really knew going attendant said,0,139,24,Negative,0.323676,0.662901,0.013423,-0.310252,Neutral
568245360998658048,2015-02-19T03:07:06Z,2015-02-19,3,Thursday,georgettepierre,Virgin America,@VirginAmerica thank you,USER thank you,user thank,0,24,3,Positive,0.011976,0.11927,0.868754,0.856778,Positive
568257389402710016,2015-02-19T03:54:54Z,2015-02-19,3,Thursday,140justinc,United,@united ok thanks! Where are you counters located? And how Late Flight are they open?,USER ok thanks! where are you counters located? and how late flight are they open?,user ok thanks counter located late flight open,0,85,15,Neutral,0.010476,0.738793,0.250731,0.240256,Neutral
568258093051727873,2015-02-19T03:57:41Z,2015-02-19,3,Thursday,gregg_silver,US Airways,@USAirways just noticed that I don't believe I saw a confirmation for a flight I bought a few weeks ago. Def paid though. #help #resend?,USER just noticed that i don't believe i saw a confirmation for a flight i bought a few weeks ago. def paid though. #help #resend?,user noticed believe saw confirmation flight bought week ago def paid though help resend,0,136,26,Neutral,0.681882,0.306077,0.012041,-0.669842,Negative
568258545772335104,2015-02-19T03:59:29Z,2015-02-19,3,Thursday,140justinc,United,@united that's of course in lax,USER that's of course in lax,user course lax,0,31,7,Neutral,0.074467,0.80968,0.115853,0.041386,Neutral
568265475114663936,2015-02-19T04:27:01Z,2015-02-19,4,Thursday,grath57,United,@united My flying United is over...sorry. The Captain still had 20 minutes of pre-flight preparations to make while we sat with no air!,USER my flying united is over...sorry. the captain still had NUMBER minutes of pre-flight preparations to make while we sat with no air!,user flying united sorry captain still number minute preparation make sat air,0,135,25,Negative,0.62509,0.34228,0.03263,-0.59246,Negative
568265552583479296,2015-02-19T04:27:20Z,2015-02-19,4,Thursday,mikeb51431,Virgin America,@VirginAmerica when are you flying to hawaii,USER when are you flying to hawaii,user flying hawaii,0,44,7,Neutral,0.011829,0.941864,0.046307,0.034479,Neutral
568266994069295105,2015-02-19T04:33:03Z,2015-02-19,4,Thursday,kdfsmith,Southwest,@SouthwestAir only 1 guest needs to change a flight on a reservation of 2. How can I do it? I NEED this to happen. Say it can...Please help!,USER only NUMBER guest needs to change a flight on a reservation of NUMBER . how can i do it? i need this to happen. say it can...please help!,user number guest need change flight reservation number need happen say please help,0,140,29,Neutral,0.423755,0.472977,0.103268,-0.320487,Neutral
568272715519561728,2015-02-19T04:55:48Z,2015-02-19,4,Thursday,dayrean,United,@united - ok noted. All details will be DM'ed to you shortly.,USER - ok noted. all details will be dm'ed to you shortly.,user ok noted detail shortly,0,61,12,Neutral,0.016185,0.531164,0.452651,0.436466,Neutral
568274752864948224,2015-02-19T05:03:53Z,2015-02-19,5,Thursday,sounddspainfull,Southwest,@SouthwestAir can i get tiks for #DestinationDragons omg id love to! Plz 😱❤️im dying,USER can i get tiks for #destinationdragons omg id love to! plz 😱❤️im dying,user get tiks destinationdragons omg id love plz dying,0,84,14,Positive,0.00467,0.018049,0.977281,0.97261,Positive
568276805972570112,2015-02-19T05:12:03Z,2015-02-19,5,Thursday,tiffanyhaverly,United,@united I can't tell/purchase through the website because they put us on a Lufthansa flight for the first leg.,USER i can't tell/purchase through the website because they put us on a lufthansa flight for the first leg.,user ca website put u lufthansa flight first leg,0,110,21,Negative,0.24523,0.734907,0.019863,-0.225367,Neutral
568279994876571649,2015-02-19T05:24:43Z,2015-02-19,5,Thursday,tloui143,Virgin America,@VirginAmerica Your planes are really pretty. Just thought u should know that. :),USER your planes are really pretty. just thought u should know that. :),user plane really pretty thought know,0,81,12,Positive,0.003549,0.014442,0.982009,0.978459,Positive
568280611552681985,2015-02-19T05:27:10Z,2015-02-19,5,Thursday,alafairburke,United,"@united if guy on flight 1230 follows through on threat to sue because he couldn’t carry on 3 bags, I will defend you for free.","USER if guy on flight NUMBER follows through on threat to sue because he couldn’t carry on NUMBER bags, i will defend you for free.",user guy flight number follows threat sue carry number bag defend free,0,127,26,Negative,0.620343,0.344737,0.03492,-0.585422,Negative
568303606710956032,2015-02-19T06:58:33Z,2015-02-19,6,Thursday,_raulll,Virgin America,@VirginAmerica omg omg😍😍 nonstop Dallas to Austin on virgin✨😱✈️,USER omg omg😍😍 nonstop dallas to austin on virgin✨😱✈️,user omg nonstop dallas austin,0,63,9,Positive,0.002791,0.033147,0.964062,0.961272,Positive
568328533421867008,2015-02-19T08:37:36Z,2015-02-19,8,Thursday,ellieinchicago,United,@united oh flight was fine. my lost luggage? not so much. looks like I'll be at least a half day Late Flight to my conference in Santa Monica...,USER oh flight was fine. my lost luggage? not so much. looks like i'll be at least a half day late flight to my conference in santa monica...,user oh flight fine lost luggage much look like least half day late flight conference santa monica,0,144,29,Negative,0.440871,0.471925,0.087204,-0.353667,Neutral
568356849189150721,2015-02-19T10:30:07Z,2015-02-19,10,Thursday,tomfutureforall,US Airways,@USAirways I received a brochure in the mail touting all the benefits of the advantage card with usa now merged...baggage included,USER i received a brochure in the mail touting all the benefits of the advantage card with usa now merged...baggage included,user received brochure mail touting benefit advantage card usa merged baggage included,0,130,22,Neutral,0.00598,0.284385,0.709636,0.703656,Positive
568373623737556992,2015-02-19T11:36:46Z,2015-02-19,11,Thursday,tomfutureforall,US Airways,@USAirways can they change to correct last name? Did via reservations already but said can't change ticket name..,USER can they change to correct last name? did via reservations already but said can't change ticket name..,user change correct last name via reservation already said ca change ticket name,0,113,19,Neutral,0.325363,0.659808,0.014829,-0.310534,Neutral
568380876855353344,2015-02-19T12:05:35Z,2015-02-19,12,Thursday,juntocaustic,Delta,@JetBlue Why wasn't a $15 service credit voucher I received for tv not working accepted on my next flight for a pillow?,USER why wasn't a $ NUMBER service credit voucher i received for tv not working accepted on my next flight for a pillow?,user number service credit voucher received tv working accepted next flight pillow,0,119,23,Negative,0.744353,0.245013,0.010634,-0.733718,Negative
568391084210036736,2015-02-19T12:46:09Z,2015-02-19,12,Thursday,tedreednc,Virgin America,@VirginAmerica CEO says #Southwest &amp; #jetblue have strayed from low cost model. http://t.co/96Sctomh29,USER ceo says #southwest &amp; #jetblue have strayed from low cost model. URL,user ceo say southwest amp jetblue strayed low cost model url,0,106,16,Neutral,0.227916,0.746661,0.025422,-0.202494,Neutral
568400398748266496,2015-02-19T13:23:10Z,2015-02-19,13,Thursday,akhanio,Delta,@JetBlue False - agent let us do an extra leg room upgrade for $ but not upgrade to mint. Poor business practices. #badcustomerservice,USER false - agent let us do an extra leg room upgrade for $ but not upgrade to mint. poor business practices. #badcustomerservice,user false agent let u extra leg room upgrade upgrade mint poor business practice badcustomerservice,0,134,21,Negative,0.888148,0.105882,0.00597,-0.882178,Negative
568417913914441728,2015-02-19T14:32:46Z,2015-02-19,14,Thursday,hirasmusbidragi,US Airways,@USAirways phone support rebooked but orig flt was Late Flight. Made it!,USER phone support rebooked but orig flt was late flight. made it!,user phone support rebooked orig flt late flight made,0,72,12,Negative,0.007768,0.278056,0.714176,0.706408,Positive
568423848732991488,2015-02-19T14:56:20Z,2015-02-19,14,Thursday,heartliss,US Airways,@USAirways that's it?!?!?,USER that's it?!?!?,user,0,25,4,Negative,0.117582,0.728877,0.15354,0.035958,Neutral
568424307031805952,2015-02-19T14:58:10Z,2015-02-19,14,Thursday,promitsanyal,United,@united that's what I have been told. But refund doesn't really makeup for the inconvenience caused and the missed meeting... Does it?,USER that's what i have been told. but refund doesn't really makeup for the inconvenience caused and the missed meeting... does it?,user told refund really makeup inconvenience caused missed meeting,0,134,24,Negative,0.661219,0.328393,0.010388,-0.65083,Negative
568424725929701376,2015-02-19T14:59:50Z,2015-02-19,14,Thursday,kamari102,Delta,@JetBlue I was so excited when I saw that you fly there! #ionlyflyblue,USER i was so excited when i saw that you fly there! #ionlyflyblue,user excited saw fly ionlyflyblue,0,70,13,Positive,0.002091,0.00891,0.988999,0.986909,Positive
568425693828132864,2015-02-19T15:03:40Z,2015-02-19,15,Thursday,alibessette,Delta,@JetBlue okay awesome! Thank you!,USER okay awesome! thank you!,user okay awesome thank,0,33,5,Positive,0.005328,0.013784,0.980889,0.975561,Positive
568429677779365888,2015-02-19T15:19:30Z,2015-02-19,15,Thursday,marshman240,Virgin America,@VirginAmerica gave a credit for my Late Flight flight yesterday. Great service !!!! That's a Wow moment! Unexpected gesture!,USER gave a credit for my late flight flight yesterday. great service !!!! that's a wow moment! unexpected gesture!,user gave credit late flight flight yesterday great service wow moment unexpected gesture,0,125,19,Positive,0.003711,0.00876,0.987529,0.983819,Positive
568431120032915457,2015-02-19T15:25:14Z,2015-02-19,15,Thursday,old_bauer,Delta,@JetBlue ruining vacations left and right. Who would have thought an airline can Cancelled Flight tickets without telling the buyer,USER ruining vacations left and right. who would have thought an airline can cancelled flight tickets without telling the buyer,user ruining vacation left right would thought airline cancelled flight ticket without telling buyer,0,131,20,Negative,0.926162,0.068955,0.004883,-0.921279,Negative
568432609866457088,2015-02-19T15:31:09Z,2015-02-19,15,Thursday,old_bauer,Delta,@JetBlue managers telling us to write a letter because we're upset about our tickets to leave tomorrow getting Cancelled Flightled without any notice,USER managers telling us to write a letter because we're upset about our tickets to leave tomorrow getting cancelled flightled without any notice,user manager telling u write letter upset ticket leave tomorrow getting cancelled flightled without notice,0,149,24,Negative,0.842279,0.151353,0.006368,-0.835911,Negative
568432638823772160,2015-02-19T15:31:16Z,2015-02-19,15,Thursday,itshosey,Southwest,@SouthwestAir great. My flight is delayed three hours. Now my friend has to wait for me at the airport for hours on her birthday. 😒👎,USER great. my flight is delayed three hours. now my friend has to wait for me at the airport for hours on her birthday. 😒👎,user great flight delayed three hour friend wait airport hour birthday,0,132,24,Negative,0.951489,0.043508,0.005003,-0.946487,Negative
568432782386466816,2015-02-19T15:31:50Z,2015-02-19,15,Thursday,chaduragt,United,"@united You need to change the way customer service is handled! I have been waiting for a supervisor to contact me for 17 days, what gives?","USER you need to change the way customer service is handled! i have been waiting for a supervisor to contact me for NUMBER days, what gives?",user need change way customer service handled waiting supervisor contact number day give,0,139,26,Negative,0.927341,0.065605,0.007054,-0.920286,Negative
568432918110064640,2015-02-19T15:32:23Z,2015-02-19,15,Thursday,scout_mb,United,@united the flt TO ORD is correct. Per my DM- it is the flight from ORD to CVG I was charged for incorrectly,USER the flt to ord is correct. per my dm- it is the flight from ord to cvg i was charged for incorrectly,user flt ord correct per flight ord cvg charged incorrectly,0,108,23,Negative,0.078048,0.85705,0.064901,-0.013147,Neutral
568435290722975745,2015-02-19T15:41:48Z,2015-02-19,15,Thursday,nickonken,United,"@united That doesn’t make any sense. I’ve been 1K for over 5 years, and you’re making it harder to keep me loyal.","USER that doesn’t make any sense. i’ve been 1k for over NUMBER years, and you’re making it harder to keep me loyal.",user make sense number year making harder keep loyal,0,113,25,Negative,0.885206,0.106504,0.00829,-0.876916,Negative
568435750485819392,2015-02-19T15:43:38Z,2015-02-19,15,Thursday,old_bauer,Delta,"@JetBlue Cancelled Flightling flights, sending out tickets, then not telling the buyer... #jetblue how is that allowed?","USER cancelled flightling flights, sending out tickets, then not telling the buyer... #jetblue how is that allowed?",user cancelled flightling flight sending ticket telling buyer jetblue allowed,0,119,17,Negative,0.882108,0.113191,0.004701,-0.877407,Negative
568448300325605377,2015-02-19T16:33:30Z,2015-02-19,16,Thursday,ktmboyle,Southwest,@SouthwestAir Can someone rebook me? Please direct message me.,USER can someone rebook me? please direct message me.,user someone rebook please direct message,0,62,9,Neutral,0.026292,0.917047,0.056661,0.03037,Neutral
568450262706167808,2015-02-19T16:41:18Z,2015-02-19,16,Thursday,slackmistress,United,"@united I got an email saying ""changes to my MileagePlus account are confirmed"" but I didn't make any changes. Help?","USER i got an email saying ""changes to my mileageplus account are confirmed"" but i didn't make any changes. help?",user got email saying change mileageplus account confirmed make change help,0,116,21,Negative,0.591581,0.396192,0.012227,-0.579354,Negative
568454051144339456,2015-02-19T16:56:21Z,2015-02-19,16,Thursday,theheathmcnasty,US Airways,@usairways if you could change your name to @southwestair and do what they do...that'd be awesome. Also this plane smells like onion rings.,USER if you could change your name to USER and do what they do...that'd be awesome. also this plane smells like onion rings.,user could change name user awesome also plane smell like onion ring,0,139,25,Negative,0.187684,0.303105,0.509211,0.321527,Positive
568456334581981184,2015-02-19T17:05:26Z,2015-02-19,17,Thursday,mightymeesh,Virgin America,@VirginAmerica currently in minute 10 of being on hold with cust. service. Do I need to do anything to add a lap child to my reservation?,USER currently in minute NUMBER of being on hold with cust. service. do i need to do anything to add a lap child to my reservation?,user currently minute number hold cust service need anything add lap child reservation,0,137,26,Negative,0.505804,0.481893,0.012302,-0.493502,Negative
568456844429160448,2015-02-19T17:07:27Z,2015-02-19,17,Thursday,morrisls,United,@united There is only one club at LAX - in terminal 7 across from gate 71,USER there is only one club at lax - in terminal NUMBER across from gate NUMBER,user one club lax terminal number across gate number,0,73,15,Neutral,0.04476,0.911416,0.043824,-0.000936,Neutral
568457140894969856,2015-02-19T17:08:38Z,2015-02-19,17,Thursday,londonbrushco,Virgin America,@VirginAmerica delayed to10.30!!,USER delayed to10. NUMBER !!,user delayed number,0,32,4,Negative,0.710657,0.279307,0.010037,-0.70062,Negative
568463244035289088,2015-02-19T17:32:53Z,2015-02-19,17,Thursday,wmrrock,Virgin America,@VirginAmerica on flight VX399 headed to LA from JFK - dirtiest VA plane I have ever been on. Sad for a great airline.,USER on flight vx399 headed to la from jfk - dirtiest va plane i have ever been on. sad for a great airline.,user flight headed la jfk dirtiest va plane ever sad great airline,0,118,22,Negative,0.944994,0.048884,0.006122,-0.938872,Negative
568466370205237248,2015-02-19T17:45:18Z,2015-02-19,17,Thursday,jkentakula,United,@united @perfectomobile huh? I have sent 16 crash reports in Feb alone. 8 in one day. Only app I have that consistently crashes.,USER USER huh? i have sent NUMBER crash reports in feb alone. NUMBER in one day. only app i have that consistently crashes.,user user huh sent number crash report feb alone number one day app consistently crash,1,128,23,Negative,0.89654,0.095599,0.007861,-0.888678,Negative
568468372524023808,2015-02-19T17:53:16Z,2015-02-19,17,Thursday,kbaiocchi,Southwest,@SouthwestAir there is a good chance myself nor anyone else in this airport will ever be Flight Booking Problems southwest again..,USER there is a good chance myself nor anyone else in this airport will ever be flight booking problems southwest again..,user good chance anyone else airport ever flight booking problem southwest,0,130,21,Negative,0.862798,0.124584,0.012618,-0.850181,Negative
568474423742738432,2015-02-19T18:17:19Z,2015-02-19,18,Thursday,lyteforce,Delta,@JetBlue There's just so many choices for y'all south of the border and I know not every airline is equal - lowest price != best value. ;),USER there's just so many choices for y'all south of the border and i know not every airline is equal - lowest price != best value. ;),user many choice south border know every airline equal lowest price best value,0,138,26,Positive,0.088435,0.446153,0.465412,0.376977,Positive
568476518852247552,2015-02-19T18:25:38Z,2015-02-19,18,Thursday,minderjoan,Southwest,@SouthwestAir Scott is the best!!! Thank yo from the bottom of my heart💕#DestinationDragons with friends in LA @HayleyMad see u Friday,USER scott is the best!!! thank yo from the bottom of my heart💕#destinationdragons with friends in la USER see u friday,user scott best thank yo bottom destinationdragons friend la user see friday,0,134,22,Positive,0.00226,0.007591,0.99015,0.98789,Positive
568478536715120640,2015-02-19T18:33:39Z,2015-02-19,18,Thursday,vincentpowell,Southwest,@SouthwestAir following!! My bad.,USER following!! my bad.,user following bad,0,33,4,Neutral,0.627358,0.340665,0.031977,-0.595382,Negative
568480654347935745,2015-02-19T18:42:04Z,2015-02-19,18,Thursday,mattjay_son,Delta,@JetBlue Why would you charge money to transfer points to someone?,USER why would you charge money to transfer points to someone?,user would charge money transfer point someone,0,66,11,Negative,0.333203,0.653425,0.013372,-0.319832,Neutral
568481985221537792,2015-02-19T18:47:21Z,2015-02-19,18,Thursday,rgulojr,Virgin America,@VirginAmerica of course! I work for @VirginAtlantic and I'm obsessed with the entire Virgin family!!,USER of course! i work for USER and i'm obsessed with the entire virgin family!!,user course work user obsessed entire virgin family,0,101,16,Positive,0.002759,0.011675,0.985567,0.982808,Positive
568483491819753472,2015-02-19T18:53:21Z,2015-02-19,18,Thursday,giannilee,Virgin America,Bruh “@VirginAmerica: @giannilee Turn down for what. #VXSafetyDance”,bruh “ USER : USER turn down for what. #vxsafetydance”,bruh user user turn vxsafetydance,0,68,8,Neutral,0.24491,0.716605,0.038485,-0.206426,Neutral
568484039499378690,2015-02-19T18:55:31Z,2015-02-19,18,Thursday,mattjay_son,Delta,@JetBlue Alternatives? You have absolutely no respect for loyal customers. 8 years. No more. I'm done.,USER alternatives? you have absolutely no respect for loyal customers. NUMBER years. no more. i'm done.,user alternative absolutely respect loyal customer number year done,0,102,17,Negative,0.942272,0.051694,0.006033,-0.936239,Negative
568486660410908674,2015-02-19T19:05:56Z,2015-02-19,19,Thursday,alanbestnyc,Delta,"@JetBlue my credit card company accidentally marked my jet blue tickets as fraud, then corrected their mistake and reposted the money.","USER my credit card company accidentally marked my jet blue tickets as fraud, then corrected their mistake and reposted the money.",user credit card company accidentally marked jet blue ticket fraud corrected mistake reposted money,0,134,21,Neutral,0.818652,0.174251,0.007097,-0.811555,Negative
568487439062441984,2015-02-19T19:09:02Z,2015-02-19,19,Thursday,alanbestnyc,Delta,"@JetBlue When I arrived at the airport, I was told my ticket had been refunded because my name had a fraud alert.","USER when i arrived at the airport, i was told my ticket had been refunded because my name had a fraud alert.",user arrived airport told ticket refunded name fraud alert,0,113,22,Negative,0.484276,0.494799,0.020926,-0.46335,Neutral
568488247514554369,2015-02-19T19:12:14Z,2015-02-19,19,Thursday,alanbestnyc,Delta,@JetBlue actually they said the fraud issue was never resolved. but why then did they issue me a new ticket of the phone?,USER actually they said the fraud issue was never resolved. but why then did they issue me a new ticket of the phone?,user actually said fraud issue never resolved issue new ticket phone,0,121,23,Negative,0.863875,0.13099,0.005136,-0.858739,Negative
568489124098924546,2015-02-19T19:15:43Z,2015-02-19,19,Thursday,alanbestnyc,Delta,"@JetBlue No, it didn't all work out. I called Jet Blue from Mexico to address the fraud alert with Capital One on the line. Rebooked.","USER no, it didn't all work out. i called jet blue from mexico to address the fraud alert with capital one on the line. rebooked.",user work called jet blue mexico address fraud alert capital one line rebooked,0,133,26,Negative,0.799776,0.191254,0.00897,-0.790807,Negative
568491484401557504,2015-02-19T19:25:06Z,2015-02-19,19,Thursday,dahriowonder,Southwest,@SouthwestAir no one has answers...no one can help. There is always a different story to why my and my fiancee' can't be helped.,USER no one has answers...no one can help. there is always a different story to why my and my fiancee' can't be helped.,user one answer one help always different story fiancee ca helped,0,128,25,Negative,0.920136,0.075631,0.004233,-0.915902,Negative
568492682152189952,2015-02-19T19:29:52Z,2015-02-19,19,Thursday,sapnasparikh,Virgin America,@VirginAmerica partners with @Visa Checkout as mobile payment method to help boost mobile conversion rates #etailwest #payments #visa,USER partners with USER checkout as mobile payment method to help boost mobile conversion rates #etailwest #payments #visa,user partner user checkout mobile payment method help boost mobile conversion rate etailwest payment visa,0,133,18,Neutral,0.004273,0.40933,0.586397,0.582123,Positive
568492898553102337,2015-02-19T19:30:43Z,2015-02-19,19,Thursday,rick4tkins,United,@united how do you log out of wifi in flight? Don't see any option and made typo when logging in. HELP!!,USER how do you log out of wifi in flight? don't see any option and made typo when logging in. help!!,user log wifi flight see option made typo logging help,0,104,22,Negative,0.766398,0.222281,0.011321,-0.755077,Negative
568493336698490880,2015-02-19T19:32:28Z,2015-02-19,19,Thursday,itsaaronchriz,United,@united ANOTHER F*CKING DELAY IN THE PAST 32 HOURS!?,USER another f*cking delay in the past NUMBER hours!?,user another cking delay past number hour,1,52,10,Negative,0.946981,0.047708,0.005311,-0.941671,Negative
568499629043687426,2015-02-19T19:57:28Z,2015-02-19,19,Thursday,bmose14,Delta,"@JetBlue as requested, here's selfie somewhere over the Rocky's. #milehighselfieclub http://t.co/A1ChOxKPJp","USER as requested, here's selfie somewhere over the rocky's. #milehighselfieclub URL",user requested selfie somewhere rocky milehighselfieclub url,0,107,16,Neutral,0.005382,0.862286,0.132332,0.12695,Neutral
568503887113498625,2015-02-19T20:14:23Z,2015-02-19,20,Thursday,blake_music,United,@united it's cool. I didn't need to go to work today. Or get home to make sure my house is ok in the -30 wind chill.,USER it's cool. i didn't need to go to work today. or get home to make sure my house is ok in the - NUMBER wind chill.,user cool need go work today get home make sure house ok number wind chill,0,116,28,Neutral,0.027242,0.220862,0.751896,0.724654,Positive
568511474580066304,2015-02-19T20:44:32Z,2015-02-19,20,Thursday,richeyvicious,Virgin America,@VirginAmerica I am deeply disappointed that your birthday promo was not applied to a trip I booked mere days before I received the email,USER i am deeply disappointed that your birthday promo was not applied to a trip i booked mere days before i received the email,user deeply disappointed birthday promo applied trip booked mere day received email,0,137,24,Negative,0.909236,0.083171,0.007593,-0.901643,Negative
568515166410653696,2015-02-19T20:59:12Z,2015-02-19,20,Thursday,erinopie,Southwest,@SouthwestAir will you ever have a nonstop from #SJC to #BNA?? We'll take #SFO or #OAK too! Pleaseeeeee thank you!,USER will you ever have a nonstop from #sjc to #bna?? we'll take #sfo or #oak too! pleaseeeeee thank you!,user ever nonstop sjc bna take sfo oak pleaseeeeee thank,0,114,21,Neutral,0.004404,0.142389,0.853207,0.848803,Positive
568516267440631808,2015-02-19T21:03:35Z,2015-02-19,21,Thursday,relaxed137,US Airways,@USAirways yes. Every one of these on every flight is like this. There needs to be more Velcro or something,USER yes. every one of these on every flight is like this. there needs to be more velcro or something,user yes every one every flight like need velcro something,0,107,20,Negative,0.80378,0.170851,0.025369,-0.778411,Negative
568517447847780353,2015-02-19T21:08:16Z,2015-02-19,21,Thursday,fromtheleftseat,Virgin America,@VirginAmerica to jump into the #Dallas #Austin market http://t.co/SzR0pioA21,USER to jump into the #dallas #austin market URL,user jump dallas austin market url,0,77,12,Neutral,0.007421,0.940504,0.052075,0.044654,Neutral
568517565548339200,2015-02-19T21:08:44Z,2015-02-19,21,Thursday,c_crubin,Virgin America,@VirginAmerica wjere is our luggage #so slow at lax,USER wjere is our luggage #so slow at lax,user wjere luggage slow lax,0,51,9,Negative,0.840924,0.148745,0.010331,-0.830594,Negative
568519971971538945,2015-02-19T21:18:18Z,2015-02-19,21,Thursday,jamonholmgren,Virgin America,@VirginAmerica It's fine. Already done with my purchase. But you should try it. Just go most of the way through then go back 3,USER it's fine. already done with my purchase. but you should try it. just go most of the way through then go back NUMBER,user fine already done purchase try go way go back number,0,126,25,Negative,0.008982,0.279576,0.711442,0.702461,Positive
568521960088449025,2015-02-19T21:26:12Z,2015-02-19,21,Thursday,kbosspotter,Delta,@JetBlue I can't. I don't have acces to a phone rn. My iPhone broke. :/ would rather change it now then Late Flightr.,USER i can't. i don't have acces to a phone rn. my iphone broke. :/ would rather change it now then late flightr.,user ca acces phone rn iphone broke would rather change late flightr,0,117,24,Neutral,0.901967,0.090886,0.007148,-0.894819,Negative
568525368572817408,2015-02-19T21:39:45Z,2015-02-19,21,Thursday,graveyardtravel,Virgin America,"@VirginAmerica first time flying Virgin, went to #SanFrancisco .Thanks for the smooth ride. Easily my new fav airline!","USER first time flying virgin, went to #sanfrancisco .thanks for the smooth ride. easily my new fav airline!",user first time flying virgin went sanfrancisco smooth ride easily new fav airline,0,118,18,Positive,0.002228,0.013167,0.984605,0.982377,Positive
568526847320784896,2015-02-19T21:45:37Z,2015-02-19,21,Thursday,gayskiweek,Virgin America,@VirginAmerica Sent a couple messages to the email you provided but to no avail. Will try again next year. Cheers.,USER sent a couple messages to the email you provided but to no avail. will try again next year. cheers.,user sent couple message email provided avail try next year cheer,0,114,20,Negative,0.20245,0.639243,0.158307,-0.044143,Neutral
568528678671360000,2015-02-19T21:52:54Z,2015-02-19,21,Thursday,marywallyall,Southwest,"@SouthwestAir my trip is a month away...why do you consider it ""around the corner""? Is that a setting I can change?","USER my trip is a month away...why do you consider it ""around the corner""? is that a setting i can change?",user trip month away consider around corner setting change,0,115,22,Negative,0.101898,0.877134,0.020967,-0.080931,Neutral
568532825281937408,2015-02-19T22:09:23Z,2015-02-19,22,Thursday,ccbbm82413,United,@united has the best pilots ever Thank you guys for the great trip #thatisall,USER has the best pilots ever thank you guys for the great trip #thatisall,user best pilot ever thank guy great trip thatisall,0,77,14,Positive,0.004115,0.009278,0.986606,0.982491,Positive
568533099908182016,2015-02-19T22:10:28Z,2015-02-19,22,Thursday,ny_us,Delta,@JetBlue now we are waiting over an half hr for the packages. What's wrong with you guys?? http://t.co/wVGpp3Ymz1,USER now we are waiting over an half hr for the packages. what's wrong with you guys?? URL,user waiting half hr package wrong guy url,0,113,22,Negative,0.939325,0.055798,0.004877,-0.934448,Negative
568536646963970048,2015-02-19T22:24:34Z,2015-02-19,22,Thursday,johndgraham,United,@united I'm on standby for my connecting flight. 1st on the list. NudgeNudge I'm told there are four slots open. Save it for me. Please.,USER i'm on standby for my connecting flight. 1st on the list. nudgenudge i'm told there are four slots open. save it for me. please.,user standby connecting flight list nudgenudge told four slot open save please,0,136,27,Neutral,0.040314,0.625664,0.334022,0.293708,Neutral
568536882012749824,2015-02-19T22:25:30Z,2015-02-19,22,Thursday,conorjrogers,Virgin America,@VirginAmerica trying to check-in...but looks like your site is down?,USER trying to check-in...but looks like your site is down?,user trying look like site,0,69,12,Negative,0.671735,0.317614,0.010652,-0.661083,Negative
568539193669914626,2015-02-19T22:34:41Z,2015-02-19,22,Thursday,creative_advant,Southwest,"@SouthwestAir truly the best in #customerservice. If something goes wrong, no matter how big or small the issue was, they fix it. Thank you","USER truly the best in #customerservice. if something goes wrong, no matter how big or small the issue was, they fix it. thank you",user truly best customerservice something go wrong matter big small issue fix thank,0,139,24,Positive,0.054616,0.108252,0.837132,0.782516,Positive
568540843323338752,2015-02-19T22:41:14Z,2015-02-19,22,Thursday,morrisls,United,@united care less about the person - although he walked away while I was complaining. A man at 10p at LAX club. More.....,USER care less about the person - although he walked away while i was complaining. a man at 10p at lax club. more.....,user care less person although walked away complaining man lax club,0,121,22,Negative,0.873498,0.119739,0.006763,-0.866735,Negative
568541317816561664,2015-02-19T22:43:07Z,2015-02-19,22,Thursday,aart763,Virgin America,@VirginAmerica Flight Booking Problems flight to uphold my status match. Do taxes on ticket count as earned status points? #statusmatch #virginamerica,USER flight booking problems flight to uphold my status match. do taxes on ticket count as earned status points? #statusmatch #virginamerica,user flight booking problem flight uphold status match tax ticket count earned status point statusmatch virginamerica,0,150,21,Neutral,0.547659,0.435313,0.017028,-0.530632,Negative
568542819788451841,2015-02-19T22:49:05Z,2015-02-19,22,Thursday,jebus51881,Delta,"@JetBlue 1st flight of the morning, flying with a toddler. Will the plane be heated to a comfortable temp before boarding starts. #ItsCold","USER 1st flight of the morning, flying with a toddler. will the plane be heated to a comfortable temp before boarding starts. #itscold",user flight morning flying toddler plane heated comfortable temp boarding start itscold,0,138,23,Neutral,0.362063,0.5941,0.043837,-0.318227,Neutral
568543525505089536,2015-02-19T22:51:54Z,2015-02-19,22,Thursday,mndnch,Virgin America,@VirginAmerica I was so glad it was mentioned. I took my first virgin flight a few years back and it was a transformative experience.,USER i was so glad it was mentioned. i took my first virgin flight a few years back and it was a transformative experience.,user glad mentioned took first virgin flight year back transformative experience,0,133,24,Positive,0.00256,0.011093,0.986347,0.983787,Positive
568544467944407040,2015-02-19T22:55:38Z,2015-02-19,22,Thursday,stacyhirst,Delta,@jetblue is giving me false hope of ever getting home,USER is giving me false hope of ever getting home,user giving false hope ever getting home,0,53,10,Negative,0.89042,0.101404,0.008176,-0.882244,Negative
568544491596083200,2015-02-19T22:55:44Z,2015-02-19,22,Thursday,royalsherman,Delta,"@JetBlue not to get into semantics here but ""by"" means ""within the extent or period of; during"" and it is still technically 2/19 #dictionary","USER not to get into semantics here but ""by"" means ""within the extent or period of; during"" and it is still technically NUMBER / NUMBER #dictionary",user get semantics mean within extent period still technically number number dictionary,0,140,25,Negative,0.04249,0.921619,0.035891,-0.006599,Neutral
568550060461408257,2015-02-19T23:17:52Z,2015-02-19,23,Thursday,malcolm_clement,US Airways,"@USAirways flight 500 out of Seattle has 10,000lbs too much fuel and no water for the lavoratories. Nice job guys - est 40min behind now","USER flight NUMBER out of seattle has NUMBER ,000lbs too much fuel and no water for the lavoratories. nice job guys - est 40min behind now",user flight number seattle number much fuel water lavoratories nice job guy est behind,0,136,25,Negative,0.820753,0.146655,0.032592,-0.788161,Negative
568552167122055168,2015-02-19T23:26:14Z,2015-02-19,23,Thursday,gprtraveller,US Airways,@USAirways platinum flyer bought tkt in AA. Also both accounts are linked. So WHY can't I check in for flight tomorrow?,USER platinum flyer bought tkt in aa. also both accounts are linked. so why can't i check in for flight tomorrow?,user platinum flyer bought tkt aa also account linked ca check flight tomorrow,0,119,22,Negative,0.641391,0.347757,0.010852,-0.630539,Negative
568553101587832832,2015-02-19T23:29:57Z,2015-02-19,23,Thursday,jwfitz12,Southwest,"@SouthwestAir nvm, gate said they're holding connections. Thanks for quick response!","USER nvm, gate said they're holding connections. thanks for quick response!",user nvm gate said holding connection thanks quick response,0,84,12,Positive,0.023253,0.557268,0.41948,0.396227,Neutral
568553610981740544,2015-02-19T23:31:58Z,2015-02-19,23,Thursday,sigmarue,Virgin America,"@VirginAmerica I adore you, and am so looking forward to my flight to Austin in two weeks.","USER i adore you, and am so looking forward to my flight to austin in two weeks.",user adore looking forward flight austin two week,0,90,17,Positive,0.001983,0.006342,0.991675,0.989692,Positive
568555484589871105,2015-02-19T23:39:25Z,2015-02-19,23,Thursday,itsjessme_,Southwest,@SouthwestAir Any way you can help with entry to Vegas event? My Boyfriend &amp; I have been @Imaginedragons fans since 2009. They are awesome!,USER any way you can help with entry to vegas event? my boyfriend &amp; i have been USER fans since NUMBER . they are awesome!,user way help entry vega event boyfriend amp user fan since number awesome,0,143,24,Neutral,0.00208,0.017527,0.980392,0.978312,Positive
568560130117251072,2015-02-19T23:57:53Z,2015-02-19,23,Thursday,ruelbass,US Airways,@USAirways we got our bags today. Thanks!,USER we got our bags today. thanks!,user got bag today thanks,0,41,7,Neutral,0.003229,0.102399,0.894372,0.891144,Positive
568561033641480192,2015-02-20T00:01:28Z,2015-02-20,0,Friday,thesnortherner,Delta,@JetBlue excellent. you guys are the best,USER excellent. you guys are the best,user excellent guy best,0,41,7,Positive,0.003928,0.008273,0.987799,0.983871,Positive
568562657265131520,2015-02-20T00:07:55Z,2015-02-20,0,Friday,dnaumann54,Delta,@JetBlue shut up an turn on the tvs/music,USER shut up an turn on the tvs/music,user shut turn,0,41,9,Negative,0.424245,0.531382,0.044373,-0.379872,Neutral
568564485457252352,2015-02-20T00:15:11Z,2015-02-20,0,Friday,dmb41shows,United,@united still sitting here waiting for a plane....4 hours wasted,USER still sitting here waiting for a plane.... NUMBER hours wasted,user still sitting waiting plane number hour wasted,0,64,11,Negative,0.853017,0.138154,0.008829,-0.844189,Negative
568564957740175360,2015-02-20T00:17:04Z,2015-02-20,0,Friday,hstark,United,"@united How is this considered ""on time"" if it's arriving at destination half hour Late Flightr than scheduled? http://t.co/YMFTw1uyHr","USER how is this considered ""on time"" if it's arriving at destination half hour late flightr than scheduled? URL",user considered time arriving destination half hour late flightr scheduled url,0,134,23,Negative,0.176205,0.810104,0.013691,-0.162514,Neutral
568571900596772864,2015-02-20T00:44:39Z,2015-02-20,0,Friday,cwiesmore,Southwest,"@SouthwestAir, on #unscheduled aircraft change, please have a better system in place, not worth the paid upgrade. #REFUND","USER , on #unscheduled aircraft change, please have a better system in place, not worth the paid upgrade. #refund",user unscheduled aircraft change please better system place worth paid upgrade refund,0,121,18,Negative,0.896577,0.095456,0.007967,-0.88861,Negative
568572344056180737,2015-02-20T00:46:25Z,2015-02-20,0,Friday,adavidson26,Virgin America,@VirginAmerica is my new go to airline,USER is my new go to airline,user new go airline,0,38,7,Neutral,0.016576,0.328142,0.655282,0.638707,Positive
568574989688901632,2015-02-20T00:56:55Z,2015-02-20,0,Friday,jamayka,US Airways,@USAirways still no rep can talk 3 days Late Flightr. U r asking me to checkin to my flight tmrw and my refund is being requested. Deal w this!!,USER still no rep can talk NUMBER days late flightr. u r asking me to checkin to my flight tmrw and my refund is being requested. deal w this!!,user still rep talk number day late flightr asking checkin flight tmrw refund requested deal,0,144,29,Negative,0.887802,0.106567,0.005631,-0.882171,Negative
568578057293807616,2015-02-20T01:09:07Z,2015-02-20,1,Friday,itsjessme_,Southwest,@SouthwestAir Is there any way to get entry to the Las Vegas event to see @Imaginedragons perform? #DestinationDragons,USER is there any way to get entry to the las vegas event to see USER perform? #destinationdragons,user way get entry la vega event see user perform destinationdragons,1,118,18,Neutral,0.003305,0.834744,0.161951,0.158646,Neutral
568579880046227457,2015-02-20T01:16:21Z,2015-02-20,1,Friday,freyabevan_fund,Virgin America,@VirginAmerica Many Thanks for the Follow. #ourprincess #freyasfund #USA #Bandie Looking for Any Help😍 💗🇬🇧💗🇺🇸💗 🎀🌏🎀 http://t.co/UJfS9Zi6kd,USER many thanks for the follow. #ourprincess #freyasfund #usa #bandie looking for any help😍 💗🇬🇧💗🇺🇸💗 🎀🌏🎀 URL,user many thanks follow ourprincess freyasfund usa bandie looking url,1,137,18,Neutral,0.002163,0.019864,0.977972,0.975809,Positive
568585196699664384,2015-02-20T01:37:29Z,2015-02-20,1,Friday,zoelle,Virgin America,"@VirginAmerica Just trying to book tickets to NYC and facing super fun broken styling. Don't worry, I'll keep trying :)","USER just trying to book tickets to nyc and facing super fun broken styling. don't worry, i'll keep trying :)",user trying book ticket nyc facing super fun broken styling worry keep trying,0,119,21,Negative,0.029989,0.167471,0.80254,0.772551,Positive
568585421518544897,2015-02-20T01:38:22Z,2015-02-20,1,Friday,dmb41shows,United,@united this is nuts they said a flight was on the ground now it's still in Albany and they won't have a plane. Someone is compensating me,USER this is nuts they said a flight was on the ground now it's still in albany and they won't have a plane. someone is compensating me,user nut said flight ground still albany wo plane someone compensating,0,138,29,Negative,0.878519,0.112763,0.008718,-0.869801,Negative
568587490971533312,2015-02-20T01:46:36Z,2015-02-20,1,Friday,kglate flightshow10,Southwest,@SouthwestAir because your gate attendant let someone board whose boarding pass kept reading invalid. This messed up the passenger log.,USER because your gate attendant let someone board whose boarding pass kept reading invalid. this messed up the passenger log.,user gate attendant let someone board whose boarding pas kept reading invalid messed passenger log,0,135,20,Negative,0.888195,0.107371,0.004435,-0.88376,Negative
568587875702476800,2015-02-20T01:48:08Z,2015-02-20,1,Friday,lopezlaymari,Delta,@JetBlue I have been hanging here for almost an hour,USER i have been hanging here for almost an hour,user hanging almost hour,3,52,10,Negative,0.054248,0.841837,0.103915,0.049667,Neutral
568589740833939456,2015-02-20T01:55:32Z,2015-02-20,1,Friday,johnpitzel,Southwest,@SouthwestAir It was the usually excellent SWA flight!,USER it was the usually excellent swa flight!,user usually excellent swa flight,0,54,8,Positive,0.00311,0.017693,0.979197,0.976088,Positive
568591059602829314,2015-02-20T02:00:47Z,2015-02-20,2,Friday,iknowmatt2,Southwest,@SouthwestAir a nice trip back home after a looong vaca 😊🌴 http://t.co/9TRvfnCedL,USER a nice trip back home after a looong vaca 😊🌴 URL,user nice trip back home looong vaca url,0,81,14,Positive,0.002165,0.012887,0.984948,0.982784,Positive
568595620002279424,2015-02-20T02:18:54Z,2015-02-20,2,Friday,el_nel_81,Virgin America,@VirginAmerica I requested a mileage challenge for status several weeks ago online but haven't heard back. How do I get help with this?,USER i requested a mileage challenge for status several weeks ago online but haven't heard back. how do i get help with this?,user requested mileage challenge status several week ago online heard back get help,0,135,24,Negative,0.675008,0.316204,0.008788,-0.666221,Negative
568596145456291840,2015-02-20T02:20:59Z,2015-02-20,2,Friday,geekstiel,Southwest,"@SouthwestAir it'd be nice if I could get an answer, even a simple ""no"" would do; I just want to know. :)","USER it'd be nice if i could get an answer, even a simple ""no"" would do; i just want to know. :)",user nice could get answer even simple would want know,0,105,22,Negative,0.087199,0.314829,0.597972,0.510772,Positive
568601459983400960,2015-02-20T02:42:06Z,2015-02-20,2,Friday,snappykyle,Delta,@JetBlue Maybe I'll just go to Cleveland instead.,USER maybe i'll just go to cleveland instead.,user maybe go cleveland instead,0,49,9,Neutral,0.172451,0.771111,0.056438,-0.116013,Neutral
568602614839033856,2015-02-20T02:46:42Z,2015-02-20,2,Friday,slidingsideways,Delta,"@JetBlue So anything found while cleaning the plane in DC would be at the baggage office, even something small?","USER so anything found while cleaning the plane in dc would be at the baggage office, even something small?",user anything found cleaning plane dc would baggage office even something small,0,111,19,Neutral,0.119949,0.85336,0.026691,-0.093257,Neutral
568602941940043776,2015-02-20T02:48:00Z,2015-02-20,2,Friday,suuperg,Virgin America,@VirginAmerica Thanks for the lovely soft views! #travel #SAN to #SFO http://t.co/CnctL7G1ef,USER thanks for the lovely soft views! #travel #san to #sfo URL,user thanks lovely soft view travel san sfo url,0,92,15,Positive,0.001994,0.019334,0.978673,0.976679,Positive
568604690767872000,2015-02-20T02:54:57Z,2015-02-20,2,Friday,imacsweb,Virgin America,@VirginAmerica thanks for taking care of @SuuperG on her flight!! #rockstars #travel,USER thanks for taking care of USER on her flight!! #rockstars #travel,user thanks taking care user flight rockstars travel,0,84,12,Positive,0.001947,0.023053,0.975,0.973053,Positive
568605449659895808,2015-02-20T02:57:58Z,2015-02-20,2,Friday,suuperg,Virgin America,@VirginAmerica Thanks!,USER thanks!,user thanks,0,22,2,Positive,0.009864,0.118893,0.871244,0.86138,Positive
568615365619662848,2015-02-20T03:37:22Z,2015-02-20,3,Friday,lauraannb85,Southwest,@SouthwestAir this would be an awesome experience #DestinationDragons,USER this would be an awesome experience #destinationdragons,user would awesome experience destinationdragons,0,69,8,Positive,0.001993,0.01244,0.985567,0.983575,Positive
568615812594077696,2015-02-20T03:39:08Z,2015-02-20,3,Friday,rdahlstrom99,United,@United is freaking worthless. I hate this airline. http://t.co/dN1if2cGwE,USER is freaking worthless. i hate this airline. URL,user freaking worthless hate airline url,0,74,12,Negative,0.960918,0.032564,0.006518,-0.954401,Negative
568619699212140544,2015-02-20T03:54:35Z,2015-02-20,3,Friday,tyfletch,US Airways,@USAirways oh great after a 5 hour delay we get to sit on the plane for another hour without it moving. Flight 1137 has been awful,USER oh great after a NUMBER hour delay we get to sit on the plane for another hour without it moving. flight NUMBER has been awful,user oh great number hour delay get sit plane another hour without moving flight number awful,0,130,26,Negative,0.838212,0.129074,0.032714,-0.805497,Negative
568620542682468352,2015-02-20T03:57:56Z,2015-02-20,3,Friday,pilotfresh,Delta,@JetBlue look what I capture at Uvf http://t.co/Lj2ZXZN8kG,USER look what i capture at uvf URL,user look capture uvf url,0,58,11,Neutral,0.01039,0.838899,0.150711,0.140321,Neutral
568625258351063040,2015-02-20T04:16:40Z,2015-02-20,4,Friday,janeeats,Delta,@jetblue we never received that $15 credit for inoperable tv's on our SFO &gt; JFK flight 2 weeks ago. never got an email...,USER we never received that $ NUMBER credit for inoperable tv's on our sfo &gt; jfk flight NUMBER weeks ago. never got an email...,user never received number credit inoperable tv sfo gt jfk flight number week ago never got email,0,124,24,Negative,0.729584,0.255749,0.014667,-0.714917,Negative
568625636639506433,2015-02-20T04:18:10Z,2015-02-20,4,Friday,per_ines,United,"@united (1/2) thanks, but does not answer my question. I want to make a reservation over the phone in Perth, hold for 24hrs, and have family","USER ( NUMBER / NUMBER ) thanks, but does not answer my question. i want to make a reservation over the phone in perth, hold for 24hrs, and have family",user number number thanks answer question want make reservation phone perth hold family,0,140,27,Negative,0.520265,0.463262,0.016472,-0.503793,Negative
568629385105793024,2015-02-20T04:33:04Z,2015-02-20,4,Friday,ssal,Virgin America,@VirginAmerica help. I was On Flight 27 from JKF tonight. seat 7C left portfolio. Need it back!!,USER help. i was on flight NUMBER from jkf tonight. seat 7c left portfolio. need it back!!,user help flight number jkf tonight seat left portfolio need back,0,96,17,Neutral,0.344299,0.539402,0.116298,-0.228001,Neutral
568629820306952192,2015-02-20T04:34:48Z,2015-02-20,4,Friday,borjaangoitia1,Delta,@JetBlue that is great. But once it gets to Buffalo will it be able to leave and get to JFK? Or there's issues still at Buffalo airport?,USER that is great. but once it gets to buffalo will it be able to leave and get to jfk? or there's issues still at buffalo airport?,user great get buffalo able leave get jfk issue still buffalo airport,0,136,28,Positive,0.026211,0.452936,0.520854,0.494643,Positive
568630453521022976,2015-02-20T04:37:19Z,2015-02-20,4,Friday,mariachan90,United,@united understanding the situation we waited and it was opened until 10:30pm,USER understanding the situation we waited and it was opened until NUMBER :30pm,user understanding situation waited opened number,0,77,13,Negative,0.058061,0.891431,0.050509,-0.007552,Neutral
568630879246901248,2015-02-20T04:39:00Z,2015-02-20,4,Friday,ssal,Virgin America,@VirginAmerica please contact me about portfolio left on flight VX 27 from JFK to SFO tonite seat 7AM. Need it returned. Call 914-329-0185.,USER please contact me about portfolio left on flight vx NUMBER from jfk to sfo tonite seat 7am. need it returned. call NUMBER - NUMBER - NUMBER .,user please contact portfolio left flight vx number jfk sfo tonite seat need returned call number number number,0,139,25,Neutral,0.101868,0.847195,0.050937,-0.050931,Neutral
568632394929958912,2015-02-20T04:45:02Z,2015-02-20,4,Friday,solexclusive415,Virgin America,@VirginAmerica momma I made it! 😁😁😁,USER momma i made it! 😁😁😁,user momma made,0,35,5,Neutral,0.002553,0.017062,0.980385,0.977832,Positive
568633911959363586,2015-02-20T04:51:03Z,2015-02-20,4,Friday,syfialkoff,US Airways,@USAirways and that you can choose the same seat for free after clicking 100 buttons.,USER and that you can choose the same seat for free after clicking NUMBER buttons.,user choose seat free clicking number button,0,85,15,Neutral,0.016718,0.88143,0.101852,0.085135,Neutral
568636400419151873,2015-02-20T05:00:57Z,2015-02-20,5,Friday,who_knows_me1,Delta,@JetBlue thanks for the help,USER thanks for the help,user thanks help,0,28,5,Neutral,0.007205,0.079135,0.91366,0.906455,Positive
568643357108531200,2015-02-20T05:28:35Z,2015-02-20,5,Friday,brian_genest,Delta,@JetBlue why are you making me stay in JFK until 2 am or Late Flightr? Just let me rebook without making me pay more,USER why are you making me stay in jfk until NUMBER am or late flightr? just let me rebook without making me pay more,user making stay jfk number late flightr let rebook without making pay,0,116,24,Negative,0.8181,0.175358,0.006542,-0.811558,Negative
568644388001337344,2015-02-20T05:32:41Z,2015-02-20,5,Friday,brian_genest,Delta,@JetBlue 108 to Portland Maine,USER NUMBER to portland maine,user number portland maine,0,30,5,Neutral,0.025344,0.898919,0.075737,0.050393,Neutral
568654556634021890,2015-02-20T06:13:06Z,2015-02-20,6,Friday,madisonnnicole3,United,@united round trip*,USER round trip*,user round trip,0,19,3,Neutral,0.030981,0.905021,0.063999,0.033018,Neutral
568657247896788992,2015-02-20T06:23:47Z,2015-02-20,6,Friday,mosborne13,United,@united U kept passengers waiting all night 4 a plane that was being put out of service. Leaving everyone stranded for night. #inexcusable,USER u kept passengers waiting all night NUMBER a plane that was being put out of service. leaving everyone stranded for night. #inexcusable,user kept passenger waiting night number plane put service leaving everyone stranded night inexcusable,0,138,23,Negative,0.934307,0.061407,0.004286,-0.930022,Negative
568662343170674688,2015-02-20T06:44:02Z,2015-02-20,6,Friday,davidhfe,Virgin America,@VirginAmerica WTF is happening in PDX Late Flight March such that one way from SFO is ~$550?,USER wtf is happening in pdx late flight march such that one way from sfo is ~$ NUMBER ?,user wtf happening pdx late flight march one way sfo number,0,93,17,Negative,0.817358,0.175721,0.006922,-0.810436,Negative
568663147189415936,2015-02-20T06:47:14Z,2015-02-20,6,Friday,davidhfe,Virgin America,@virginAmerica Other carriers are less than half price for a round trip fare. I am stunned. http://t.co/UKdjjijroW,USER other carriers are less than half price for a round trip fare. i am stunned. URL,user carrier less half price round trip fare stunned url,0,114,20,Negative,0.844605,0.140126,0.015268,-0.829337,Negative
568671818262773760,2015-02-20T07:21:41Z,2015-02-20,7,Friday,freehighfives,Southwest,@SouthwestAir Gracias... appreciate that!,USER gracias... appreciate that!,user gracias appreciate,0,41,4,Positive,0.005927,0.020004,0.974069,0.968142,Positive
568673332184240129,2015-02-20T07:27:42Z,2015-02-20,7,Friday,kimberlinho,United,@united has happened on other airlines and they've given out flight vouchers and been more transparent about the problems.,USER has happened on other airlines and they've given out flight vouchers and been more transparent about the problems.,user happened airline given flight voucher transparent problem,0,122,20,Negative,0.093466,0.802078,0.104456,0.010989,Neutral
568678201590996992,2015-02-20T07:47:03Z,2015-02-20,7,Friday,urno12,United,@united its in black and white. EU law and all that €600 for a Cancelled Flightled flight. I want my money,USER its in black and white. eu law and all that € NUMBER for a cancelled flightled flight. i want my money,user black white eu law number cancelled flightled flight want money,0,106,21,Negative,0.781394,0.2051,0.013507,-0.767887,Negative
568689188377403392,2015-02-20T08:30:42Z,2015-02-20,8,Friday,bfptravel,Virgin America,@virginamerica may start service to Hawaii from #SanFrancisco this year http://t.co/yPo7nYpRZl #biztravel,USER may start service to hawaii from #sanfrancisco this year URL #biztravel,user may start service hawaii sanfrancisco year url biztravel,0,105,15,Neutral,0.003517,0.786927,0.209556,0.20604,Neutral
568736451237707776,2015-02-20T11:38:31Z,2015-02-20,11,Friday,jakepoznak,United,@united awesome new plane flight 1701,USER awesome new plane flight NUMBER,user awesome new plane flight number,0,37,6,Positive,0.003015,0.016383,0.980602,0.977587,Positive
568753398100692992,2015-02-20T12:45:51Z,2015-02-20,12,Friday,kay2run,Southwest,"@SouthwestAir Hi! Winter Wx Advisory issued for STL. Snow &amp; Ice &amp; Cold, oh my! Will you issue a travel advisory for that?","USER hi! winter wx advisory issued for stl. snow &amp; ice &amp; cold, oh my! will you issue a travel advisory for that?",user hi winter wx advisory issued stl snow amp ice amp cold oh issue travel advisory,0,129,23,Neutral,0.302907,0.580187,0.116906,-0.186001,Neutral
568760341921959936,2015-02-20T13:13:27Z,2015-02-20,13,Friday,iampaz,United,"@united Too Late Flight, damage has been done. Easily the worst airline experience of my life. Missed two connecting flights &amp; days of work. #UA49","USER too late flight, damage has been done. easily the worst airline experience of my life. missed two connecting flights &amp; days of work. #ua49",user late flight damage done easily worst airline experience life missed two connecting flight amp day work,0,150,25,Negative,0.948951,0.046045,0.005003,-0.943948,Negative
568761996973379584,2015-02-20T13:20:01Z,2015-02-20,13,Friday,dman610_dave,Southwest,"@SouthwestAir you do a great job of achieving that at most cities, just not at BWI.","USER you do a great job of achieving that at most cities, just not at bwi.",user great job achieving city bwi,0,83,16,Negative,0.021945,0.10817,0.869886,0.847941,Positive
568769672922812418,2015-02-20T13:50:31Z,2015-02-20,13,Friday,iamnayr,Virgin America,"@VirginAmerica can't check in, your site looks like this every time it loads http://t.co/kAcY2AwDbW","USER can't check in, your site looks like this every time it loads URL",user ca check site look like every time load url,0,99,18,Negative,0.824869,0.168193,0.006938,-0.817931,Negative
568772334632349696,2015-02-20T14:01:06Z,2015-02-20,14,Friday,stilettoslife,Southwest,"@SouthwestAir you call this customer service?? Sitting in the tarmack for 1hr, lost bag, and you give me a $100. voucher???","USER you call this customer service?? sitting in the tarmack for 1hr, lost bag, and you give me a $ NUMBER . voucher???",user call customer service sitting tarmack lost bag give number voucher,0,123,21,Negative,0.921506,0.073215,0.005279,-0.916228,Negative
568773575705899008,2015-02-20T14:06:02Z,2015-02-20,14,Friday,tradingtrainer,Southwest,@SouthwestAir... I love you. Air travel doesn't get easier.,USER ... i love you. air travel doesn't get easier.,user love air travel get easier,0,59,10,Positive,0.011027,0.032726,0.956247,0.945221,Positive
568778115956092928,2015-02-20T14:24:04Z,2015-02-20,14,Friday,rebekahcancino,Southwest,@SouthwestAir What's up with the new in-flight WiFi service? Super crappy user experience. Miss the old provider. :(,USER what's up with the new in-flight wifi service? super crappy user experience. miss the old provider. :(,user new wifi service super crappy user experience miss old provider,0,116,19,Negative,0.948777,0.045169,0.006054,-0.942724,Negative
568779110710964224,2015-02-20T14:28:02Z,2015-02-20,14,Friday,riricesq,US Airways,@USAirways why would you not give us the option to get off the plane instead of sit on it for an hour and a half when you knew at the gate,USER why would you not give us the option to get off the plane instead of sit on it for an hour and a half when you knew at the gate,user would give u option get plane instead sit hour half knew gate,0,138,31,Negative,0.785044,0.208012,0.006944,-0.7781,Negative
568781140217049088,2015-02-20T14:36:05Z,2015-02-20,14,Friday,jetbluenews,Delta,@JetBlue's CEO battles to appease passengers and Wall Street - Waterbury Republican American http://t.co/Of7PFvQpOY,USER 's ceo battles to appease passengers and wall street - waterbury republican american URL,user ceo battle appease passenger wall street waterbury republican american url,0,115,17,Neutral,0.051268,0.884365,0.064366,0.013098,Neutral
568781555784507392,2015-02-20T14:37:45Z,2015-02-20,14,Friday,bccoble,Southwest,@SouthwestAir Longer flights with 300 series no wifi? Will be great when you retire them.,USER longer flights with NUMBER series no wifi? will be great when you retire them.,user longer flight number series wifi great retire,0,89,15,Negative,0.02664,0.25381,0.71955,0.692909,Positive
568784239841431552,2015-02-20T14:48:24Z,2015-02-20,14,Friday,carlostopeca,Southwest,@SouthwestAir I have been loyal to Southwest from the beginning but very unhappy about your devaluation.,USER i have been loyal to southwest from the beginning but very unhappy about your devaluation.,user loyal southwest beginning unhappy devaluation,0,104,16,Negative,0.797602,0.171904,0.030494,-0.767108,Negative
568784295759777797,2015-02-20T14:48:38Z,2015-02-20,14,Friday,parshooter321,Southwest,"@SouthwestAir you were my go to airline now not so much!! You say you care but I now see not so much! Right now, you suck!!","USER you were my go to airline now not so much!! you say you care but i now see not so much! right now, you suck!!",user go airline much say care see much right suck,0,123,26,Negative,0.951321,0.042248,0.006431,-0.94489,Negative
568786817404817408,2015-02-20T14:58:39Z,2015-02-20,14,Friday,dnr_pr,United,@united what's the point of offering a free checked bag of you lose it?,USER what's the point of offering a free checked bag of you lose it?,user point offering free checked bag lose,0,71,15,Negative,0.611802,0.377739,0.01046,-0.601342,Negative
568788357431447552,2015-02-20T15:04:46Z,2015-02-20,15,Friday,lot223,Southwest,@SouthwestAir what is the status on flight#122 STL-AUS?,USER what is the status on flight# NUMBER stl-aus?,user status flight number,0,55,10,Neutral,0.047519,0.922353,0.030128,-0.01739,Neutral
568790164404899840,2015-02-20T15:11:57Z,2015-02-20,15,Friday,permicah,Virgin America,@virginamerica Looks like a broken link for your assets https://t.co/OArDjjGrrD,USER looks like a broken link for your assets URL,user look like broken link asset url,0,79,13,Negative,0.846808,0.146044,0.007148,-0.839661,Negative
568790336954175488,2015-02-20T15:12:38Z,2015-02-20,15,Friday,dlm_3,United,@united I need a customer service manager to contact me please,USER i need a customer service manager to contact me please,user need customer service manager contact please,0,62,11,Neutral,0.06,0.864181,0.075819,0.015819,Neutral
568790795253186560,2015-02-20T15:14:27Z,2015-02-20,15,Friday,b_flight5508,US Airways,"@USAirways never let's me down, every. Single. Flight. Gets delayed.","USER never let's me down, every. single. flight. gets delayed.",user never let every single flight get delayed,0,68,11,Negative,0.702469,0.206428,0.091103,-0.611366,Negative
568791035297468416,2015-02-20T15:15:25Z,2015-02-20,15,Friday,hwoodboy24,Virgin America,@VirginAmerica thank you! I absolutely will 😎,USER thank you! i absolutely will 😎,user thank absolutely,0,45,6,Positive,0.002675,0.013453,0.983872,0.981197,Positive
568792520337039360,2015-02-20T15:21:19Z,2015-02-20,15,Friday,mlbkid162,Virgin America,@VirginAmerica brought it all the way across the country today I see http://t.co/TKaUyGcPmS,USER brought it all the way across the country today i see URL,user brought way across country today see url,0,91,16,Neutral,0.047818,0.653302,0.298881,0.251063,Neutral
568795139512127488,2015-02-20T15:31:43Z,2015-02-20,15,Friday,jayrockerz,Virgin America,.@VirginAmerica They were very understanding and helped me out. Thx! #Comps,. USER they were very understanding and helped me out. thx! #comps,user understanding helped thx comp,0,75,11,Positive,0.003515,0.019162,0.977324,0.973809,Positive
568795484283736064,2015-02-20T15:33:05Z,2015-02-20,15,Friday,marcperez,Virgin America,@VirginAmerica missed my flight. How does standby work?,USER missed my flight. how does standby work?,user missed flight standby work,0,55,8,Neutral,0.791839,0.201912,0.006248,-0.785591,Negative
568796187299606528,2015-02-20T15:35:53Z,2015-02-20,15,Friday,mjmena001,US Airways,"@USAirways I fly quite a bit, and it's not difficult to communicate. If agents let people know what's happening, arrangements can be made","USER i fly quite a bit, and it's not difficult to communicate. if agents let people know what's happening, arrangements can be made",user fly quite bit difficult communicate agent let people know happening arrangement made,0,137,25,Negative,0.036402,0.783353,0.180244,0.143842,Neutral
568797557914148865,2015-02-20T15:41:20Z,2015-02-20,15,Friday,mariobonifacio,Delta,"That would be great! I never thought I'd be the sort who'd be into them, but it really makes the flying experience more bearable @JetBlue","that would be great! i never thought i'd be the sort who'd be into them, but it really makes the flying experience more bearable USER",would great never thought sort really make flying experience bearable user,0,137,27,Positive,0.005546,0.021275,0.97318,0.967634,Positive
568801701378928641,2015-02-20T15:57:48Z,2015-02-20,15,Friday,mariobonifacio,Delta,@JetBlue Oh that totally looks on par with @AmericanAir's Admirals Club; any way you can slide us a couple passes? ;),USER oh that totally looks on par with USER 's admirals club; any way you can slide us a couple passes? ;),user oh totally look par user admiral club way slide u couple pass,0,117,21,Positive,0.002292,0.035864,0.961844,0.959552,Positive
568802225058926592,2015-02-20T15:59:52Z,2015-02-20,15,Friday,clchicosky,US Airways,"@USAirways has no idea what customer service means. As the customer, if you mess up my plans, don't treat me like its no big deal!","USER has no idea what customer service means. as the customer, if you mess up my plans, don't treat me like its no big deal!",user idea customer service mean customer mess plan treat like big deal,0,130,26,Negative,0.909966,0.082972,0.007061,-0.902905,Negative
568802396907835393,2015-02-20T16:00:33Z,2015-02-20,16,Friday,adamsinger,Virgin America,@VirginAmerica happy to spend the day together. Let's do this!,USER happy to spend the day together. let's do this!,user happy spend day together let,0,62,11,Positive,0.002687,0.014248,0.983065,0.980378,Positive
568805444761681921,2015-02-20T16:12:40Z,2015-02-20,16,Friday,josephpwilson,United,@united It is all good -- your 1K team has been nothing short of amazing with everything.,USER it is all good -- your 1k team has been nothing short of amazing with everything.,user good team nothing short amazing everything,0,89,16,Negative,0.003588,0.010257,0.986155,0.982567,Positive
568805448696115200,2015-02-20T16:12:41Z,2015-02-20,16,Friday,syncros,United,"@united Got rebooked on AA. One question though, do you automatically refund the check baggage fees for flight that was Cancelled Flightled?","USER got rebooked on aa. one question though, do you automatically refund the check baggage fees for flight that was cancelled flightled?",user got rebooked aa one question though automatically refund check baggage fee flight cancelled flightled,0,140,22,Negative,0.036775,0.909398,0.053827,0.017052,Neutral
568805696780824576,2015-02-20T16:13:40Z,2015-02-20,16,Friday,matthewhirsch,Virgin America,@VirginAmerica Hi! Just wanted to see if you have any new routes planned this year for Newark. Love flying you guys and hope to do so more!,USER hi! just wanted to see if you have any new routes planned this year for newark. love flying you guys and hope to do so more!,user hi wanted see new route planned year newark love flying guy hope,0,139,27,Positive,0.001695,0.024427,0.973878,0.972183,Positive
568806985505726464,2015-02-20T16:18:47Z,2015-02-20,16,Friday,michelleantunez,Delta,@JetBlue that's what we've been told however how would this work if you're going overseas? Bottom line is passengers feel as if there's (1),USER that's what we've been told however how would this work if you're going overseas? bottom line is passengers feel as if there's ( NUMBER ),user told however would work going overseas bottom line passenger feel number,0,139,28,Neutral,0.518842,0.469771,0.011387,-0.507455,Negative
568811384437411840,2015-02-20T16:36:16Z,2015-02-20,16,Friday,chrisaguiar88,Virgin America,@VirginAmerica The Flight Booking Problems section of your website seems to be broken on Chrome. Might wanna look into that.,USER the flight booking problems section of your website seems to be broken on chrome. might wanna look into that.,user flight booking problem section website seems broken chrome might wan na look,0,124,20,Negative,0.758236,0.233059,0.008706,-0.74953,Negative
568811771315814401,2015-02-20T16:37:48Z,2015-02-20,16,Friday,sydlisterney,US Airways,@USAirways thank you!,USER thank you!,user thank,0,21,3,Positive,0.008415,0.054728,0.936856,0.928441,Positive
568812046747201537,2015-02-20T16:38:54Z,2015-02-20,16,Friday,snellbell,Virgin America,"@VirginAmerica lost my luggage 4 days ago on flight VX 112 from LAX to IAD &amp; I'm calling every day, no response.Please give me back my stuff","USER lost my luggage NUMBER days ago on flight vx NUMBER from lax to iad &amp; i'm calling every day, no response.please give me back my stuff",user lost luggage number day ago flight vx number lax iad amp calling every day give back stuff,1,144,29,Negative,0.861197,0.129289,0.009514,-0.851683,Negative
568814123540221952,2015-02-20T16:47:09Z,2015-02-20,16,Friday,lifeofpl,United,@united - please help regarding PNR A3ZZ0F. Why am I now waitlisted for a flight?,USER - please help regarding pnr a3zz0f. why am i now waitlisted for a flight?,user please help regarding pnr waitlisted flight,0,81,14,Negative,0.625012,0.363174,0.011815,-0.613197,Negative
568815689684815873,2015-02-20T16:53:23Z,2015-02-20,16,Friday,thecompostcook,Virgin America,@VirginAmerica loved it. Can't wait for Monday's return flight... Mostly just to watch the inflight safety video again. #sorrynotsorry,USER loved it. can't wait for monday's return flight... mostly just to watch the inflight safety video again. #sorrynotsorry,user loved ca wait monday return flight mostly watch inflight safety video sorrynotsorry,0,134,21,Positive,0.004493,0.020788,0.974719,0.970226,Positive
568822571875098624,2015-02-20T17:20:44Z,2015-02-20,17,Friday,tannapistolis,US Airways,@USAirways I just want to find my bag so I won't have to go through the hassle of trying to claim what was in my suitcase #usairwaysfail,USER i just want to find my bag so i won't have to go through the hassle of trying to claim what was in my suitcase #usairwaysfail,user want find bag wo go hassle trying claim suitcase usairwaysfail,0,136,28,Negative,0.782144,0.20279,0.015066,-0.767078,Negative
568823817679847425,2015-02-20T17:25:41Z,2015-02-20,17,Friday,andreawalls21,US Airways,@USAirways that website does not give correct info said my bag was in Miami was in key west the entire time..I got the run around for 2 days,USER that website does not give correct info said my bag was in miami was in key west the entire time..i got the run around for NUMBER days,user website give correct info said bag miami key west entire time got run around number day,0,140,29,Negative,0.842589,0.149933,0.007478,-0.835111,Negative
568828648687591424,2015-02-20T17:44:52Z,2015-02-20,17,Friday,socialmedia305,Virgin America,@VirginAmerica weather delays &gt; next few weeks ;) #JFK #BOS #DCA,USER weather delays &gt; next few weeks ;) #jfk #bos #dca,user weather delay gt next week jfk bos dca,0,67,10,Neutral,0.079973,0.872921,0.047106,-0.032866,Neutral
568832682269888512,2015-02-20T18:00:54Z,2015-02-20,18,Friday,traceyleffler,United,@united of course not. The inflight crew was great!,USER of course not. the inflight crew was great!,user course inflight crew great,0,51,9,Positive,0.005347,0.017948,0.976705,0.971357,Positive
568833209288372224,2015-02-20T18:03:00Z,2015-02-20,18,Friday,ssegraves,United,@united Flight 395. Rolling delay of 1 hour 42 minutes,USER flight NUMBER . rolling delay of NUMBER hour NUMBER minutes,user flight number rolling delay number hour number minute,0,54,10,Negative,0.411312,0.577275,0.011413,-0.399898,Neutral
568834884942336000,2015-02-20T18:09:39Z,2015-02-20,18,Friday,wclsc59,US Airways,@USAirways will you please start offering more routes out of @triflight to more locations instead of just charlotte and atlanta,USER will you please start offering more routes out of USER to more locations instead of just charlotte and atlanta,user please start offering route user location instead charlotte atlanta,0,127,20,Neutral,0.014348,0.884145,0.101507,0.08716,Neutral
568836616166313984,2015-02-20T18:16:32Z,2015-02-20,18,Friday,patrickisarobot,Southwest,@SouthwestAir If there are any Imagine Dragons tickets left for tomorrow at @VelourLive here in Utah I would love to go I am available! :),USER if there are any imagine dragons tickets left for tomorrow at USER here in utah i would love to go i am available! :),user imagine dragon ticket left tomorrow user utah would love go available,0,138,24,Neutral,0.001363,0.032132,0.966505,0.965142,Positive
568837602071203840,2015-02-20T18:20:27Z,2015-02-20,18,Friday,nazarfakih,Virgin America,"@VirginAmerica I applied for a position in @flyLAXairport ,and I was wondering if you guys received my application.","USER i applied for a position in USER ,and i was wondering if you guys received my application.",user applied position user wondering guy received application,0,115,18,Neutral,0.02333,0.911848,0.064822,0.041492,Neutral
568837638611992576,2015-02-20T18:20:36Z,2015-02-20,18,Friday,wclsc59,Delta,@JetBlue I did.... Would be nice to see more services out of @triflight instead of having to drive 3-4 hrs to like charlotte or atlanta,USER i did.... would be nice to see more services out of USER instead of having to drive NUMBER - NUMBER hrs to like charlotte or atlanta,user would nice see service user instead drive number number hr like charlotte atlanta,0,135,26,Neutral,0.032176,0.380343,0.587481,0.555305,Positive
568838743030956032,2015-02-20T18:24:59Z,2015-02-20,18,Friday,mikeselesky,US Airways,@USAirways awesome! Flight #676 out of philly on Tuesday. Party in row 15 if you're interested.,USER awesome! flight # NUMBER out of philly on tuesday. party in row NUMBER if you're interested.,user awesome flight number philly tuesday party row number interested,0,95,17,Positive,0.001215,0.02143,0.977355,0.97614,Positive
568840560347373569,2015-02-20T18:32:12Z,2015-02-20,18,Friday,polaroidmisha,Virgin America,@VirginAmerica would love to do more for virgin just like I do for @GoPro,USER would love to do more for virgin just like i do for USER,user would love virgin like user,0,73,14,Positive,0.002975,0.051257,0.945768,0.942793,Positive
568841355226517504,2015-02-20T18:35:22Z,2015-02-20,18,Friday,laurafee,Delta,@JetBlue well I'm not sure I'm that bold! lol or are you saying you didn't believe me?? :P,USER well i'm not sure i'm that bold! lol or are you saying you didn't believe me?? :p,user well sure bold lol saying believe,0,90,21,Neutral,0.332029,0.57616,0.091811,-0.240218,Neutral
568841635049533440,2015-02-20T18:36:29Z,2015-02-20,18,Friday,connorcrown,US Airways,@USAirways @AmericanAir no one appreciates the sass of the gate agent at Gate C38 at LGA flight US626. Irritated customers,USER USER no one appreciates the sass of the gate agent at gate c38 at lga flight us626. irritated customers,user user one appreciates sas gate agent gate lga flight irritated customer,0,122,20,Negative,0.922451,0.071153,0.006396,-0.916055,Negative
568844772191940608,2015-02-20T18:48:56Z,2015-02-20,18,Friday,duncankneedeep,United,@united Why can I only apply one travel certificate per itinerary even when I have multiple flights?,USER why can i only apply one travel certificate per itinerary even when i have multiple flights?,user apply one travel certificate per itinerary even multiple flight,1,100,17,Negative,0.450679,0.536154,0.013166,-0.437513,Neutral
568845421390344192,2015-02-20T18:51:31Z,2015-02-20,18,Friday,elfun,US Airways,"“@USAirways: We're sincerely sorry, Sean. Reservations is working hard to answer everyone's call and we appreciate your patience.” #false","“ USER : we're sincerely sorry, sean. reservations is working hard to answer everyone's call and we appreciate your patience.” #false",user sincerely sorry sean reservation working hard answer everyone call appreciate false,0,137,21,Negative,0.090306,0.366639,0.543054,0.452748,Positive
568847512372514816,2015-02-20T18:59:50Z,2015-02-20,18,Friday,crj_lll,Virgin America,@VirginAmerica what is your policy on flying after surgery?,USER what is your policy on flying after surgery?,user policy flying surgery,0,59,9,Neutral,0.053645,0.930378,0.015976,-0.037669,Neutral
568848259008962560,2015-02-20T19:02:48Z,2015-02-20,19,Friday,pamelabacorn,United,"@united Flight is awful only one lavatory functioning, and people lining up, bumping, etc. because can't use 1st class bathroom. Ridiculous","USER flight is awful only one lavatory functioning, and people lining up, bumping, etc. because can't use 1st class bathroom. ridiculous",user flight awful one lavatory functioning people lining bumping etc ca use class bathroom ridiculous,1,139,22,Negative,0.940048,0.054476,0.005476,-0.934573,Negative
568850967673896960,2015-02-20T19:13:34Z,2015-02-20,19,Friday,sarababs,Virgin America,@VirginAmerica husband and I ordered three drinks via my screen and they never came. Awesome!,USER husband and i ordered three drinks via my screen and they never came. awesome!,user husband ordered three drink via screen never came awesome,0,93,15,Negative,0.028533,0.119279,0.852188,0.823656,Positive
568852319762313216,2015-02-20T19:18:56Z,2015-02-20,19,Friday,tekeskochteeyni,US Airways,@USAirways Know what I like about gate 35X @NationalAirpor ? Nothin.I like nothin bout yo #ghettofab gate #USAirways http://t.co/mAqw2nLNiU,USER know what i like about gate 35x USER ? nothin.i like nothin bout yo #ghettofab gate #usairways URL,user know like gate user like nothin bout yo ghettofab gate usairways url,0,139,22,Negative,0.783805,0.19337,0.022825,-0.76098,Negative
568852572188098561,2015-02-20T19:19:56Z,2015-02-20,19,Friday,melaniejane17,US Airways,@USAirways sure did. I have carried this bag on numerous times on the same style plane. Planning accordingly apparently accounts for nothing,USER sure did. i have carried this bag on numerous times on the same style plane. planning accordingly apparently accounts for nothing,user sure carried bag numerous time style plane planning accordingly apparently account nothing,0,140,22,Neutral,0.497728,0.432195,0.070077,-0.427651,Negative
568854401802051584,2015-02-20T19:27:12Z,2015-02-20,19,Friday,christinerimay,United,@united Still waiting on our bag! Never got delivered yesterday. Can't reach a real person for help. Sending DM with ref number.,USER still waiting on our bag! never got delivered yesterday. can't reach a real person for help. sending dm with ref number.,user still waiting bag never got delivered yesterday ca reach real person help sending dm ref number,0,128,23,Negative,0.926587,0.067926,0.005487,-0.9211,Negative
568855071322198016,2015-02-20T19:29:52Z,2015-02-20,19,Friday,vnpeace,United,"@united @bobwesson fair enough United. everybody is doing the best they can. Although that ""slight delay"" is turning into a Cancelled Flightlation.","USER USER fair enough united. everybody is doing the best they can. although that ""slight delay"" is turning into a cancelled flightlation.",user user fair enough united everybody best although slight delay turning cancelled flightlation,0,147,22,Negative,0.272242,0.637204,0.090554,-0.181688,Neutral
568855933360607232,2015-02-20T19:33:18Z,2015-02-20,19,Friday,crj_lll,Virgin America,@VirginAmerica they told to check with the airline regulation first so that is why I contacted you.,USER they told to check with the airline regulation first so that is why i contacted you.,user told check airline regulation first contacted,0,99,17,Neutral,0.019075,0.923222,0.057703,0.038629,Neutral
568858974281314304,2015-02-20T19:45:23Z,2015-02-20,19,Friday,clchicosky,US Airways,"@USAirways &amp; also that I was told no comps, upgrades, etc. ReFlight Booking Problems is good enough. #usairwaysfail","USER &amp; also that i was told no comps, upgrades, etc. reflight booking problems is good enough. #usairwaysfail",user amp also told comp upgrade etc reflight booking problem good enough usairwaysfail,0,119,18,Negative,0.899716,0.092998,0.007286,-0.89243,Negative
568860857326637056,2015-02-20T19:52:51Z,2015-02-20,19,Friday,normthompsonsr,Southwest,@SouthwestAir when is the next flight with free cocktails ?,USER when is the next flight with free cocktails ?,user next flight free cocktail,0,59,9,Neutral,0.006701,0.894195,0.099104,0.092403,Neutral
568861022343307264,2015-02-20T19:53:31Z,2015-02-20,19,Friday,jshkodnik,Delta,@JetBlue has the worst customer service out of any airline company. #dontflythem,USER has the worst customer service out of any airline company. #dontflythem,user worst customer service airline company dontflythem,0,80,12,Negative,0.955019,0.038267,0.006714,-0.948305,Negative
568861899435016192,2015-02-20T19:57:00Z,2015-02-20,19,Friday,skydiverchad,US Airways,@USAirways - Check-in staff at PHX are awesome! Great traffic control for general boarding.,USER - check-in staff at phx are awesome! great traffic control for general boarding.,user staff phx awesome great traffic control general boarding,0,91,14,Positive,0.003472,0.014774,0.981753,0.978281,Positive
568864815654899712,2015-02-20T20:08:35Z,2015-02-20,20,Friday,sleubeau,Virgin America,@VirginAmerica Need to start flying to @KCIAirport . 😊😀😃😄,USER need to start flying to USER . 😊😀😃😄,user need start flying user,0,57,7,Neutral,0.007412,0.245473,0.747115,0.739702,Positive
568865011717705730,2015-02-20T20:09:22Z,2015-02-20,20,Friday,notthatnathan,Virgin America,@VirginAmerica I need you to follow back in order to DM.,USER i need you to follow back in order to dm.,user need follow back order dm,0,56,11,Neutral,0.017141,0.930249,0.05261,0.035469,Neutral
568867930127114240,2015-02-20T20:20:58Z,2015-02-20,20,Friday,elliottgilmore,US Airways,@USAirways another squashed flight. Having to share my seat with another passenger is not@my idea of quality travel,USER another squashed flight. having to share my seat with another passenger is not USER idea of quality travel,user another squashed flight share seat another passenger user idea quality travel,0,115,19,Negative,0.895425,0.097147,0.007428,-0.887997,Negative
568871143022731265,2015-02-20T20:33:44Z,2015-02-20,20,Friday,paintboxgirl,United,"@united If a business decision is made that inconveniences and possibly causes lost customers, is it a good business decision? #Cranky","USER if a business decision is made that inconveniences and possibly causes lost customers, is it a good business decision? #cranky",user business decision made inconvenience possibly cause lost customer good business decision cranky,0,134,21,Negative,0.832872,0.159967,0.007161,-0.825711,Negative
568872120471687168,2015-02-20T20:37:37Z,2015-02-20,20,Friday,urno12,United,@united thank you thank you thank you for contacting me. Thank you for the offer of a $1000 travel certificate #unitedairlines,USER thank you thank you thank you for contacting me. thank you for the offer of a $ NUMBER travel certificate #unitedairlines,user thank thank thank contacting thank offer number travel certificate unitedairlines,0,126,21,Positive,0.002166,0.03785,0.959984,0.957818,Positive
568872291427160065,2015-02-20T20:38:18Z,2015-02-20,20,Friday,paintboxgirl,United,@united mine is GJQX6J husband is A587CW (Can't DM for some reason.),USER mine is gjqx6j husband is a587cw (can't dm for some reason.),user mine husband ca dm reason,0,68,13,Neutral,0.211639,0.747671,0.04069,-0.170949,Neutral
568874399652306944,2015-02-20T20:46:40Z,2015-02-20,20,Friday,justcurious1971,US Airways,@USAirways That's not the question. Question is: how do I get past the computer fastest if we both know that the computer can't help me?,USER that's not the question. question is: how do i get past the computer fastest if we both know that the computer can't help me?,user question question get past computer fastest know computer ca help,0,136,27,Neutral,0.600679,0.373291,0.02603,-0.574649,Negative
568874645564362752,2015-02-20T20:47:39Z,2015-02-20,20,Friday,acronymbex,Virgin America,@VirginAmerica Thank you!!,USER thank you!!,user thank,0,26,3,Positive,0.006777,0.031855,0.961368,0.954592,Positive
568874741249007616,2015-02-20T20:48:02Z,2015-02-20,20,Friday,bugstory,United,@united the passengers waited inside the flight on the runway and returned back in o gate that should not count as a valid journey,USER the passengers waited inside the flight on the runway and returned back in o gate that should not count as a valid journey,user passenger waited inside flight runway returned back gate count valid journey,0,130,24,Negative,0.775305,0.218596,0.006099,-0.769206,Negative
568878340200906752,2015-02-20T21:02:20Z,2015-02-20,21,Friday,mystylevita,Southwest,@SouthwestAir it's pretty stupid and I probably won't fly it again. Plus hearing nightmare stories of overbooked flights.,USER it's pretty stupid and i probably won't fly it again. plus hearing nightmare stories of overbooked flights.,user pretty stupid probably wo fly plus hearing nightmare story overbooked flight,0,121,20,Negative,0.953792,0.042145,0.004063,-0.94973,Negative
568881442438176769,2015-02-20T21:14:39Z,2015-02-20,21,Friday,chrisseifert83,US Airways,@USAirways this is ridiculous #planebroken can't wait to board this one home 5 hours Late Flightr #neverontime #brutal #paymytab,USER this is ridiculous #planebroken can't wait to board this one home NUMBER hours late flightr #neverontime #brutal #paymytab,user ridiculous planebroken ca wait board one home number hour late flightr neverontime brutal paymytab,0,128,20,Negative,0.945242,0.048136,0.006622,-0.93862,Negative
568882014415249408,2015-02-20T21:16:56Z,2015-02-20,21,Friday,snellbell,Virgin America,@VirginAmerica already contacted Central Baggage &amp; sent DM. @RenttheRunway is charging me for the dress that was in the lost suitcase #help,USER already contacted central baggage &amp; sent dm. USER is charging me for the dress that was in the lost suitcase #help,user already contacted central baggage amp sent dm user charging dress lost suitcase help,0,143,22,Negative,0.654647,0.332705,0.012648,-0.641999,Negative
568882606634369024,2015-02-20T21:19:17Z,2015-02-20,21,Friday,aroundtowngabby,Delta,@JetBlue - loving Capt Joe on our flight from BOS to SFO #633. This should be fun!,USER - loving capt joe on our flight from bos to sfo # NUMBER . this should be fun!,user loving capt joe flight bos sfo number fun,0,82,16,Positive,0.001569,0.011367,0.987064,0.985495,Positive
568883664219537408,2015-02-20T21:23:29Z,2015-02-20,21,Friday,middlebrowmadam,United,@united this is for a check-in luggage. Employee told me not to include wheels in the dimensions.,USER this is for a check-in luggage. employee told me not to include wheels in the dimensions.,user luggage employee told include wheel dimension,0,97,18,Neutral,0.311024,0.666918,0.022058,-0.288965,Neutral
568883981371846656,2015-02-20T21:24:45Z,2015-02-20,21,Friday,itsangieohyeah,Southwest,@SouthwestAir 8 mins!!! http://t.co/bbZiJWFDL3,USER NUMBER mins!!! URL,user number min url,0,46,7,Neutral,0.005407,0.66174,0.332853,0.327446,Neutral
568884848632279041,2015-02-20T21:28:11Z,2015-02-20,21,Friday,crj_lll,Virgin America,@VirginAmerica what is your policy on flying after surgery? I am still waiting for answer so I can tell me doctor.,USER what is your policy on flying after surgery? i am still waiting for answer so i can tell me doctor.,user policy flying surgery still waiting answer tell doctor,0,114,21,Neutral,0.354417,0.625155,0.020428,-0.33399,Neutral
568890062286385153,2015-02-20T21:48:54Z,2015-02-20,21,Friday,lizautter,Virgin America,👍👍✈️✈️💗 When are you guys going to start flying to Paris? @VirginAmerica: @LizaUtter You're welcome.”,👍👍✈️✈️💗 when are you guys going to start flying to paris? USER : USER you're welcome.”,guy going start flying paris user user welcome,0,101,15,Neutral,0.001503,0.050634,0.947863,0.94636,Positive
568890074164809728,2015-02-20T21:48:57Z,2015-02-20,21,Friday,maverickgamersx,Virgin America,@VirginAmerica we have a hot female pilot! Sweet! DCA to SFO! :-),USER we have a hot female pilot! sweet! dca to sfo! :-),user hot female pilot sweet dca sfo,0,65,11,Positive,0.001863,0.011908,0.986229,0.984365,Positive
568894687911632896,2015-02-20T22:07:17Z,2015-02-20,22,Friday,thomregan,Southwest,@SouthwestAir I filled in the form on the website too. Darn it all. I guess I'll just have to cross my fingers.,USER i filled in the form on the website too. darn it all. i guess i'll just have to cross my fingers.,user filled form website darn guess cross finger,0,111,23,Negative,0.817111,0.167079,0.01581,-0.801301,Negative
568894795294363648,2015-02-20T22:07:43Z,2015-02-20,22,Friday,timatconservis,US Airways,@USAirways I'm trying to Request Missed Mileage and it keeps saying it can't my flight from 2/13. Then it says call the number.,USER i'm trying to request missed mileage and it keeps saying it can't my flight from NUMBER / NUMBER . then it says call the number.,user trying request missed mileage keep saying ca flight number number say call number,0,127,26,Negative,0.78644,0.206803,0.006756,-0.779684,Negative
568895842293309440,2015-02-20T22:11:53Z,2015-02-20,22,Friday,schrammryan,United,@united you are making me miss big snow in Montana. Not cool.,USER you are making me miss big snow in montana. not cool.,user making miss big snow montana cool,0,61,12,Negative,0.9042,0.084069,0.011732,-0.892468,Negative
568897992712802304,2015-02-20T22:20:25Z,2015-02-20,22,Friday,alsorococo,United,"@united next time I will not volunteer to let you gate check my bag for space, since you obviously can't deliver it in a timely manner.","USER next time i will not volunteer to let you gate check my bag for space, since you obviously can't deliver it in a timely manner.",user next time volunteer let gate check bag space since obviously ca deliver timely manner,0,135,27,Negative,0.898657,0.094865,0.006477,-0.89218,Negative
568898634923843586,2015-02-20T22:22:58Z,2015-02-20,22,Friday,chrisseifert83,US Airways,@USAirways nothing important to do. Why was I told to wait in the @AmericanAir line? #patiencerunningout,USER nothing important to do. why was i told to wait in the USER line? #patiencerunningout,user nothing important told wait user line patiencerunningout,0,104,16,Negative,0.900184,0.093441,0.006376,-0.893808,Negative
568900770860392448,2015-02-20T22:31:28Z,2015-02-20,22,Friday,alsorococo,United,"@united don't need your apologies, need my bag. Took 56 minutes from landing to get it. Unacceptable.","USER don't need your apologies, need my bag. took NUMBER minutes from landing to get it. unacceptable.",user need apology need bag took number minute landing get unacceptable,1,101,18,Negative,0.902983,0.089532,0.007485,-0.895498,Negative
568904934495629312,2015-02-20T22:48:00Z,2015-02-20,22,Friday,pseudomachine,Delta,"@JetBlue No, the flight wasn't until 9:51pm, but it's already been delayed.","USER no, the flight wasn't until NUMBER :51pm, but it's already been delayed.",user flight number already delayed,0,75,15,Negative,0.711692,0.282152,0.006156,-0.705536,Negative
568905087608881152,2015-02-20T22:48:37Z,2015-02-20,22,Friday,chrislaylin,United,@united Existing reservation is fine. I was talking about no longer having an 0600 CMH-ORD option. 0638 gets me in too Late Flight.,USER existing reservation is fine. i was talking about no longer having an NUMBER cmh-ord option. NUMBER gets me in too late flight.,user existing reservation fine talking longer number option number get late flight,0,131,24,Negative,0.293801,0.653912,0.052286,-0.241515,Neutral
568905924217217024,2015-02-20T22:51:56Z,2015-02-20,22,Friday,_itsmehollywood,Southwest,@SouthwestAir Late Flightly you've always been Late Flight! Please get back to the old #SWA!!,USER late flightly you've always been late flight! please get back to the old #swa!!,user late flightly always late flight please get back old swa,0,93,16,Negative,0.364087,0.512899,0.123014,-0.241072,Neutral
568906726906335234,2015-02-20T22:55:08Z,2015-02-20,22,Friday,rawbeeeen,Southwest,@SouthwestAir got it taken care of! thank you &lt;3,USER got it taken care of! thank you &lt; NUMBER,user got taken care thank lt number,0,51,10,Positive,0.009859,0.065258,0.924883,0.915024,Positive
568910702070534144,2015-02-20T23:10:55Z,2015-02-20,23,Friday,fuyukaidesuyo,Southwest,@SouthwestAir I would sell my nonexistent soul to go see #DestinationDragons,USER i would sell my nonexistent soul to go see #destinationdragons,user would sell nonexistent soul go see destinationdragons,0,76,11,Neutral,0.160681,0.435033,0.404285,0.243604,Neutral
568910988361244672,2015-02-20T23:12:04Z,2015-02-20,23,Friday,thomasrhodes,US Airways,@USAirways thanks for nothing,USER thanks for nothing,user thanks nothing,0,29,4,Negative,0.742736,0.231311,0.025954,-0.716782,Negative
568911270566608896,2015-02-20T23:13:11Z,2015-02-20,23,Friday,craighall19701,US Airways,"@USAirways yep, check it and my gmail 'Promotions' folder regularly... :-(","USER yep, check it and my gmail 'promotions' folder regularly... :-(",user yep check gmail folder regularly,0,74,10,Negative,0.875589,0.116639,0.007773,-0.867816,Negative
568918313239064576,2015-02-20T23:41:10Z,2015-02-20,23,Friday,davidgoodson71,Southwest,@SouthwestAir @JulGood1 she was traveling with me the one that got miscommunicated with,USER USER she was traveling with me the one that got miscommunicated with,user user traveling one got miscommunicated,2,87,13,Negative,0.351795,0.632936,0.015269,-0.336526,Neutral
568919308006395904,2015-02-20T23:45:07Z,2015-02-20,23,Friday,andrewdobos,Delta,.@JetBlue yes. Filed a claim and they issued $30 credit as a courtesy. The whole thing seems exceptionally uncourteous to me.,. USER yes. filed a claim and they issued $ NUMBER credit as a courtesy. the whole thing seems exceptionally uncourteous to me.,user yes filed claim issued number credit courtesy whole thing seems exceptionally uncourteous,0,125,21,Negative,0.865411,0.126725,0.007864,-0.857547,Negative
568920614716600320,2015-02-20T23:50:19Z,2015-02-20,23,Friday,kevin_e_park,Virgin America,@VirginAmerica way to take advantage of #MayweatherPacquiao :),USER way to take advantage of #mayweatherpacquiao :),user way take advantage mayweatherpacquiao,0,62,7,Neutral,0.003197,0.098796,0.898007,0.894811,Positive
568923762764095488,2015-02-21T00:02:49Z,2015-02-21,0,Saturday,alyssajens,Virgin America,@VirginAmerica I see what you did there ;),USER i see what you did there ;),user see,0,42,7,Positive,0.004296,0.074902,0.920803,0.916507,Positive
568927730160549888,2015-02-21T00:18:35Z,2015-02-21,0,Saturday,suijuris,United,@united any chance you'll ever do CPUs on your JFK-LAX like @AmericanAir?,USER any chance you'll ever do cpus on your jfk-lax like USER ?,user chance ever cpu like user,0,73,14,Neutral,0.014581,0.908673,0.076746,0.062165,Neutral
568929935273930752,2015-02-21T00:27:21Z,2015-02-21,0,Saturday,hgeronemus,Delta,"Cool! ""@JetBlue: @hgeronemus We are 60% there and anticipate completing installation on all our A320's this year. http://t.co/sGckBopATA”","cool! "" USER : USER we are NUMBER % there and anticipate completing installation on all our a320's this year. URL",cool user user number anticipate completing installation year url,0,137,22,Positive,0.001529,0.028387,0.970084,0.968556,Positive
568929979981033472,2015-02-21T00:27:32Z,2015-02-21,0,Saturday,djchuang,Virgin America,@VirginAmerica thanks for gate checking my baggage on your full flight dfw-lax 883 and giving me early boarding too #sweet,USER thanks for gate checking my baggage on your full flight dfw-lax NUMBER and giving me early boarding too #sweet,user thanks gate checking baggage full flight number giving early boarding sweet,1,122,21,Positive,0.003734,0.039953,0.956313,0.95258,Positive
568935494375108608,2015-02-21T00:49:26Z,2015-02-21,0,Saturday,jswem25,US Airways,@USAirways 2 hours on hold and issue still not resolved. hope to make my flight in 12 hours. for every minute of talk = 20 minutes of hold,USER NUMBER hours on hold and issue still not resolved. hope to make my flight in NUMBER hours. for every minute of talk = NUMBER minutes of hold,user number hour hold issue still resolved hope make flight number hour every minute talk number minute hold,0,138,27,Negative,0.881753,0.110049,0.008198,-0.873555,Negative
568937741037088768,2015-02-21T00:58:22Z,2015-02-21,0,Saturday,kimlynam2,US Airways,@USAirways Now the next plane had a broken seat! My row! Another hour delay! #mad,USER now the next plane had a broken seat! my row! another hour delay! #mad,user next plane broken seat row another hour delay mad,0,81,15,Negative,0.932235,0.061692,0.006073,-0.926161,Negative
568945122961784833,2015-02-21T01:27:42Z,2015-02-21,1,Saturday,bob_dickson,Southwest,"@SouthwestAir 14 hours???? Sorry don't get it. Oh well. Screw the weekend in Az right? Eat the hotel, no problem.","USER NUMBER hours???? sorry don't get it. oh well. screw the weekend in az right? eat the hotel, no problem.",user number hour sorry get oh well screw weekend az right eat hotel problem,0,113,21,Negative,0.837145,0.149091,0.013764,-0.823381,Negative
568945958970531840,2015-02-21T01:31:01Z,2015-02-21,1,Saturday,henrylucero,Virgin America,@VirginAmerica requested window seat and confirmed window but got stuck in middle seat. Not a good way to treat silver member😒,USER requested window seat and confirmed window but got stuck in middle seat. not a good way to treat silver member😒,user requested window seat confirmed window got stuck middle seat good way treat silver,0,126,21,Negative,0.913521,0.081237,0.005242,-0.90828,Negative
568947358349701120,2015-02-21T01:36:35Z,2015-02-21,1,Saturday,benje0123,US Airways,@USAirways hello I have a question for you and your phone lines have jammed,USER hello i have a question for you and your phone lines have jammed,user hello question phone line jammed,0,75,14,Negative,0.790249,0.201792,0.007959,-0.782291,Negative
568947768149938176,2015-02-21T01:38:13Z,2015-02-21,1,Saturday,kimibader,Southwest,"@SouthwestAir not frustrated, just an idea! Great crew. Thanks! #happycustomer","USER not frustrated, just an idea! great crew. thanks! #happycustomer",user frustrated idea great crew thanks happycustomer,0,78,10,Positive,0.005306,0.014742,0.979952,0.974645,Positive
568950706008231936,2015-02-21T01:49:53Z,2015-02-21,1,Saturday,elbrooklyntaco,United,"@united unsmiling rep. told us hotel shuttle comes ""like every 15 minutes."" Breezy 30 min. Late Flightr we're taking a cab. You going to reimburse?","USER unsmiling rep. told us hotel shuttle comes ""like every NUMBER minutes."" breezy NUMBER min. late flightr we're taking a cab. you going to reimburse?",user unsmiling told u hotel shuttle come like every number minute breezy number min late flightr taking cab going reimburse,1,147,26,Negative,0.748421,0.243268,0.008311,-0.740111,Negative
568952850908213248,2015-02-21T01:58:24Z,2015-02-21,1,Saturday,ronisrealtor,United,"@united again HORRIBLE service, again attitude when asked for information, again you make me not want to fly UNITED ever. #platinummember","USER again horrible service, again attitude when asked for information, again you make me not want to fly united ever. #platinummember",user horrible service attitude asked information make want fly united ever platinummember,1,137,21,Negative,0.940445,0.052838,0.006718,-0.933727,Negative
568955324511563776,2015-02-21T02:08:14Z,2015-02-21,2,Saturday,tumbasherman,Delta,@JetBlue love you guys. You know that. But I paid for prem. wifi toplay @vainglorygame. No go. Ping terrible / up too http://t.co/CmjRIWOP7O,USER love you guys. you know that. but i paid for prem. wifi toplay USER . no go. ping terrible / up too URL,user love guy know paid prem wifi toplay user go ping terrible url,2,140,25,Negative,0.741219,0.178774,0.080007,-0.661212,Negative
568958107205783554,2015-02-21T02:19:18Z,2015-02-21,2,Saturday,kellanjacobs,United,@united you phone customer service team is bad. Think it is time for me to consider switching airlines.,USER you phone customer service team is bad. think it is time for me to consider switching airlines.,user phone customer service team bad think time consider switching airline,1,103,18,Negative,0.955722,0.039074,0.005204,-0.950518,Negative
568959416524886016,2015-02-21T02:24:30Z,2015-02-21,2,Saturday,hrp911,US Airways,@USAirways Already tried. How about Conf # via DM,USER already tried. how about conf # via dm,user already tried conf via dm,0,49,8,Negative,0.037745,0.90729,0.054965,0.017219,Neutral
568961064651460608,2015-02-21T02:31:03Z,2015-02-21,2,Saturday,dlewis2412,Delta,@JetBlue what's up with the broken tv in seat 6F on flight 1818 today? Planned to catch the @cavs game!!! Nooooo,USER what's up with the broken tv in seat 6f on flight NUMBER today? planned to catch the USER game!!! nooooo,user broken tv seat flight number today planned catch user game nooooo,0,112,22,Negative,0.889412,0.102916,0.007672,-0.881739,Negative
568961404067164160,2015-02-21T02:32:24Z,2015-02-21,2,Saturday,ktrerotola,Delta,@JetBlue thanks for the info... Figured that was the case. Hopefully my new hashtag will change that ;) #ABCLetJetBlueStreamFeed,USER thanks for the info... figured that was the case. hopefully my new hashtag will change that ;) #abcletjetbluestreamfeed,user thanks info figured case hopefully new hashtag change abcletjetbluestreamfeed,0,128,18,Positive,0.005919,0.163658,0.830423,0.824504,Positive
568964732981530624,2015-02-21T02:45:37Z,2015-02-21,2,Saturday,shankarpranam,Southwest,@SouthwestAir All's well. I got comped with multiple other bags which just made my day! http://t.co/1AAVvoREpH,USER all's well. i got comped with multiple other bags which just made my day! URL,user well got comped multiple bag made day url,0,110,20,Positive,0.002832,0.016147,0.981021,0.978188,Positive
568965165783388160,2015-02-21T02:47:21Z,2015-02-21,2,Saturday,xvandanx,United,"@united Thanks for nothing. Next time I'll bring a whole extra suitcase for my 1 extra pound. That makes sense, right?","USER thanks for nothing. next time i'll bring a whole extra suitcase for my NUMBER extra pound. that makes sense, right?",user thanks nothing next time bring whole extra suitcase number extra pound make sense right,0,118,22,Negative,0.355301,0.468358,0.176341,-0.178961,Neutral
568985883589906432,2015-02-21T04:09:40Z,2015-02-21,4,Saturday,your_ride_dear,United,"@united @airlines. Agents arguing about check bag announcement. Looked for room until seat 20, gave up and walked back to seat 7.Unnecessary","USER USER . agents arguing about check bag announcement. looked for room until seat NUMBER , gave up and walked back to seat NUMBER .unnecessary",user user agent arguing check bag announcement looked room seat number gave walked back seat number,0,140,23,Negative,0.643134,0.342181,0.014685,-0.62845,Negative
568988757954678784,2015-02-21T04:21:05Z,2015-02-21,4,Saturday,csqd,United,@united it most certainly was not.,USER it most certainly was not.,user certainly,0,34,6,Negative,0.589006,0.3721,0.038894,-0.550112,Negative
568993159419535360,2015-02-21T04:38:35Z,2015-02-21,4,Saturday,thatsmypotpie,Delta,@JetBlue 1242 now?! I may cry!,USER NUMBER now?! i may cry!,user number may cry,0,30,6,Negative,0.397722,0.355706,0.246573,-0.151149,Negative
568994622866915328,2015-02-21T04:44:24Z,2015-02-21,4,Saturday,misskiayona,US Airways,@USAirways I will write CR. Not sure what good it'll do as the customer service I experienced was horrible.,USER i will write cr. not sure what good it'll do as the customer service i experienced was horrible.,user write cr sure good customer service experienced horrible,0,107,20,Negative,0.929885,0.063695,0.00642,-0.923466,Negative
568994755268513793,2015-02-21T04:44:55Z,2015-02-21,4,Saturday,stephenrodrick,US Airways,@USAirways Can you tell me why I waited 90 mins and then was charged the $25 phone change fee even tho I wasn't allow to make change online?,USER can you tell me why i waited NUMBER mins and then was charged the $ NUMBER phone change fee even tho i wasn't allow to make change online?,user tell waited number min charged number phone change fee even tho allow make change online,0,140,29,Negative,0.763837,0.228574,0.007589,-0.756248,Negative
568997044406374400,2015-02-21T04:54:01Z,2015-02-21,4,Saturday,sweetingr,US Airways,"@USAirways but wait! They are booked, along with all other hotels nearby. I was sent anyway, to the hotel managers disbelief.","USER but wait! they are booked, along with all other hotels nearby. i was sent anyway, to the hotel managers disbelief.",user wait booked along hotel nearby sent anyway hotel manager disbelief,0,125,21,Negative,0.067166,0.700059,0.232775,0.165609,Neutral
568999266741411840,2015-02-21T05:02:51Z,2015-02-21,5,Saturday,dragons_arelife,Southwest,@SouthwestAir Hey southwest! I wanna go to see @Imaginedragons ! You guys are a lot better then jet blue.,USER hey southwest! i wanna go to see USER ! you guys are a lot better then jet blue.,user hey southwest wan na go see user guy lot better jet blue,0,105,18,Positive,0.009913,0.062742,0.927345,0.917432,Positive
569006176186183680,2015-02-21T05:30:18Z,2015-02-21,5,Saturday,ben0fficial,US Airways,@USAirways so am I supposed to discuss this matter with a computer? #BadCustomerService #Airlines #DividendRewards,USER so am i supposed to discuss this matter with a computer? #badcustomerservice #airlines #dividendrewards,user supposed discus matter computer badcustomerservice airline dividendrewards,0,114,15,Negative,0.906274,0.088569,0.005157,-0.901117,Negative
569018352464588800,2015-02-21T06:18:41Z,2015-02-21,6,Saturday,woawabq,Virgin America,"@VirginAmerica If you'd love to see more girls be inspired to become pilots, RT our free WOAW event March 2-8 at ABQ. http://t.co/rfXlV1kGDh","USER if you'd love to see more girls be inspired to become pilots, rt our free woaw event march NUMBER - NUMBER at abq. URL",user love see girl inspired become pilot rt free woaw event march number number abq url,0,140,28,Neutral,0.002292,0.09671,0.900998,0.898705,Positive
569020707113476096,2015-02-21T06:28:03Z,2015-02-21,6,Saturday,courtdmc,Virgin America,"@VirginAmerica thank you for the easy itinerary shift for impending weather. Quick, painless &amp; free.","USER thank you for the easy itinerary shift for impending weather. quick, painless &amp; free.",user thank easy itinerary shift impending weather quick painless amp free,0,104,15,Positive,0.006368,0.049693,0.94394,0.937572,Positive
569028851860254720,2015-02-21T07:00:24Z,2015-02-21,7,Saturday,alanzeino,Virgin America,@VirginAmerica current bug on website shows ‘select departure city’ when selecting destination city http://t.co/SLLYIBE2vQ,USER current bug on website shows ‘select departure city’ when selecting destination city URL,user current bug website show select departure city selecting destination city url,0,122,17,Negative,0.730526,0.261027,0.008447,-0.722079,Negative
569030219438239744,2015-02-21T07:05:51Z,2015-02-21,7,Saturday,andreadurkee,United,@united - you delayed our departure by 2 hrs to wait for passengers from another flight that was Late Flight! Unacceptable!!,USER - you delayed our departure by NUMBER hrs to wait for passengers from another flight that was late flight! unacceptable!!,user delayed departure number hr wait passenger another flight late flight unacceptable,1,124,20,Negative,0.931375,0.063399,0.005226,-0.926149,Negative
569030463760650241,2015-02-21T07:06:49Z,2015-02-21,7,Saturday,beloveddavida,Southwest,@SouthwestAir had a great LA flight with Clarence and Frank! Those 2 guys are a hoot! 😜😂 thanks,USER had a great la flight with clarence and frank! those NUMBER guys are a hoot! 😜😂 thanks,user great la flight clarence frank number guy hoot thanks,0,95,17,Positive,0.002317,0.010411,0.987272,0.984955,Positive
569079956912758784,2015-02-21T10:23:29Z,2015-02-21,10,Saturday,wtfloris,US Airways,@USAirways International,USER international,user international,0,24,2,Neutral,0.04858,0.88261,0.068811,0.020231,Neutral
569083230361673728,2015-02-21T10:36:29Z,2015-02-21,10,Saturday,eatgregeat,Virgin America,"@VirginAmerica - the passenger in 7D, Flt 338 that assaulted me shouldn't have flown. I trust he's banned. Crew filed report to @FAANews","USER - the passenger in 7d, flt NUMBER that assaulted me shouldn't have flown. i trust he's banned. crew filed report to USER",user passenger flt number assaulted flown trust banned crew filed report user,0,136,24,Negative,0.912706,0.082286,0.005008,-0.907698,Negative
569096740676222976,2015-02-21T11:30:10Z,2015-02-21,11,Saturday,michael_lytle,Delta,@JetBlue today my family gets to experience #mosaic status w/ me! #LifeIsGood,USER today my family gets to experience #mosaic status w/ me! #lifeisgood,user today family get experience mosaic status lifeisgood,0,77,12,Positive,0.001725,0.013474,0.984801,0.983076,Positive
569099306147454976,2015-02-21T11:40:22Z,2015-02-21,11,Saturday,rawtraveltv,Southwest,@SouthwestAir apologies help. Would have been nice had supvsr. Sally in CLE offered one. Not usual gr8 southwest customer service I love,USER apologies help. would have been nice had supvsr. sally in cle offered one. not usual gr8 southwest customer service i love,user apology help would nice supvsr sally cle offered one usual southwest customer service love,0,136,22,Negative,0.070475,0.215905,0.71362,0.643145,Positive
569111291454840833,2015-02-21T12:28:00Z,2015-02-21,12,Saturday,haleykateb,Southwest,"@SouthwestAir Thanks for not telling us our flight was Cancelled Flightled, not helping us in anyway and ruining my birthday. #worstcustomerservice","USER thanks for not telling us our flight was cancelled flightled, not helping us in anyway and ruining my birthday. #worstcustomerservice",user thanks telling u flight cancelled flightled helping u anyway ruining birthday worstcustomerservice,0,147,21,Negative,0.947379,0.048002,0.00462,-0.942759,Negative
569130620963696640,2015-02-21T13:44:48Z,2015-02-21,13,Saturday,triniluv81,Delta,@JetBlue got it. Thanks,USER got it. thanks,user got thanks,0,23,4,Positive,0.012529,0.370304,0.617166,0.604637,Positive
569133987668623360,2015-02-21T13:58:11Z,2015-02-21,13,Saturday,aoofori,Southwest,@SouthwestAir Have been on hold to reschedule a flight for 1.5 hours! Please help! Phone will be out of batteries soon.,USER have been on hold to reschedule a flight for NUMBER hours! please help! phone will be out of batteries soon.,user hold reschedule flight number hour please help phone battery soon,0,119,22,Negative,0.904736,0.085133,0.010131,-0.894605,Negative
569153207148150785,2015-02-21T15:14:33Z,2015-02-21,15,Saturday,therealcab,US Airways,@USAirways how long are you going make us sit in this plane while they repair it? Could I at least get a beer???,USER how long are you going make us sit in this plane while they repair it? could i at least get a beer???,user long going make u sit plane repair could least get beer,0,112,23,Negative,0.856055,0.135674,0.008271,-0.847783,Negative
569153249917452288,2015-02-21T15:14:43Z,2015-02-21,15,Saturday,amyvenezia,Southwest,@SouthwestAir been on hold for 2 1/2 hrs. Can't get 2 airport 4 flight icy country backroads! Help pls? @SouthwestAir #BNA,USER been on hold for NUMBER NUMBER / NUMBER hrs. can't get NUMBER airport NUMBER flight icy country backroads! help pls? USER #bna,user hold number number number hr ca get number airport number flight icy country backroads help pls user bna,0,122,23,Negative,0.899892,0.094565,0.005543,-0.894349,Negative
569153669867945984,2015-02-21T15:16:23Z,2015-02-21,15,Saturday,smonnat,United,@united officially has the most inefficient boarding procedure. There is no reason it should take 45 mins to board a plane!,USER officially has the most inefficient boarding procedure. there is no reason it should take NUMBER mins to board a plane!,user officially inefficient boarding procedure reason take number min board plane,1,123,21,Negative,0.950703,0.043078,0.006219,-0.944484,Negative
569153841083625473,2015-02-21T15:17:04Z,2015-02-21,15,Saturday,observepeople,US Airways,"@usairways when trying to check-in online, it says to call...now I've been on hold for 2 hours...what to do?","USER when trying to check-in online, it says to call...now i've been on hold for NUMBER hours...what to do?",user trying online say call hold number hour,0,108,23,Negative,0.725297,0.265228,0.009476,-0.715821,Negative
569156321636847617,2015-02-21T15:26:56Z,2015-02-21,15,Saturday,thatjasoneaton,Delta,@JetBlue if you want to fly in a storm that's your right. But give us the choice. We have kids and don't want to chance it. #nixchangefees,USER if you want to fly in a storm that's your right. but give us the choice. we have kids and don't want to chance it. #nixchangefees,user want fly storm right give u choice kid want chance nixchangefees,0,138,29,Negative,0.473585,0.487072,0.039342,-0.434243,Neutral
569162276403609600,2015-02-21T15:50:35Z,2015-02-21,15,Saturday,daniel_jdixon,Southwest,@southwestair your attendants at the ATL airport are awesome! Very helpful with all the Cancelled Flightlations this morning.,USER your attendants at the atl airport are awesome! very helpful with all the cancelled flightlations this morning.,user attendant atl airport awesome helpful cancelled flightlations morning,0,125,18,Positive,0.004211,0.015768,0.980022,0.975811,Positive
569165378359656448,2015-02-21T16:02:55Z,2015-02-21,16,Saturday,jeffreyfields,Southwest,@SouthwestAir this is ridiculous. It's been 2 hours on hold to rebook Cancelled Flightled flight.,USER this is ridiculous. it's been NUMBER hours on hold to rebook cancelled flightled flight.,user ridiculous number hour hold rebook cancelled flightled flight,0,97,16,Negative,0.9357,0.059236,0.005064,-0.930636,Negative
569169690997751808,2015-02-21T16:20:03Z,2015-02-21,16,Saturday,donnieberaskow,US Airways,@USAirways trying to Cancelled Flight a flight urgently...get hung up on twice??? Sweet refund policy,USER trying to cancelled flight a flight urgently...get hung up on twice??? sweet refund policy,user trying cancelled flight flight urgently get hung twice sweet refund policy,0,101,16,Negative,0.88473,0.104363,0.010907,-0.873824,Negative
569170897606709250,2015-02-21T16:24:51Z,2015-02-21,16,Saturday,owenmcstravick,United,"@united your website won't allow me to post the required document, i keep getting **were having technical difficulties**","USER your website won't allow me to post the required document, i keep getting **were having technical difficulties**",user website wo allow post required document keep getting technical difficulty,0,120,19,Negative,0.890865,0.104068,0.005067,-0.885797,Negative
569171651381702657,2015-02-21T16:27:51Z,2015-02-21,16,Saturday,nickdawson,US Airways,@USAirways gold desk quoting me $900 to rebook due to weather. Can buy first seat on same flight for $440. Why? On hold for 45+ mins now,USER gold desk quoting me $ NUMBER to rebook due to weather. can buy first seat on same flight for $ NUMBER . why? on hold for NUMBER + mins now,user gold desk quoting number rebook due weather buy first seat flight number hold number min,0,136,27,Negative,0.822822,0.170007,0.007171,-0.815651,Negative
569179517522046977,2015-02-21T16:59:06Z,2015-02-21,16,Saturday,borknagar,Virgin America,"@VirginAmerica Hi, I'm trying to do check-in but the website is not working. I tried 3 different browsers and the problem continues","USER hi, i'm trying to do check-in but the website is not working. i tried NUMBER different browsers and the problem continues",user hi trying website working tried number different browser problem continues,0,131,24,Negative,0.826182,0.16427,0.009549,-0.816633,Negative
569179631409958912,2015-02-21T16:59:33Z,2015-02-21,16,Saturday,dan_humboldt,Southwest,@SouthwestAir been on hold for over an hour to speak to a customer service rep. What the heck?? #Southwest #customerservice,USER been on hold for over an hour to speak to a customer service rep. what the heck?? #southwest #customerservice,user hold hour speak customer service heck southwest customerservice,0,123,20,Negative,0.922493,0.070644,0.006863,-0.915631,Negative
569179721549914112,2015-02-21T16:59:55Z,2015-02-21,16,Saturday,29mc29,United,@united how much does a ski bag cost to check? Bag contains 1 pair is skis and one pair of poles,USER how much does a ski bag cost to check? bag contains NUMBER pair is skis and one pair of poles,user much ski bag cost check bag contains number pair ski one pair pole,0,96,21,Neutral,0.02649,0.928247,0.045263,0.018772,Neutral
569179843247517698,2015-02-21T17:00:24Z,2015-02-21,17,Saturday,sbburkejewelry,Southwest,@SouthwestAir LOST Kay Chapman Designs art-luggage for important show. Won't help locate it. Terrible customer service.,USER lost kay chapman designs art-luggage for important show. won't help locate it. terrible customer service.,user lost kay chapman design important show wo help locate terrible customer service,0,119,18,Negative,0.93235,0.060958,0.006692,-0.925658,Negative
569182303034974208,2015-02-21T17:10:10Z,2015-02-21,17,Saturday,airtraffic01,US Airways,@USAirways what is with all the Cancelled Flightlations to PBI? We have pax at DCA that have been sent to 4 different lines between AAL and AWE. Help!,USER what is with all the cancelled flightlations to pbi? we have pax at dca that have been sent to NUMBER different lines between aal and awe. help!,user cancelled flightlations pbi pax dca sent number different line aal awe help,0,150,28,Negative,0.70712,0.282689,0.010191,-0.696929,Negative
569184833361936387,2015-02-21T17:20:13Z,2015-02-21,17,Saturday,bavarianlin,Southwest,@SouthwestAir I DM'd you,USER i dm'd you,user dm,0,24,5,Neutral,0.02202,0.804439,0.173541,0.151521,Neutral
569187853412012032,2015-02-21T17:32:13Z,2015-02-21,17,Saturday,gngstout,United,@united Hate when I get bumped out of the seat I've selected (&amp; empty row) and moved to another seat (non-empty). #1K #flt803 #nonupgrade!,USER hate when i get bumped out of the seat i've selected (&amp; empty row) and moved to another seat (non-empty). #1k #flt803 #nonupgrade!,user hate get bumped seat selected amp empty row moved another seat nonupgrade,0,142,26,Negative,0.875882,0.11325,0.010867,-0.865015,Negative
569189803746574337,2015-02-21T17:39:58Z,2015-02-21,17,Saturday,lorelleismith,US Airways,@usairways this is ridiculous at CLT and we missed our connecting flight because of a chuckhole on runway?? #shameful (1/1),USER this is ridiculous at clt and we missed our connecting flight because of a chuckhole on runway?? #shameful ( NUMBER / NUMBER ),user ridiculous clt missed connecting flight chuckhole runway shameful number number,0,123,21,Negative,0.955245,0.040428,0.004327,-0.950918,Negative
569192549170032640,2015-02-21T17:50:53Z,2015-02-21,17,Saturday,cbench79,United,@united what's the hold up with flight 6475 from SLC to DEN??,USER what's the hold up with flight NUMBER from slc to den??,user hold flight number slc den,0,61,13,Negative,0.280076,0.708296,0.011628,-0.268448,Neutral
569197515993534464,2015-02-21T18:10:37Z,2015-02-21,18,Saturday,eric_t_lee,Virgin America,@virginamerica spruce moose!,USER spruce moose!,user spruce moose,0,28,3,Neutral,0.009465,0.667092,0.323443,0.313978,Neutral
569197921150902272,2015-02-21T18:12:14Z,2015-02-21,18,Saturday,newsladiesneed,United,@united 14 hours after landing in #ATL &amp; I still do not have my bags...which means no clothes or makeup!!! #UnitedAirlines #nothappy,USER NUMBER hours after landing in #atl &amp; i still do not have my bags...which means no clothes or makeup!!! #unitedairlines #nothappy,user number hour landing atl amp still bag mean clothes makeup unitedairlines nothappy,0,136,23,Negative,0.895719,0.094824,0.009457,-0.886262,Negative
569200983173156864,2015-02-21T18:24:24Z,2015-02-21,18,Saturday,camicorreabal,Delta,"@JetBlue yes, We have de baggage claim, I'm so sad for the baggage and how They treat Us 😞 please we need That baggage","USER yes, we have de baggage claim, i'm so sad for the baggage and how they treat us 😞 please we need that baggage",user yes de baggage claim sad baggage treat u please need baggage,0,118,24,Negative,0.917816,0.075092,0.007092,-0.910724,Negative
569201943131738113,2015-02-21T18:28:13Z,2015-02-21,18,Saturday,carlosondrums,Virgin America,@VirginAmerica Very nicely done. 👏,USER very nicely done. 👏,user nicely done,0,34,4,Positive,0.008328,0.022403,0.969269,0.96094,Positive
569204272795004928,2015-02-21T18:37:28Z,2015-02-21,18,Saturday,daniellewolff,Virgin America,"@VirginAmerica Trying to reset my password, email never arrives. Help?","USER trying to reset my password, email never arrives. help?",user trying reset password email never arrives help,0,70,10,Negative,0.778489,0.211954,0.009558,-0.768931,Negative
569204914649489408,2015-02-21T18:40:01Z,2015-02-21,18,Saturday,tweeter_mom_,Southwest,@SouthwestAir Bad enough that there is no seat assigned he's seating at an exit seat and a male flight attendant removes him from there,USER bad enough that there is no seat assigned he's seating at an exit seat and a male flight attendant removes him from there,user bad enough seat assigned seating exit seat male flight attendant remove,0,135,25,Negative,0.854976,0.139608,0.005416,-0.849559,Negative
569206071081832448,2015-02-21T18:44:37Z,2015-02-21,18,Saturday,__betrayal,Southwest,@SouthwestAir can you follow and we'll proceed?,USER can you follow and we'll proceed?,user follow proceed,0,47,8,Neutral,0.010531,0.900375,0.089094,0.078563,Neutral
569207235953307648,2015-02-21T18:49:15Z,2015-02-21,18,Saturday,sgodsay,Southwest,"@SouthwestAir, been on hold for an over an hour now - when can we expect some customer service? #disappointed","USER , been on hold for an over an hour now - when can we expect some customer service? #disappointed",user hold hour expect customer service disappointed,0,109,18,Negative,0.930253,0.064463,0.005284,-0.924969,Negative
569209566715469824,2015-02-21T18:58:30Z,2015-02-21,18,Saturday,jennifer_caron,Virgin America,@VirginAmerica You have the best flight attendant ever!!! http://t.co/PxdEL1nq3l,USER you have the best flight attendant ever!!! URL,user best flight attendant ever url,0,80,12,Positive,0.004294,0.008834,0.986872,0.982578,Positive
569211675108179968,2015-02-21T19:06:53Z,2015-02-21,19,Saturday,josephschwegler,Virgin America,@VirginAmerica Site down? #help,USER site down? #help,user site help,0,31,4,Negative,0.68486,0.305005,0.010135,-0.674725,Negative
569212570478911489,2015-02-21T19:10:26Z,2015-02-21,19,Saturday,stefanpinto,Virgin America,@VirginAmerica Like http://t.co/VPqEm31XUQ,USER like URL,user like url,0,42,6,Positive,0.041775,0.856802,0.101423,0.059648,Neutral
569215779830280192,2015-02-21T19:23:12Z,2015-02-21,19,Saturday,cheoga,United,@united Just let the employees know that good service and a kind attitude towards customers is vital in this kind of business. Thanks,USER just let the employees know that good service and a kind attitude towards customers is vital in this kind of business. thanks,user let employee know good service kind attitude towards customer vital kind business thanks,1,133,23,Negative,0.009479,0.093613,0.896908,0.88743,Positive
569218838190907393,2015-02-21T19:35:21Z,2015-02-21,19,Saturday,marynevis,United,@united They finally gave in a let him on. After they threatened to send him back to Vegas on coach. Thnx.,USER they finally gave in a let him on. after they threatened to send him back to vegas on coach. thnx.,user finally gave let threatened send back vega coach thnx,0,106,21,Positive,0.028016,0.527824,0.444161,0.416145,Neutral
569220438397751299,2015-02-21T19:41:42Z,2015-02-21,19,Saturday,culvert,US Airways,@USAirways your team member at DCA- Tamara R. is her name was awesome. You should have more employees like her!,USER your team member at dca- tamara r. is her name was awesome. you should have more employees like her!,user team member tamara name awesome employee like,0,111,20,Positive,0.004651,0.013404,0.981945,0.977294,Positive
569221589822083072,2015-02-21T19:46:17Z,2015-02-21,19,Saturday,bvscape,United,@united well if you don't want your customers to be frustrated compensate them appropriately when you screw up royally!! #fakesincerity,USER well if you don't want your customers to be frustrated compensate them appropriately when you screw up royally!! #fakesincerity,user well want customer frustrated compensate appropriately screw royally fakesincerity,1,135,21,Negative,0.921637,0.072378,0.005984,-0.915653,Negative
569222108200476672,2015-02-21T19:48:20Z,2015-02-21,19,Saturday,itslaloca,Delta,Thank U 😘 “@JetBlue: @ItsLaLoca But of course! Safety is always 1st! We'll make sure to handle her with CARE and LOVE! :)”,thank u 😘 “ USER : USER but of course! safety is always 1st! we'll make sure to handle her with care and love! :)”,thank user user course safety always make sure handle care love,0,122,22,Positive,0.005475,0.034094,0.960432,0.954957,Positive
569222494952886272,2015-02-21T19:49:53Z,2015-02-21,19,Saturday,carlos89178,Virgin America,@VirginAmerica when are you putting some great deals from PDX to LAS or from LAS to PDX show me your love! http://t.co/enIQg0buzj,USER when are you putting some great deals from pdx to las or from las to pdx show me your love! URL,user putting great deal pdx la la pdx show love url,0,129,25,Positive,0.002498,0.041889,0.955613,0.953116,Positive
569225196386660352,2015-02-21T20:00:37Z,2015-02-21,20,Saturday,chris_5thompson,Southwest,@SouthwestAir my wife is trying to get a group of clients to their destination and just got disconnected after2 hours holding. Help.,USER my wife is trying to get a group of clients to their destination and just got disconnected after2 hours holding. help.,user wife trying get group client destination got disconnected hour holding help,0,132,22,Negative,0.84734,0.143655,0.009005,-0.838334,Negative
569225489329598464,2015-02-21T20:01:47Z,2015-02-21,20,Saturday,like_a_toaster,Southwest,@southwestair y'all just Cancelled Flightled the flight i rebooked after 1st was Cancelled Flightled. help? I need to be in nyc. schedule more flights tomorrow!,USER y'all just cancelled flightled the flight i rebooked after 1st was cancelled flightled. help? i need to be in nyc. schedule more flights tomorrow!,user cancelled flightled flight rebooked cancelled flightled help need nyc schedule flight tomorrow,0,160,26,Negative,0.896238,0.097523,0.006239,-0.889999,Negative
569226044118581248,2015-02-21T20:03:59Z,2015-02-21,20,Saturday,mathieuchauve,US Airways,@USAirways What's the seat assignment policy? Why let us choose a seat only to change it on us two weeks Late Flightr?,USER what's the seat assignment policy? why let us choose a seat only to change it on us two weeks late flightr?,user seat assignment policy let u choose seat change u two week late flightr,0,118,23,Negative,0.684182,0.30873,0.007088,-0.677093,Negative
569228110937202688,2015-02-21T20:12:12Z,2015-02-21,20,Saturday,jdbuller,Southwest,"@SouthwestAir departing MDW it's cold 26F, windy with snow on the ground for sunny and 70F las vegas @LASairport http://t.co/2IR7ynMBdU","USER departing mdw it's cold 26f, windy with snow on the ground for sunny and 70f las vegas USER URL",user departing mdw cold windy snow ground sunny la vega user url,0,135,24,Neutral,0.043459,0.909955,0.046586,0.003126,Neutral
569229056362876928,2015-02-21T20:15:57Z,2015-02-21,20,Saturday,jaheard1,Southwest,@SouthwestAir the wait for the bags is longer than the actual flight.,USER the wait for the bags is longer than the actual flight.,user wait bag longer actual flight,0,69,12,Negative,0.713796,0.271751,0.014454,-0.699342,Negative
569229483288317952,2015-02-21T20:17:39Z,2015-02-21,20,Saturday,kbono91,Southwest,@SouthwestAir Any chance there's a few seats open from DEN to DAL this afternoon?,USER any chance there's a few seats open from den to dal this afternoon?,user chance seat open den dal afternoon,0,81,15,Neutral,0.004838,0.908723,0.086439,0.081602,Neutral
569229785500680192,2015-02-21T20:18:51Z,2015-02-21,20,Saturday,aaronkurlander,Virgin America,"@VirginAmerica why Cancelled Flight flight VX413? One sec its delayed, on my to airport, the next its Cancelled Flightled?Gonna email or call me to reschedule?","USER why cancelled flight flight vx413? one sec its delayed, on my to airport, the next its cancelled flightled?gonna email or call me to reschedule?",user cancelled flight flight one sec delayed airport next cancelled flightled gon na email call reschedule,0,159,26,Negative,0.843738,0.150475,0.005787,-0.837951,Negative
569230983075115010,2015-02-21T20:23:36Z,2015-02-21,20,Saturday,aaronkurlander,Virgin America,@VirginAmerica I was really looking forward to my flight. can you let me know when it will be rescheduled? #diehardvirgin,USER i was really looking forward to my flight. can you let me know when it will be rescheduled? #diehardvirgin,user really looking forward flight let know rescheduled diehardvirgin,0,121,20,Negative,0.010669,0.088309,0.901022,0.890354,Positive
569233440463155201,2015-02-21T20:33:22Z,2015-02-21,20,Saturday,scrappiedoodle,Delta,@JetBlue Using JetBlue air miles?,USER using jetblue air miles?,user using jetblue air mile,0,33,5,Neutral,0.018752,0.953083,0.028165,0.009412,Neutral
569236251129163777,2015-02-21T20:44:32Z,2015-02-21,20,Saturday,floatingatoll,Virgin America,"@VirginAmerica your mobile site is broken, shows ""{{header.elevateUser.numOfPointsAvailable || '0' | number}} Points"", won't let me checkin","USER your mobile site is broken, shows ""{{header.elevateuser.numofpointsavailable || ' NUMBER ' | number}} points"", won't let me checkin",user mobile site broken show number number point wo let checkin,0,139,18,Negative,0.846861,0.145539,0.007601,-0.83926,Negative
569236471690829825,2015-02-21T20:45:25Z,2015-02-21,20,Saturday,floatingatoll,Virgin America,"@VirginAmerica on iPad and iPhone, clicking the CHECKIN link in the email I received at 24hrs before flight","USER on ipad and iphone, clicking the checkin link in the email i received at 24hrs before flight",user ipad iphone clicking checkin link email received flight,0,107,18,Neutral,0.012715,0.900468,0.086817,0.074103,Neutral
569237252154372097,2015-02-21T20:48:31Z,2015-02-21,20,Saturday,noelartiles,Virgin America,@VirginAmerica can’t access your website from Safari on iPhone 6. Seems to work on Mac and iPad. Need iPhone to add Passbook.,USER can’t access your website from safari on iphone NUMBER . seems to work on mac and ipad. need iphone to add passbook.,user access website safari iphone number seems work mac ipad need iphone add passbook,0,125,23,Negative,0.624767,0.353207,0.022026,-0.602741,Negative
569237783715422208,2015-02-21T20:50:38Z,2015-02-21,20,Saturday,ssgv,US Airways,"@USAirways, can't control weather/flight attendant.Can control this-green ACU bag, 1.5 hrs &amp; counting! Yep that's me! http://t.co/0jUtCDRLjl","USER , can't control weather/flight attendant.can control this-green acu bag, NUMBER hrs &amp; counting! yep that's me! URL",user ca control control acu bag number hr amp counting yep url,0,144,26,Neutral,0.484738,0.411858,0.103404,-0.381334,Negative
569238014418944000,2015-02-21T20:51:33Z,2015-02-21,20,Saturday,augmentreality_,Southwest,@SouthwestAir #3252 Manchester-BWI being delayed for one idiot who isn't on the plane?! We've waited 2 hours for our window and may miss it,USER # NUMBER manchester-bwi being delayed for one idiot who isn't on the plane?! we've waited NUMBER hours for our window and may miss it,user number delayed one idiot plane waited number hour window may miss,0,139,27,Negative,0.897911,0.093945,0.008144,-0.889767,Negative
569238439373234176,2015-02-21T20:53:14Z,2015-02-21,20,Saturday,patricepinkfile,Delta,@JetBlue actually flight 1089 not 1098,USER actually flight NUMBER not NUMBER,user actually flight number number,0,38,6,Neutral,0.070757,0.888089,0.041154,-0.029602,Neutral
569240866684071936,2015-02-21T21:02:53Z,2015-02-21,21,Saturday,palenmcdermott,United,@united cldnt be happier w the many plastic wing pins given to me on flight 494. I love them! Amazing staff! So nice http://t.co/CbV7f3KBKx,USER cldnt be happier w the many plastic wing pins given to me on flight NUMBER . i love them! amazing staff! so nice URL,user cldnt happier many plastic wing pin given flight number love amazing staff nice url,1,139,27,Positive,0.0038,0.006569,0.98963,0.98583,Positive
569241701434449920,2015-02-21T21:06:12Z,2015-02-21,21,Saturday,jovesi,US Airways,@USAirways I love you guys!!!,USER i love you guys!!!,user love guy,0,29,5,Positive,0.003632,0.008428,0.98794,0.984308,Positive
569242715759779840,2015-02-21T21:10:14Z,2015-02-21,21,Saturday,tbuccheri,Southwest,"@SouthwestAir, sev ppl im my office received an apology and 2k. FF miles for this delay, only apologize to select ppl? I got nothing..","USER , sev ppl im my office received an apology and 2k. ff miles for this delay, only apologize to select ppl? i got nothing..",user sev ppl im office received apology ff mile delay apologize select ppl got nothing,0,134,24,Negative,0.722047,0.26495,0.013003,-0.709043,Negative
569244201021362176,2015-02-21T21:16:08Z,2015-02-21,21,Saturday,somuchwhit,United,@united now been on board with no movement for 25 min...wow this experience just keeps getting worse and worse,USER now been on board with no movement for NUMBER min...wow this experience just keeps getting worse and worse,user board movement number min wow experience keep getting worse worse,0,110,20,Negative,0.937007,0.057319,0.005674,-0.931334,Negative
569244701875769345,2015-02-21T21:18:07Z,2015-02-21,21,Saturday,markjeffries1,Delta,@JetBlue Yup. MCO. 82°!!,USER yup. mco. NUMBER °!!,user yup mco number,0,24,4,Neutral,0.005227,0.31999,0.674784,0.669557,Positive
569245707477131264,2015-02-21T21:22:07Z,2015-02-21,21,Saturday,jojo929,Delta,@JetBlue send more service agents so all the stranded passengers can be helped!!!🆘🆘🆘🆘🆘🆘🆘🆘🆘🆘🆘🆘🆘🆘,USER send more service agents so all the stranded passengers can be helped!!!🆘🆘🆘🆘🆘🆘🆘🆘🆘🆘🆘🆘🆘🆘,user send service agent stranded passenger helped,0,95,13,Negative,0.069639,0.601075,0.329286,0.259647,Neutral
569245856680914944,2015-02-21T21:22:42Z,2015-02-21,21,Saturday,lindsaysweeting,US Airways,@USAirways This is ridiculous. You delayed my husband's flights &amp; made him miss his connection. Told him to leave his bags. Sent him (1/3),USER this is ridiculous. you delayed my husband's flights &amp; made him miss his connection. told him to leave his bags. sent him ( NUMBER / NUMBER ),user ridiculous delayed husband flight amp made miss connection told leave bag sent number number,0,142,26,Negative,0.938593,0.057113,0.004294,-0.934299,Negative
569248400836726786,2015-02-21T21:32:49Z,2015-02-21,21,Saturday,kyle_romanoff,Virgin America,"@VirginAmerica Thanks so much for the awesome support, you guys rock!","USER thanks so much for the awesome support, you guys rock!",user thanks much awesome support guy rock,0,69,11,Positive,0.004116,0.008546,0.987338,0.983222,Positive
569248437050302464,2015-02-21T21:32:58Z,2015-02-21,21,Saturday,casualdiego,Virgin America,@VirginAmerica can you please get me to the new york area before monday afternoon,USER can you please get me to the new york area before monday afternoon,user please get new york area monday afternoon,0,81,14,Neutral,0.013274,0.885418,0.101309,0.088035,Neutral
569248702092541952,2015-02-21T21:34:01Z,2015-02-21,21,Saturday,jamiemager,Southwest,@SouthwestAir could you add me to that list? Been on hold for an hour 15,USER could you add me to that list? been on hold for an hour NUMBER,user could add list hold hour number,0,72,15,Negative,0.141699,0.804796,0.053505,-0.088194,Neutral
569249704543965184,2015-02-21T21:38:00Z,2015-02-21,21,Saturday,delmo75,Delta,@JetBlue great flight http://t.co/E0R0NTO4TR,USER great flight URL,user great flight url,0,44,7,Positive,0.004904,0.01794,0.977156,0.972252,Positive
569252657967341569,2015-02-21T21:49:44Z,2015-02-21,21,Saturday,michaelborakove,Delta,"@JetBlue It is physically impossible to make it to the airport, and our flight is scheduled to leave in less than 3 hours.","USER it is physically impossible to make it to the airport, and our flight is scheduled to leave in less than NUMBER hours.",user physically impossible make airport flight scheduled leave less number hour,0,122,23,Negative,0.888878,0.101641,0.009481,-0.879397,Negative
569254331725139968,2015-02-21T21:56:23Z,2015-02-21,21,Saturday,dragons_arelife,Southwest,"@SouthwestAir hey southwest! Can I see @Imaginedragons in Atlanta? My friend has never been there, loves them, and he is from Taiwan!","USER hey southwest! can i see USER in atlanta? my friend has never been there, loves them, and he is from taiwan!",user hey southwest see user atlanta friend never love taiwan,0,133,22,Neutral,0.003249,0.058397,0.938355,0.935106,Positive
569256468198924288,2015-02-21T22:04:52Z,2015-02-21,22,Saturday,michellefilling,US Airways,@USAirways Nick on flight 742 was awesome. Please reward him in some way!!! He has kept us smiling on a bad day of travel. #customerservice,USER nick on flight NUMBER was awesome. please reward him in some way!!! he has kept us smiling on a bad day of travel. #customerservice,user nick flight number awesome please reward way kept u smiling bad day travel customerservice,0,139,25,Positive,0.005143,0.014313,0.980544,0.975401,Positive
569259404589191168,2015-02-21T22:16:33Z,2015-02-21,22,Saturday,duhhhlilah,Southwest,@SouthwestAir please please please answer the phone. . .,USER please please please answer the phone. . .,user please please please answer phone,0,56,7,Negative,0.136193,0.670471,0.193337,0.057144,Neutral
569259575800569857,2015-02-21T22:17:13Z,2015-02-21,22,Saturday,jcharvardapp,United,"@united no bag tagging, led to many people backing up the aisle to front with bags","USER no bag tagging, led to many people backing up the aisle to front with bags",user bag tagging led many people backing aisle front bag,0,82,16,Negative,0.149423,0.78107,0.069507,-0.079916,Neutral
569261347688607744,2015-02-21T22:24:16Z,2015-02-21,22,Saturday,carabubes,Virgin America,"@VirginAmerica done! Thank you for the quick response, apparently faster than sitting on hold ;)","USER done! thank you for the quick response, apparently faster than sitting on hold ;)",user done thank quick response apparently faster sitting hold,0,96,14,Positive,0.003945,0.022216,0.973839,0.969894,Positive
569262631258705920,2015-02-21T22:29:22Z,2015-02-21,22,Saturday,bradleycfox,United,@united - it is possible to make a ticket change via Twitter? Traveling internationally and can't make calls... Thanks in advance!,USER - it is possible to make a ticket change via twitter? traveling internationally and can't make calls... thanks in advance!,user possible make ticket change via twitter traveling internationally ca make call thanks advance,0,130,21,Neutral,0.044625,0.752499,0.202876,0.158251,Neutral
569268918566719488,2015-02-21T22:54:21Z,2015-02-21,22,Saturday,talk2jomaude,US Airways,"@USAirways status shows ""delayed"" it was just ""waiting for takeoff"" so did it depart? It certainly didn't at 4:17pm. http://t.co/emRUbu4WzD","USER status shows ""delayed"" it was just ""waiting for takeoff"" so did it depart? it certainly didn't at NUMBER :17pm. URL",user status show delayed waiting takeoff depart certainly number url,0,139,25,Negative,0.41046,0.577104,0.012436,-0.398024,Neutral
569273176775114752,2015-02-21T23:11:16Z,2015-02-21,23,Saturday,greenkidspenwra,US Airways,@USAirways Hello we are doing a world record attempt on the amount of ball point pens in a collection please could you help with a pen?,USER hello we are doing a world record attempt on the amount of ball point pens in a collection please could you help with a pen?,user hello world record attempt amount ball point pen collection please could help pen,0,135,26,Neutral,0.009198,0.52847,0.462333,0.453135,Neutral
569273297491378176,2015-02-21T23:11:45Z,2015-02-21,23,Saturday,greenkidspenwra,Delta,@JetBlue Hello we are doing a world record attempt on the amount of ball point pens in a collection please could you help with a pen?,USER hello we are doing a world record attempt on the amount of ball point pens in a collection please could you help with a pen?,user hello world record attempt amount ball point pen collection please could help pen,0,133,26,Neutral,0.009198,0.52847,0.462333,0.453135,Neutral
569274195332325377,2015-02-21T23:15:19Z,2015-02-21,23,Saturday,paigers987,US Airways,"@USAirways disappointed with your toll free number. Terrible customer service, my flight has been Cancelled Flightled would like to get home","USER disappointed with your toll free number. terrible customer service, my flight has been cancelled flightled would like to get home",user disappointed toll free number terrible customer service flight cancelled flightled would like get home,0,140,21,Negative,0.94367,0.050917,0.005413,-0.938258,Negative
569274600196075520,2015-02-21T23:16:55Z,2015-02-21,23,Saturday,azeenaw,Southwest,@SouthwestAir breaking my heart at BWI 9 hrs @business,USER breaking my heart at bwi NUMBER hrs USER,user breaking heart bwi number hr user,0,54,9,Negative,0.905428,0.087192,0.007379,-0.898049,Negative
569275554110664705,2015-02-21T23:20:43Z,2015-02-21,23,Saturday,evecotto,Delta,@JetBlue no more than half an hour wait. It's unreal. Finally first bag coming out. SJU needs to work on this,USER no more than half an hour wait. it's unreal. finally first bag coming out. sju needs to work on this,user half hour wait unreal finally first bag coming sju need work,0,109,22,Negative,0.479871,0.32148,0.198649,-0.281222,Negative
569276864260255745,2015-02-21T23:25:55Z,2015-02-21,23,Saturday,gokben,Southwest,@SouthwestAir please refund my ticket. What a terrible experience. #southwestfail,USER please refund my ticket. what a terrible experience. #southwestfail,user please refund ticket terrible experience southwestfail,0,81,10,Negative,0.952552,0.042496,0.004952,-0.9476,Negative
569277352129138688,2015-02-21T23:27:52Z,2015-02-21,23,Saturday,artenis15,Virgin America,@VirginAmerica You have any flights flying into Boston tomorrow? I need to be home and you Cancelled Flightled my flight and didn't do anything,USER you have any flights flying into boston tomorrow? i need to be home and you cancelled flightled my flight and didn't do anything,user flight flying boston tomorrow need home cancelled flightled flight anything,0,143,25,Negative,0.811464,0.18043,0.008106,-0.803359,Negative
569277477652172800,2015-02-21T23:28:21Z,2015-02-21,23,Saturday,stormecharette,US Airways,@USAirways had to Cancelled Flight 4 of my flights because my versace biceps wouldn't stow completely under the seat in front of me.,USER had to cancelled flight NUMBER of my flights because my versace biceps wouldn't stow completely under the seat in front of me.,user cancelled flight number flight versace biceps would stow completely seat front,0,132,24,Negative,0.878665,0.114478,0.006857,-0.871808,Negative
569279670048452608,2015-02-21T23:37:04Z,2015-02-21,23,Saturday,jsgerson,Delta,"@JetBlue no, we are at a hotel. Also, Jetblue lost my daughters luggage. How do you lose luggage if the plane never actually left!!!","USER no, we are at a hotel. also, jetblue lost my daughters luggage. how do you lose luggage if the plane never actually left!!!",user hotel also jetblue lost daughter luggage lose luggage plane never actually left,0,132,24,Negative,0.876851,0.11627,0.006879,-0.869972,Negative
569288052725694464,2015-02-22T00:10:23Z,2015-02-22,0,Sunday,dghomechef,US Airways,@USAirways message me if you want to issue a refund so someone else can use my seats tomorrow AM #flightCancelled Flighted #custservicehasnonumber,USER message me if you want to issue a refund so someone else can use my seats tomorrow am #flightcancelled flighted #custservicehasnonumber,user message want issue refund someone else use seat tomorrow flightcancelled flighted custservicehasnonumber,0,146,22,Neutral,0.803798,0.18792,0.008281,-0.795517,Negative
569290361870426112,2015-02-22T00:19:33Z,2015-02-22,0,Sunday,maximwheatley,Virgin America,@VirginAmerica Just DM'd. Same issue persisting.,USER just dm'd. same issue persisting.,user dm issue persisting,0,48,7,Negative,0.396182,0.584429,0.019389,-0.376794,Neutral
569292823805042688,2015-02-22T00:29:20Z,2015-02-22,0,Sunday,minion444,United,@united tonight you made this Fred Flintstone happy with an upgrade to 1st class. http://t.co/gKgKZLAwpR,USER tonight you made this fred flintstone happy with an upgrade to 1st class. URL,user tonight made fred flintstone happy upgrade class url,0,104,18,Positive,0.002428,0.020721,0.976851,0.974422,Positive
569296784922578944,2015-02-22T00:45:05Z,2015-02-22,0,Sunday,angela_saurine,United,@united Flight has been delayed for another hour so only have 24 mins to transit at LAX... Extremely unlikely I will make it!,USER flight has been delayed for another hour so only have NUMBER mins to transit at lax... extremely unlikely i will make it!,user flight delayed another hour number min transit lax extremely unlikely make,0,125,23,Negative,0.923426,0.070767,0.005807,-0.917619,Negative
569296877902041088,2015-02-22T00:45:27Z,2015-02-22,0,Sunday,kaesavga,Delta,@JetBlue is the best! Can't wait to use my travel bank $ for a FUN trip.,USER is the best! can't wait to use my travel bank $ for a fun trip.,user best ca wait use travel bank fun trip,0,72,16,Positive,0.002804,0.007063,0.990133,0.987329,Positive
569298712247312384,2015-02-22T00:52:44Z,2015-02-22,0,Sunday,gwen1013,United,@united hoping to get out earlier than 2/23 (only phone option) or assistance with hotel.,USER hoping to get out earlier than NUMBER / NUMBER (only phone option) or assistance with hotel.,user hoping get earlier number number phone option assistance hotel,0,89,16,Neutral,0.009783,0.766526,0.223692,0.213909,Neutral
569300264349364224,2015-02-22T00:58:54Z,2015-02-22,0,Sunday,spaceracedjs,Delta,@JetBlue he just went above and beyond to be helpful,USER he just went above and beyond to be helpful,user went beyond helpful,0,52,10,Positive,0.00982,0.052812,0.937368,0.927548,Positive
569304030847090688,2015-02-22T01:13:52Z,2015-02-22,1,Sunday,alexrkonrad,Virgin America,@VirginAmerica trying to book a flight with you guys and your website won't let me... about to lose my business,USER trying to book a flight with you guys and your website won't let me... about to lose my business,user trying book flight guy website wo let lose business,0,111,21,Negative,0.925669,0.068683,0.005648,-0.920021,Negative
569304100048912384,2015-02-22T01:14:09Z,2015-02-22,1,Sunday,tarlonious,United,@united And yet we still haven't left yet and I can't watch my pre-paid DirectTV. #firstworldproblems,USER and yet we still haven't left yet and i can't watch my pre-paid directtv. #firstworldproblems,user yet still left yet ca watch directtv firstworldproblems,0,101,19,Negative,0.868894,0.123069,0.008037,-0.860857,Negative
569304208534597632,2015-02-22T01:14:35Z,2015-02-22,1,Sunday,floxie10,Virgin America,“@VirginAmerica:You've met your match.Got status on another airline? Upgrade : http://t.co/H952rDKTqy” @asarco_ES_ar ? 🙉,“ USER :you've met your match.got status on another airline? upgrade : URL USER ? 🙉,user met status another airline upgrade url user,0,120,17,Neutral,0.024558,0.776443,0.198999,0.174441,Neutral
569304533140185088,2015-02-22T01:15:52Z,2015-02-22,1,Sunday,vinceegan,Southwest,@SouthwestAir Flight 3336 - why do multiple tracking sites have more up to date info than SWA's app and website?,USER flight NUMBER - why do multiple tracking sites have more up to date info than swa's app and website?,user flight number multiple tracking site date info swa app website,0,112,20,Negative,0.2741,0.701189,0.024711,-0.249389,Neutral
569311482950897665,2015-02-22T01:43:29Z,2015-02-22,1,Sunday,scoobydoo9749,Southwest,@SouthwestAir bags fly free..just not to where you're going.,USER bags fly free..just not to where you're going.,user bag fly free going,0,60,11,Negative,0.108715,0.772841,0.118445,0.00973,Neutral
569311644934807552,2015-02-22T01:44:08Z,2015-02-22,1,Sunday,dcbjr21,Southwest,@SouthwestAir How many trees have to die before you stop trying to sell us a credit card? #OptOut http://t.co/CXrZhcdTVz,USER how many trees have to die before you stop trying to sell us a credit card? #optout URL,user many tree die stop trying sell u credit card optout url,0,120,22,Negative,0.900137,0.094287,0.005577,-0.89456,Negative
569313734566547456,2015-02-22T01:52:26Z,2015-02-22,1,Sunday,wookesq,Southwest,@SouthwestAir sending now via dm,USER sending now via dm,user sending via dm,0,32,5,Neutral,0.018108,0.885235,0.096657,0.078549,Neutral
569323015550296064,2015-02-22T02:29:19Z,2015-02-22,2,Sunday,hsimpson100,United,"@United - flight Cancelled Flightled. 4 hrs at airport to book a new one for $95. Just got two invoices for the flight, each for approx $300. Really?!","USER - flight cancelled flightled. NUMBER hrs at airport to book a new one for $ NUMBER . just got two invoices for the flight, each for approx $ NUMBER . really?!",user flight cancelled flightled number hr airport book new one number got two invoice flight approx number really,1,150,27,Negative,0.849007,0.143061,0.007933,-0.841074,Negative
569323082701275138,2015-02-22T02:29:35Z,2015-02-22,2,Sunday,joyabsalon,Virgin America,@VirginAmerica too bad you say it takes 10 to 14 days via YOUR confirmation email. When I inquired after 3 weeks you claim 6 to 8 weeks!,USER too bad you say it takes NUMBER to NUMBER days via your confirmation email. when i inquired after NUMBER weeks you claim NUMBER to NUMBER weeks!,user bad say take number number day via confirmation email inquired number week claim number number week,0,136,27,Negative,0.887223,0.105383,0.007394,-0.879829,Negative
569324558999691264,2015-02-22T02:35:27Z,2015-02-22,2,Sunday,ttinac11,Virgin America,@VirginAmerica @TTINAC11 I DM you,USER USER i dm you,user user dm,0,33,5,Neutral,0.02306,0.889011,0.087929,0.064869,Neutral
569325844931448832,2015-02-22T02:40:33Z,2015-02-22,2,Sunday,falconjcjohn,US Airways,@USAirways Never mind that you could have told the gate I was on my way - you could delay 10 mins but not 15?,USER never mind that you could have told the gate i was on my way - you could delay NUMBER mins but not NUMBER ?,user never mind could told gate way could delay number min number,0,109,23,Negative,0.611001,0.368963,0.020036,-0.590965,Negative
569326818697871360,2015-02-22T02:44:25Z,2015-02-22,2,Sunday,patrick_maness,United,@united OMG!!! you just bumped me off the last flight. Can this get any worse.,USER omg!!! you just bumped me off the last flight. can this get any worse.,user omg bumped last flight get worse,1,78,15,Negative,0.947005,0.046851,0.006144,-0.94086,Negative
569330091857219585,2015-02-22T02:57:26Z,2015-02-22,2,Sunday,catiehorst,Delta,@JetBlue nothing but praise for you helping our lady make her flight to CHS tonight! #impressed,USER nothing but praise for you helping our lady make her flight to chs tonight! #impressed,user nothing praise helping lady make flight chs tonight impressed,0,95,16,Positive,0.002685,0.010348,0.986967,0.984282,Positive
569333461401481216,2015-02-22T03:10:49Z,2015-02-22,3,Sunday,rogersaintange,Delta,@JetBlue I would love to Fort Lauderdale now that would cool.,USER i would love to fort lauderdale now that would cool.,user would love fort lauderdale would cool,0,61,11,Neutral,0.004791,0.028691,0.966518,0.961727,Positive
569336095411965952,2015-02-22T03:21:17Z,2015-02-22,3,Sunday,ssegraves,United,@united can you make sure I’m on the upgrade list for 2/23 EWR-PDX using my GPU priority? Got a weird email about it.,USER can you make sure i’m on the upgrade list for NUMBER / NUMBER ewr-pdx using my gpu priority? got a weird email about it.,user make sure upgrade list number number using gpu priority got weird email,0,117,26,Negative,0.288613,0.692071,0.019316,-0.269296,Neutral
569338724787593216,2015-02-22T03:31:44Z,2015-02-22,3,Sunday,mesapuyo,United,@united we've been seating for 5hrs inside flight UA936 at #IAD delayed. We've only been offered water &amp; cookies in business class. #failed,USER we've been seating for 5hrs inside flight ua936 at #iad delayed. we've only been offered water &amp; cookies in business class. #failed,user seating inside flight iad delayed offered water amp cooky business class failed,0,143,25,Negative,0.89833,0.095855,0.005815,-0.892514,Negative
569339072805797888,2015-02-22T03:33:07Z,2015-02-22,3,Sunday,d4duskes,United,@united who compensates is for the delays caused by the fact that you don't have enough flight attendants?? http://t.co/96apr35qan,USER who compensates is for the delays caused by the fact that you don't have enough flight attendants?? URL,user compensates delay caused fact enough flight attendant url,0,130,23,Negative,0.712287,0.280108,0.007605,-0.704682,Negative
569339181136113664,2015-02-22T03:33:33Z,2015-02-22,3,Sunday,c4pyro,United,@united Doesn't have to be same flight 2 and 2 will work also,USER doesn't have to be same flight NUMBER and NUMBER will work also,user flight number number work also,0,61,14,Neutral,0.037371,0.790603,0.172026,0.134655,Neutral
569340341956038657,2015-02-22T03:38:10Z,2015-02-22,3,Sunday,amykeefe,Southwest,"@SouthwestAir flight to BOS Cancelled Flightled, no flights till TUESDAY, spent $1000 to get a flight through another airline + $170 for hotel. Refund","USER flight to bos cancelled flightled, no flights till tuesday, spent $ NUMBER to get a flight through another airline + $ NUMBER for hotel. refund",user flight bos cancelled flightled flight till tuesday spent number get flight another airline number hotel refund,0,150,23,Negative,0.8828,0.111732,0.005468,-0.877333,Negative
569343563244425216,2015-02-22T03:50:58Z,2015-02-22,3,Sunday,realmattberry,US Airways,@USAirways how do I change flights . 3 hours is crazy please help,USER how do i change flights . NUMBER hours is crazy please help,user change flight number hour crazy please help,0,65,12,Negative,0.616942,0.348321,0.034737,-0.582205,Negative
569343579899822081,2015-02-22T03:51:01Z,2015-02-22,3,Sunday,partaywithbier,Southwest,@SouthwestAir can you speed up your flight from AZ to Omaha? I need to see muh boy ✈️,USER can you speed up your flight from az to omaha? i need to see muh boy ✈️,user speed flight az omaha need see muh boy,1,85,17,Neutral,0.013633,0.472077,0.51429,0.500658,Positive
569346721173655552,2015-02-22T04:03:30Z,2015-02-22,4,Sunday,bradhuff88,US Airways,@USAirways 2 hours and counting waiting to get into a gate in Philadelphia. Just icing on the cake for a miserable flight experience,USER NUMBER hours and counting waiting to get into a gate in philadelphia. just icing on the cake for a miserable flight experience,user number hour counting waiting get gate philadelphia icing cake miserable flight experience,0,132,23,Negative,0.938333,0.0556,0.006067,-0.932265,Negative
569349960228974592,2015-02-22T04:16:23Z,2015-02-22,4,Sunday,allisonwooster,Delta,@JetBlue flight attendant was hesitant to give me more baby sized cookies,USER flight attendant was hesitant to give me more baby sized cookies,user flight attendant hesitant give baby sized cooky,0,73,12,Negative,0.490707,0.482882,0.026411,-0.464296,Negative
569352559598682112,2015-02-22T04:26:42Z,2015-02-22,4,Sunday,kevinforgoogle,United,@united sadly this wasnt just due to mother nature investigate this incident and your employees at sfo. Terrible customer experience,USER sadly this wasnt just due to mother nature investigate this incident and your employees at sfo. terrible customer experience,user sadly wasnt due mother nature investigate incident employee sfo terrible customer experience,1,132,20,Negative,0.941812,0.053561,0.004627,-0.937185,Negative
569355673068118016,2015-02-22T04:39:05Z,2015-02-22,4,Sunday,etihadnews,Delta,@JetBlue Airways to continue 'various commercial relationships' with #Lufthansa ... - @CAPA_Aviation http://t.co/vGqOihtRkH,USER airways to continue 'various commercial relationships' with #lufthansa ... - USER URL,user airway continue commercial relationship lufthansa user url,0,123,14,Neutral,0.004332,0.848979,0.14669,0.142358,Neutral
569364383652044800,2015-02-22T05:13:41Z,2015-02-22,5,Sunday,ryancotter82,Delta,@JetBlue everytime I come back to Boston it's a minimum 45 min wait for bags. Earlier it was almost an hour. Why is it only Boston jetblue?,USER everytime i come back to boston it's a minimum NUMBER min wait for bags. earlier it was almost an hour. why is it only boston jetblue?,user everytime come back boston minimum number min wait bag earlier almost hour boston jetblue,0,139,28,Negative,0.791834,0.194721,0.013445,-0.77839,Negative
569367983065137152,2015-02-22T05:28:00Z,2015-02-22,5,Sunday,wm_j_mw,United,"@united Freakin""","USER freakin""",user freakin,0,16,2,Negative,0.118931,0.789823,0.091246,-0.027685,Neutral
569368352868556800,2015-02-22T05:29:28Z,2015-02-22,5,Sunday,hayden_ehlich,US Airways,@USAirways ok thank you! Very helpful! This is why you're my favorite airline!,USER ok thank you! very helpful! this is why you're my favorite airline!,user ok thank helpful favorite airline,0,78,14,Positive,0.003343,0.007939,0.988718,0.985375,Positive
569369390178799616,2015-02-22T05:33:35Z,2015-02-22,5,Sunday,4ensicdds,US Airways,"@USAirways Your customer service is non-existent/ terrible. Dozens waiting for bags not placed on our flight, no staff anywhere #neveragain","USER your customer service is non-existent/ terrible. dozens waiting for bags not placed on our flight, no staff anywhere #neveragain",user customer service terrible dozen waiting bag placed flight staff anywhere neveragain,0,139,21,Negative,0.945211,0.048633,0.006156,-0.939054,Negative
569377543687700480,2015-02-22T06:05:59Z,2015-02-22,6,Sunday,scoobydoo9749,Southwest,"@SouthwestAir ""Will my luggage be on that flight?"" ""No"" ""Y not"" ""bc ur on that flight n it won't end up where ur goin http://t.co/6Zj6L2ZTua","USER ""will my luggage be on that flight?"" ""no"" ""y not"" ""bc ur on that flight n it won't end up where ur goin URL",user luggage flight bc ur flight wo end ur goin url,0,140,29,Negative,0.471096,0.501019,0.027885,-0.443211,Neutral
569378165610524672,2015-02-22T06:08:27Z,2015-02-22,6,Sunday,justinrosentha,Delta,@JetBlue I know you guys are super busy but is flight 1222 an a320 or e190?,USER i know you guys are super busy but is flight NUMBER an a320 or e190?,user know guy super busy flight number,0,75,16,Neutral,0.199879,0.763531,0.03659,-0.163289,Neutral
569384007550394369,2015-02-22T06:31:40Z,2015-02-22,6,Sunday,dennis__andrew,Southwest,"@SouthwestAir I use to #LUV swa but after an hour and counting on hold, for a flight they Cancelled Flighted on me? #noluv","USER i use to #luv swa but after an hour and counting on hold, for a flight they cancelled flighted on me? #noluv",user use luv swa hour counting hold flight cancelled flighted noluv,0,122,23,Negative,0.798207,0.191791,0.010003,-0.788204,Negative
569385087424458752,2015-02-22T06:35:58Z,2015-02-22,6,Sunday,jeokoo1,Delta,@JetBlue @SouthwestAir @VirginAmerica @AmericanAirBR download jeokoo the American app for air travelers,USER USER USER USER download jeokoo the american app for air travelers,user user user user download jeokoo american app air traveler,0,103,12,Neutral,0.016436,0.897686,0.085878,0.069442,Neutral
569393942296432640,2015-02-22T07:11:09Z,2015-02-22,7,Sunday,adamgiamba,US Airways,@USAirways after pleading with car service to stay 3 hrs. past pick up they left me and my family but it's ok i have water and crackers!,USER after pleading with car service to stay NUMBER hrs. past pick up they left me and my family but it's ok i have water and crackers!,user pleading car service stay number hr past pick left family ok water cracker,0,136,28,Negative,0.103215,0.507618,0.389166,0.285951,Neutral
569394918675783681,2015-02-22T07:15:02Z,2015-02-22,7,Sunday,muanikkimalcom,Delta,@JetBlue thanks for the response - when is the next flight after the 9:48 flight?,USER thanks for the response - when is the next flight after the NUMBER : NUMBER flight?,user thanks response next flight number number flight,0,81,15,Positive,0.008249,0.524388,0.467364,0.459115,Neutral
569397984519016448,2015-02-22T07:27:13Z,2015-02-22,7,Sunday,lnghurdoncurrie,Southwest,@SouthwestAir Cancelled Flighted Sunday 9:50AM flight to Dallas..next flight out is Tuesday afternoon. Stranded. #BS #GetMeOuttaHere #SouthwestSucks,USER cancelled flighted sunday NUMBER :50am flight to dallas..next flight out is tuesday afternoon. stranded. #bs #getmeouttahere #southwestsucks,user cancelled flighted sunday number flight dallas next flight tuesday afternoon stranded b getmeouttahere southwestsucks,0,148,19,Negative,0.940426,0.05543,0.004145,-0.936281,Negative
569408340616351744,2015-02-22T08:08:22Z,2015-02-22,8,Sunday,tthomasser,US Airways,@USAirways thx for taking my $600 for a 1way then Cancelled Flightling 1st flt delay 2nd flt and u top it off by losing my one piece of luggage #usuck,USER thx for taking my $ NUMBER for a 1way then cancelled flightling 1st flt delay 2nd flt and u top it off by losing my one piece of luggage #usuck,user thx taking number cancelled flightling flt delay flt top losing one piece luggage usuck,0,150,30,Negative,0.94899,0.046601,0.004409,-0.944581,Negative
569459618881019905,2015-02-22T11:32:07Z,2015-02-22,11,Sunday,newsswa,Virgin America,@VirginAmerica to jump into the Dallas-Austin market - @Dallas_News http://t.co/EwwGi97gdx,USER to jump into the dallas-austin market - USER URL,user jump market user url,0,90,13,Neutral,0.006424,0.953491,0.040085,0.033661,Neutral
569460417954746368,2015-02-22T11:35:18Z,2015-02-22,11,Sunday,bartha75,United,@united once again your customer service at the providence airport was horrible. Do you actually care about customers or just making money?,USER once again your customer service at the providence airport was horrible. do you actually care about customers or just making money?,user customer service providence airport horrible actually care customer making money,0,139,22,Negative,0.951543,0.043098,0.005359,-0.946184,Negative
569470441573609473,2015-02-22T12:15:08Z,2015-02-22,12,Sunday,kerberos_xsn,US Airways,@USAirways my phone has been on hold since midght fkn 7 hrs of hold ?? Unacceptable!!!!!!!!,USER my phone has been on hold since midght fkn NUMBER hrs of hold ?? unacceptable!!!!!!!!,user phone hold since midght fkn number hr hold unacceptable,0,91,15,Negative,0.950423,0.044696,0.004881,-0.945542,Negative
569473302940372992,2015-02-22T12:26:30Z,2015-02-22,12,Sunday,seb749,United,@united met with agent. All taken care of. Thx for reply,USER met with agent. all taken care of. thx for reply,user met agent taken care thx reply,0,56,11,Positive,0.011102,0.414286,0.574612,0.56351,Positive
569475092582789120,2015-02-22T12:33:37Z,2015-02-22,12,Sunday,traceyabbywhite,United,@united is 4:30am and I am in the customer service line trying not to scream. #epicfailunited,USER is NUMBER :30am and i am in the customer service line trying not to scream. #epicfailunited,user number customer service line trying scream epicfailunited,0,93,17,Negative,0.900528,0.087436,0.012036,-0.888492,Negative
569477692166316033,2015-02-22T12:43:56Z,2015-02-22,12,Sunday,cshangover,Virgin America,@VirginAmerica Is it normal to receive no reply from Central Baggage #baggageissues #smh,USER is it normal to receive no reply from central baggage #baggageissues #smh,user normal receive reply central baggage baggageissues smh,0,88,13,Negative,0.847657,0.146382,0.005961,-0.841695,Negative
569483821080453121,2015-02-22T13:08:18Z,2015-02-22,13,Sunday,kimwatsontanner,Southwest,@SouthwestAir stuck in NYC flights Cancelled Flightled 2 days in a row Long wait times on phones. Running out of $ but SWA no help,USER stuck in nyc flights cancelled flightled NUMBER days in a row long wait times on phones. running out of $ but swa no help,user stuck nyc flight cancelled flightled number day row long wait time phone running swa help,0,130,24,Negative,0.939189,0.05642,0.004391,-0.934798,Negative
569487075797565440,2015-02-22T13:21:14Z,2015-02-22,13,Sunday,vikingjim60,US Airways,"@USAirways ""good news. We've located the crew and made contact with them"". flight was supposed to leave 4 minutes ago. #usairwaysfail","USER ""good news. we've located the crew and made contact with them"". flight was supposed to leave NUMBER minutes ago. #usairwaysfail",user good news located crew made contact flight supposed leave number minute ago usairwaysfail,0,133,22,Negative,0.286515,0.543371,0.170114,-0.1164,Neutral
569491817600655360,2015-02-22T13:40:04Z,2015-02-22,13,Sunday,wamo66,United,@united @wamo66 after 2 hours and 20 minutes most of which I was on hold I was able to get the Cancelled Flightled flight changed to Delta.,USER USER after NUMBER hours and NUMBER minutes most of which i was on hold i was able to get the cancelled flightled flight changed to delta.,user user number hour number minute hold able get cancelled flightled flight changed delta,0,139,27,Negative,0.118806,0.816625,0.064569,-0.054237,Neutral
569493813884030976,2015-02-22T13:48:00Z,2015-02-22,13,Sunday,johnfmacky,Delta,@JetBlue you can 100% confirm that?,USER you can NUMBER % confirm that?,user number confirm,0,35,6,Neutral,0.046765,0.807853,0.145383,0.098618,Neutral
569494748341407744,2015-02-22T13:51:43Z,2015-02-22,13,Sunday,gr8fratsby,Virgin America,@VirginAmerica I'm disappointed that the agent at the designated silver status check in line @Dulles_Airport closed to assist all pasengers,USER i'm disappointed that the agent at the designated silver status check in line USER closed to assist all pasengers,user disappointed agent designated silver status check line user closed assist pasengers,0,139,21,Negative,0.868268,0.123319,0.008413,-0.859855,Negative
569498738856755200,2015-02-22T14:07:34Z,2015-02-22,14,Sunday,davisesq212,Delta,@JetBlue note the time this was taken (now at 906 am) and flight still listed as on time for 910 when I'm not onboard http://t.co/zvfmxnuELJ,USER note the time this was taken (now at NUMBER am) and flight still listed as on time for NUMBER when i'm not onboard URL,user note time taken number flight still listed time number onboard url,0,140,29,Negative,0.390559,0.593784,0.015657,-0.374902,Neutral
569502353797173248,2015-02-22T14:21:56Z,2015-02-22,14,Sunday,jlongoria21,United,@united now there is no one to operate the ramp to let us out of the plane in IAH...wow..just wow,USER now there is no one to operate the ramp to let us out of the plane in iah...wow..just wow,user one operate ramp let u plane iah wow wow,0,97,22,Negative,0.809527,0.180524,0.009949,-0.799578,Negative
569503518224211968,2015-02-22T14:26:34Z,2015-02-22,14,Sunday,ctohome1,Delta,@JetBlue Great service from PBI to HPN! Thanks.,USER great service from pbi to hpn! thanks.,user great service pbi hpn thanks,0,47,8,Positive,0.002939,0.012334,0.984728,0.981789,Positive
569503649677750272,2015-02-22T14:27:05Z,2015-02-22,14,Sunday,throthra,United,"@united Hey, thanks again for helping me miss my buddies 30th bday, you guys are really a trashy company #shouldhaveflowndelta #unitedsucks","USER hey, thanks again for helping me miss my buddies 30th bday, you guys are really a trashy company #shouldhaveflowndelta #unitedsucks",user hey thanks helping miss buddy bday guy really trashy company shouldhaveflowndelta unitedsucks,0,139,21,Negative,0.960396,0.034193,0.005412,-0.954984,Negative
569505992163135490,2015-02-22T14:36:24Z,2015-02-22,14,Sunday,trailerbrides,US Airways,@USAirways how does it feel to have almost everyone hate you?,USER how does it feel to have almost everyone hate you?,user feel almost everyone hate,0,61,11,Negative,0.900227,0.092791,0.006982,-0.893245,Negative
569508336594505728,2015-02-22T14:45:43Z,2015-02-22,14,Sunday,mtanji,Delta,"@jetblue all your online resources say we're on time, but clearly we are not. This is not very information age of you...","USER all your online resources say we're on time, but clearly we are not. this is not very information age of you...",user online resource say time clearly information age,0,120,23,Negative,0.779429,0.202531,0.018041,-0.761388,Negative
569512252639981568,2015-02-22T15:01:16Z,2015-02-22,15,Sunday,shirabird,Delta,"@JetBlue is JFK still closed? Tryna get out of Ft Lauderdale on flight 502, just want to get home to nyc!","USER is jfk still closed? tryna get out of ft lauderdale on flight NUMBER , just want to get home to nyc!",user jfk still closed tryna get ft lauderdale flight number want get home nyc,0,105,21,Negative,0.200264,0.700757,0.098979,-0.101284,Neutral
569512656274468864,2015-02-22T15:02:52Z,2015-02-22,15,Sunday,corybronze,US Airways,@USAirways Hmmm. Did the flight even really exist or did they just create it last night to get people off their backs? #usairsucks,USER hmmm. did the flight even really exist or did they just create it last night to get people off their backs? #usairsucks,user hmmm flight even really exist create last night get people back usairsucks,0,130,23,Negative,0.87453,0.120457,0.005013,-0.869517,Negative
569513151517073408,2015-02-22T15:04:51Z,2015-02-22,15,Sunday,jessicaryckman,US Airways,"@USAirways worked w/ Tiffany H at cust service desk in Charlotte and she was helpful and patient. Still stuck, but she was great.","USER worked w/ tiffany h at cust service desk in charlotte and she was helpful and patient. still stuck, but she was great.",user worked tiffany cust service desk charlotte helpful patient still stuck great,0,129,23,Positive,0.01231,0.09722,0.89047,0.87816,Positive
569520477351383040,2015-02-22T15:33:57Z,2015-02-22,15,Sunday,davisesq212,Delta,@JetBlue isn't this something YOU should do?! Why should I tell your crew how to do their job?,USER isn't this something you should do?! why should i tell your crew how to do their job?,user something tell crew job,0,94,19,Negative,0.850304,0.142046,0.00765,-0.842654,Negative
569521573268480002,2015-02-22T15:38:18Z,2015-02-22,15,Sunday,alfamilyoffour,US Airways,@USAirways my in-laws flight Cancelled Flighted 4 tonight. U auto rebooked 4 flight on Tuesday that doesn't work. Can you help reFlight Booking Problems them?,USER my in-laws flight cancelled flighted NUMBER tonight. u auto rebooked NUMBER flight on tuesday that doesn't work. can you help reflight booking problems them?,user flight cancelled flighted number tonight auto rebooked number flight tuesday work help reflight booking problem,0,158,27,Negative,0.805819,0.187233,0.006948,-0.798871,Negative
569522923029041153,2015-02-22T15:43:40Z,2015-02-22,15,Sunday,gotomaio,Southwest,@SouthwestAir @AARP #tfw1 Appreciate the tweet back - It was unexpected.,USER USER #tfw1 appreciate the tweet back - it was unexpected.,user user appreciate tweet back unexpected,0,72,10,Positive,0.005526,0.045085,0.949389,0.943863,Positive
569525684864983041,2015-02-22T15:54:39Z,2015-02-22,15,Sunday,thegeoffhunt,Delta,"@JetBlue When it's 30 mins past scheduled time w/ no departure in sight a flight no longer qualifies as ""on time"" #updateyourwebsite #489","USER when it's NUMBER mins past scheduled time w/ no departure in sight a flight no longer qualifies as ""on time"" #updateyourwebsite # NUMBER",user number min past scheduled time departure sight flight longer qualifies time updateyourwebsite number,0,137,24,Negative,0.786643,0.203981,0.009377,-0.777266,Negative
569525974284558338,2015-02-22T15:55:48Z,2015-02-22,15,Sunday,emptynester25,Delta,@JetBlue flight16?,USER flight16?,user,0,18,2,Neutral,0.03072,0.891634,0.077646,0.046926,Neutral
569526143730077696,2015-02-22T15:56:28Z,2015-02-22,15,Sunday,atl_attorney,United,@united It is also inappropriate to lie to passengers to induce them into accepting a voucher by telling them you have availability on Late Flightr,USER it is also inappropriate to lie to passengers to induce them into accepting a voucher by telling them you have availability on late flightr,user also inappropriate lie passenger induce accepting voucher telling availability late flightr,0,147,25,Negative,0.785374,0.206521,0.008105,-0.777269,Negative
569527951831666688,2015-02-22T16:03:39Z,2015-02-22,16,Sunday,arthurhasher,Delta,@JetBlue That's not weather reLate Flightd. You are just being nice and blaming the weather. Airport just wasn't prepared. Investigation time.,USER that's not weather relate flightd. you are just being nice and blaming the weather. airport just wasn't prepared. investigation time.,user weather relate flightd nice blaming weather airport prepared investigation time,0,142,23,Negative,0.818574,0.172808,0.008617,-0.809957,Negative
569528451339673600,2015-02-22T16:05:38Z,2015-02-22,16,Sunday,calvinsavanna,Delta,@JetBlue and ask she load the bag for my flight,USER and ask she load the bag for my flight,user ask load bag flight,0,47,10,Neutral,0.026701,0.898125,0.075174,0.048473,Neutral
569528523418775552,2015-02-22T16:05:55Z,2015-02-22,16,Sunday,dan_humboldt,Southwest,@SouthwestAir no I wasn't. After over an hour was too frustrated and had to hang up.,USER no i wasn't. after over an hour was too frustrated and had to hang up.,user hour frustrated hang,0,84,17,Negative,0.803158,0.186373,0.010469,-0.792689,Negative
569535230996045825,2015-02-22T16:32:35Z,2015-02-22,16,Sunday,joaneisenstodt,US Airways,@USAirways Past tense re help. No more. It’s been even more miserable than usual at CLT.,USER past tense re help. no more. it’s been even more miserable than usual at clt.,user past tense help even miserable usual clt,0,88,17,Negative,0.950334,0.044809,0.004857,-0.945477,Negative
569535647704354816,2015-02-22T16:34:14Z,2015-02-22,16,Sunday,drcraigkasper,Delta,@JetBlue really not acceptable. Just informed plane won't start. Chartering bus to take passengers to jfk.,USER really not acceptable. just informed plane won't start. chartering bus to take passengers to jfk.,user really acceptable informed plane wo start chartering bus take passenger jfk,0,106,17,Negative,0.92429,0.071224,0.004487,-0.919803,Negative
569538524321419265,2015-02-22T16:45:40Z,2015-02-22,16,Sunday,dirtytweetbacon,Southwest,@SouthwestAir last week I flew from DAL to LAX. You got us in almost an hour early. Thank You.,USER last week i flew from dal to lax. you got us in almost an hour early. thank you.,user last week flew dal lax got u almost hour early thank,0,94,19,Positive,0.004103,0.06559,0.930308,0.926205,Positive
569538840735703040,2015-02-22T16:46:55Z,2015-02-22,16,Sunday,davisesq212,Delta,@JetBlue Thanks for the THIRD gate change http://t.co/UfBdr5AxeO,USER thanks for the third gate change URL,user thanks third gate change url,0,64,11,Negative,0.006873,0.119558,0.873569,0.866696,Positive
569539746348675073,2015-02-22T16:50:31Z,2015-02-22,16,Sunday,jackburke,Delta,"@JetBlue there was a closure? People here need to inform passengers, not send them gate to gate w no info on boards re: updated departures","USER there was a closure? people here need to inform passengers, not send them gate to gate w no info on boards re: updated departures",user closure people need inform passenger send gate gate info board updated departure,0,138,25,Negative,0.405173,0.584016,0.010811,-0.394363,Neutral
569542114234671104,2015-02-22T16:59:56Z,2015-02-22,16,Sunday,thomasaxmyers,Southwest,@SouthwestAir Just realized I had the wrong departure date. Thanks for making changes easy!,USER just realized i had the wrong departure date. thanks for making changes easy!,user realized wrong departure date thanks making change easy,0,91,14,Positive,0.252127,0.549457,0.198416,-0.053711,Neutral
569543012914565126,2015-02-22T17:03:30Z,2015-02-22,17,Sunday,cookjaycook123,Delta,@JetBlue @CookJaycook123 the only update we get is that they have no idea when we will get an update. Way to go. #hopeless,USER USER the only update we get is that they have no idea when we will get an update. way to go. #hopeless,user user update get idea get update way go hopeless,0,122,23,Negative,0.91181,0.080774,0.007416,-0.904395,Negative
569543615862722561,2015-02-22T17:05:54Z,2015-02-22,17,Sunday,kshay1985,Delta,@JetBlue thank you. We are finally at the gate.,USER thank you. we are finally at the gate.,user thank finally gate,0,47,9,Positive,0.004152,0.089354,0.906495,0.902343,Positive
569545805826166784,2015-02-22T17:14:36Z,2015-02-22,17,Sunday,worldknits,United,@united thank you,USER thank you,user thank,0,17,3,Positive,0.011976,0.11927,0.868754,0.856778,Positive
569549922569224192,2015-02-22T17:30:57Z,2015-02-22,17,Sunday,anisahmunruddin,Delta,"@JetBlue, your hold music sucks.","USER , your hold music sucks.",user hold music suck,0,32,5,Negative,0.953745,0.039985,0.00627,-0.947475,Negative
569554300495462400,2015-02-22T17:48:21Z,2015-02-22,17,Sunday,arthurhasher,Delta,@JetBlue Flight 136 departed Phoenix at 1:30 am,USER flight NUMBER departed phoenix at NUMBER : NUMBER am,user flight number departed phoenix number number,0,47,9,Neutral,0.026354,0.946224,0.027422,0.001068,Neutral
569554727572099072,2015-02-22T17:50:03Z,2015-02-22,17,Sunday,jbs2886,Delta,"@JetBlue I know, but I wanted to pass it along. Not good for the ""T5 experience"" esp for someone who flies 2-3 times a month.","USER i know, but i wanted to pass it along. not good for the ""t5 experience"" esp for someone who flies NUMBER - NUMBER times a month.",user know wanted pas along good experience esp someone fly number number time month,0,125,26,Negative,0.765403,0.222925,0.011672,-0.753732,Negative
569555395339018241,2015-02-22T17:52:42Z,2015-02-22,17,Sunday,kashnow,Southwest,"@SouthwestAir - our baggage motto: we don't cover that. Small tear, ripped seam, snow soaked, busted zippers - SORRY http://t.co/LHwFBKFynI","USER - our baggage motto: we don't cover that. small tear, ripped seam, snow soaked, busted zippers - sorry URL",user baggage motto cover small tear ripped seam snow soaked busted zipper sorry url,0,139,22,Negative,0.867044,0.12421,0.008747,-0.858297,Negative
569556796525969409,2015-02-22T17:58:16Z,2015-02-22,17,Sunday,benhabbel,United,@united so this did not work out at all!! Incredibly unfriendly ground staff and false promises over Twitter @theairhelper,USER so this did not work out at all!! incredibly unfriendly ground staff and false promises over twitter USER,user work incredibly unfriendly ground staff false promise twitter user,0,122,19,Negative,0.939591,0.054548,0.005861,-0.93373,Negative
569558153202774016,2015-02-22T18:03:40Z,2015-02-22,18,Sunday,colfaxcapital,US Airways,@USAirways @TheHaileyTate Another blatant lie from @USAirways,USER USER another blatant lie from USER,user user another blatant lie user,0,61,7,Negative,0.883829,0.107698,0.008473,-0.875356,Negative
569558235897688064,2015-02-22T18:03:59Z,2015-02-22,18,Sunday,jbs2886,Delta,@JetBlue thanks! Have a good Sunday.,USER thanks! have a good sunday.,user thanks good sunday,0,36,6,Positive,0.003823,0.020863,0.975313,0.97149,Positive
569558713079443456,2015-02-22T18:05:53Z,2015-02-22,18,Sunday,lmsnaomi,United,"@united hi yes need a free hotel stay in Honalulu due to 4 hour delayUA53, since we will miss our second flight to Kauai","USER hi yes need a free hotel stay in honalulu due to NUMBER hour delayua53, since we will miss our second flight to kauai",user hi yes need free hotel stay honalulu due number hour since miss second flight kauai,0,120,24,Negative,0.279187,0.670555,0.050258,-0.22893,Neutral
569559833415970816,2015-02-22T18:10:20Z,2015-02-22,18,Sunday,worldtravelure,Delta,"@JetBlue According to your ground staff, it hasn't even been taken off the plane yet!","USER according to your ground staff, it hasn't even been taken off the plane yet!",user according ground staff even taken plane yet,0,85,16,Negative,0.7003,0.28592,0.013781,-0.686518,Negative
569564566272811008,2015-02-22T18:29:09Z,2015-02-22,18,Sunday,cdarnall1,US Airways,@USAirways your mobile app is horrible! Needs a major overhaul,USER your mobile app is horrible! needs a major overhaul,user mobile app horrible need major overhaul,0,62,10,Negative,0.954383,0.038398,0.00722,-0.947163,Negative
569565359524716544,2015-02-22T18:32:18Z,2015-02-22,18,Sunday,paydirt434,Southwest,@SouthwestAir Promotion e-mail today (Vegas and Jamaica) has a defective link for the Vegas sweepstakes...it times out with error.,USER promotion e-mail today (vegas and jamaica) has a defective link for the vegas sweepstakes...it times out with error.,user promotion today vega jamaica defective link vega sweepstakes time error,0,130,21,Negative,0.850006,0.142423,0.007571,-0.842435,Negative
569565822571679745,2015-02-22T18:34:08Z,2015-02-22,18,Sunday,prettytrini22,United,@united tried that. Cannot figure out where to go to get it.,USER tried that. cannot figure out where to go to get it.,user tried figure go get,0,60,12,Neutral,0.647476,0.335115,0.017408,-0.630068,Negative
569572707299299328,2015-02-22T19:01:30Z,2015-02-22,19,Sunday,smhillman,Delta,@JetBlue thanks for making my trip home #MintyFresh next #brandmance flight I'll take more selfies! #LOVE #travel #business,USER thanks for making my trip home #mintyfresh next #brandmance flight i'll take more selfies! #love #travel #business,user thanks making trip home mintyfresh next brandmance flight take selfies love travel business,0,123,19,Positive,0.002289,0.010343,0.987368,0.985078,Positive
569572740723712001,2015-02-22T19:01:38Z,2015-02-22,19,Sunday,rampantsmashing,Virgin America,@VirginAmerica How do I reschedule my Cancelled Flightled flights online? The change button is greyed out!,USER how do i reschedule my cancelled flightled flights online? the change button is greyed out!,user reschedule cancelled flightled flight online change button greyed,0,106,16,Negative,0.673081,0.31622,0.010699,-0.662382,Negative
569574221216661505,2015-02-22T19:07:31Z,2015-02-22,19,Sunday,hugovzolano,Delta,@JetBlue thanks. I will use the extra time to do some more shopping! Did somebody say duty free?,USER thanks. i will use the extra time to do some more shopping! did somebody say duty free?,user thanks use extra time shopping somebody say duty free,0,96,18,Positive,0.005049,0.21686,0.778091,0.773042,Positive
569574646229684224,2015-02-22T19:09:12Z,2015-02-22,19,Sunday,8629fissile,United,@united Thanks but why did this occur? You guys had 3 hours extra to get my bag on due to your delay. So that's 7 hours you had. #fail!,USER thanks but why did this occur? you guys had NUMBER hours extra to get my bag on due to your delay. so that's NUMBER hours you had. #fail!,user thanks occur guy number hour extra get bag due delay number hour fail,0,135,30,Negative,0.900111,0.0917,0.008188,-0.891923,Negative
569575679722786816,2015-02-22T19:13:18Z,2015-02-22,19,Sunday,wildcatdad,Virgin America,@VirginAmerica is your website ever coming back online?,USER is your website ever coming back online?,user website ever coming back online,0,55,8,Neutral,0.117883,0.857138,0.024979,-0.092905,Neutral
569575699314569216,2015-02-22T19:13:23Z,2015-02-22,19,Sunday,chrisdonahoe,Delta,@JetBlue Perhaps you need to start recruiting @msbgu ;),USER perhaps you need to start recruiting USER ;),user perhaps need start recruiting user,0,55,8,Neutral,0.009757,0.688948,0.301295,0.291538,Neutral
569576214047760385,2015-02-22T19:15:26Z,2015-02-22,19,Sunday,sedaevis,Delta,"@JetBlue come on! Already delayed 2+ hrs on flight 1415 as we waited for the pilot to come from Boston, now you reassign him?! Endless trip.","USER come on! already delayed NUMBER + hrs on flight NUMBER as we waited for the pilot to come from boston, now you reassign him?! endless trip.",user come already delayed number hr flight number waited pilot come boston reassign endless trip,0,140,26,Negative,0.909392,0.083647,0.006961,-0.902431,Negative
569576236541825024,2015-02-22T19:15:31Z,2015-02-22,19,Sunday,jph_sc,US Airways,@USAirways missing our connection due to delay out of @LAS. Told not looking good for tmrw either. We will be stuck in #CLT. Help!,USER missing our connection due to delay out of USER . told not looking good for tmrw either. we will be stuck in #clt. help!,user missing connection due delay user told looking good tmrw either stuck clt help,0,130,24,Negative,0.931635,0.063411,0.004954,-0.926682,Negative
569576418855620608,2015-02-22T19:16:15Z,2015-02-22,19,Sunday,tyguybye,United,"@United no consistency, #Denver agents say no standby with checked baggage citing FAA. Your website policy says otherwise. #time2switch","USER no consistency, #denver agents say no standby with checked baggage citing faa. your website policy says otherwise. #time2switch",user consistency denver agent say standby checked baggage citing faa website policy say otherwise,1,135,19,Negative,0.859075,0.133002,0.007923,-0.851152,Negative
569580805036453888,2015-02-22T19:33:40Z,2015-02-22,19,Sunday,paulnakada,Virgin America,@VirginAmerica thank you for checking in. tickets are purchased and customer is happy ;-),USER thank you for checking in. tickets are purchased and customer is happy ;-),user thank checking ticket purchased customer happy,0,89,13,Positive,0.002731,0.023011,0.974257,0.971526,Positive
569583698640818176,2015-02-22T19:45:10Z,2015-02-22,19,Sunday,sebastian_mcfox,US Airways,@USAirways the link doesn't work..,USER the link doesn't work..,user link work,0,34,6,Negative,0.648006,0.342242,0.009753,-0.638253,Negative
569585343084650496,2015-02-22T19:51:42Z,2015-02-22,19,Sunday,jesswhy,Southwest,"@SouthwestAir stewardess really funny! Now I could get the gent next to me to use some headphones, this would be the perfect flight!","USER stewardess really funny! now i could get the gent next to me to use some headphones, this would be the perfect flight!",user stewardess really funny could get gent next use headphone would perfect flight,0,132,23,Positive,0.00714,0.036582,0.956278,0.949138,Positive
569586235259404288,2015-02-22T19:55:15Z,2015-02-22,19,Sunday,effremfgoodman,Southwest,@SouthwestAir good to be back. See you all again in several weeks.,USER good to be back. see you all again in several weeks.,user good back see several week,0,66,12,Positive,0.002018,0.012811,0.985171,0.983153,Positive
569587686496825344,2015-02-22T20:01:01Z,2015-02-22,20,Sunday,kristenreenders,American,@AmericanAir thank you we got on a different flight to Chicago.,USER thank you we got on a different flight to chicago.,user thank got different flight chicago,0,63,11,Positive,0.007631,0.401531,0.590838,0.583208,Positive
569588465593143297,2015-02-22T20:04:07Z,2015-02-22,20,Sunday,warrickhoward,US Airways,@USAirways What's the contact number for the corporate baggage office in Phoenix?,USER what's the contact number for the corporate baggage office in phoenix?,user contact number corporate baggage office phoenix,0,81,13,Neutral,0.032293,0.944489,0.023218,-0.009075,Neutral
569588473050611712,2015-02-22T20:04:09Z,2015-02-22,20,Sunday,laurelinesblog,American,@AmericanAir Thanks! He is.,USER thanks! he is.,user thanks,0,27,4,Positive,0.004378,0.060131,0.93549,0.931112,Positive
569588591602458624,2015-02-22T20:04:37Z,2015-02-22,20,Sunday,jontgreen89,American,@AmericanAir How do I change my flight if the phone system keeps telling me that the representatives are busy?,USER how do i change my flight if the phone system keeps telling me that the representatives are busy?,user change flight phone system keep telling representative busy,0,110,19,Negative,0.632646,0.357623,0.009731,-0.622915,Negative
569589959088173056,2015-02-22T20:10:03Z,2015-02-22,20,Sunday,yourlama,American,"@AmericanAir Call me Chairman, or call me Emerald. After what you did today to me, you can call me a former customer.","USER call me chairman, or call me emerald. after what you did today to me, you can call me a former customer.",user call chairman call emerald today call former customer,0,117,22,Negative,0.648603,0.32703,0.024367,-0.624236,Negative
569590965880532993,2015-02-22T20:14:03Z,2015-02-22,20,Sunday,kcbobolz,American,@AmericanAir I wait 2+ hrs for CS to call me back re why flt is cxld/protection &amp; they hang up the minute I answer on 1st ring?,USER i wait NUMBER + hrs for cs to call me back re why flt is cxld/protection &amp; they hang up the minute i answer on 1st ring?,user wait number hr c call back flt amp hang minute answer ring,0,131,28,Negative,0.861974,0.13128,0.006746,-0.855228,Negative
569592674400907264,2015-02-22T20:20:50Z,2015-02-22,20,Sunday,sarahm0en,American,@AmericanAir my flight out of TYR tomorrow was Cancelled Flighted due to weather. How long until a rebook?,USER my flight out of tyr tomorrow was cancelled flighted due to weather. how long until a rebook?,user flight tyr tomorrow cancelled flighted due weather long rebook,0,106,18,Negative,0.79327,0.201405,0.005325,-0.787945,Negative
569593050235736064,2015-02-22T20:22:20Z,2015-02-22,20,Sunday,wishupon_26,American,@AmericanAir can you guys help me please?,USER can you guys help me please?,user guy help please,0,41,7,Neutral,0.021061,0.786708,0.192232,0.171171,Neutral
569594123222585344,2015-02-22T20:26:36Z,2015-02-22,20,Sunday,colourbasis,American,"@AmericanAir beyond frustrated with no call back from auto hold or whatever you call it. Entered my number at 11:30 CST, still no call 2:26","USER beyond frustrated with no call back from auto hold or whatever you call it. entered my number at NUMBER : NUMBER cst, still no call NUMBER : NUMBER",user beyond frustrated call back auto hold whatever call entered number number number cst still call number number,0,139,27,Negative,0.930456,0.064044,0.0055,-0.924956,Negative
569594855556452352,2015-02-22T20:29:30Z,2015-02-22,20,Sunday,jmgscott,American,@AmericanAir I've been trying for 4 hours to get hold of someone.,USER i've been trying for NUMBER hours to get hold of someone.,user trying number hour get hold someone,0,65,13,Negative,0.395447,0.55793,0.046623,-0.348825,Neutral
569595399557685248,2015-02-22T20:31:40Z,2015-02-22,20,Sunday,rcshore,American,".@AmericanAir nice 2 know. I paid 4 a seat. Then you sold my seat. now I bought a 3rd seat. It's a good scam, but a scam all the same.",". USER nice NUMBER know. i paid NUMBER a seat. then you sold my seat. now i bought a 3rd seat. it's a good scam, but a scam all the same.",user nice number know paid number seat sold seat bought seat good scam scam,0,134,31,Negative,0.826589,0.15399,0.019422,-0.807167,Negative
569595534916202496,2015-02-22T20:32:12Z,2015-02-22,20,Sunday,aph0823,US Airways,"@USAirways got transf. to Dividend Miles...need to change flight. Grandma just passed, need to change ticket ASAP. Update on wait time?","USER got transf. to dividend miles...need to change flight. grandma just passed, need to change ticket asap. update on wait time?",user got transf dividend mile need change flight grandma passed need change ticket asap update wait time,0,135,22,Neutral,0.453962,0.5304,0.015638,-0.438324,Neutral
569595595754639360,2015-02-22T20:32:27Z,2015-02-22,20,Sunday,schriercar,American,"@AmericanAir no hold times, just disconnections. There is no excuse for that","USER no hold times, just disconnections. there is no excuse for that",user hold time disconnection excuse,0,76,12,Negative,0.839593,0.151982,0.008425,-0.831167,Negative
569596515510956032,2015-02-22T20:36:06Z,2015-02-22,20,Sunday,angiedrich,American,@AmericanAir I have never on all my trips on any airline ever nat'l or int'l ever experienced anything like this!,USER i have never on all my trips on any airline ever nat'l or int'l ever experienced anything like this!,user never trip airline ever nat int ever experienced anything like,0,113,22,Negative,0.727471,0.228755,0.043774,-0.683697,Negative
569597666025345024,2015-02-22T20:40:40Z,2015-02-22,20,Sunday,bshelton68,American,"@AmericanAir When I left Orlando, I was 2nd in line for standby. I land and I'm 4th. 'Priority members get first available seats'. Awesome.","USER when i left orlando, i was 2nd in line for standby. i land and i'm 4th. 'priority members get first available seats'. awesome.",user left orlando line standby land member get first available seat awesome,0,139,25,Negative,0.004871,0.105282,0.889847,0.884976,Positive
569597742693154816,2015-02-22T20:40:59Z,2015-02-22,20,Sunday,jadedhippie09,American,@AmericanAir I understand weather is not your fault but ur cs reps are atrocious. I am NOT happy nor will I EVR fly w/ u again.,USER i understand weather is not your fault but ur cs reps are atrocious. i am not happy nor will i evr fly w/ u again.,user understand weather fault ur c rep atrocious happy evr fly,0,127,26,Negative,0.951078,0.044095,0.004826,-0.946252,Negative
569599867716132864,2015-02-22T20:49:25Z,2015-02-22,20,Sunday,jessicajaymes,Virgin America,Always have it together!!! You're welcome! RT @VirginAmerica: @jessicajaymes You're so welcome.,always have it together!!! you're welcome! rt USER : USER you're so welcome.,always together welcome rt user user welcome,2,95,14,Positive,0.00231,0.01206,0.985631,0.983321,Positive
569600599588630529,2015-02-22T20:52:20Z,2015-02-22,20,Sunday,sentierimelinda,American,@AmericanAir please help us get home tomorrow!!!!!,USER please help us get home tomorrow!!!!!,user please help u get home tomorrow,0,50,7,Neutral,0.028996,0.327457,0.643546,0.61455,Positive
569600757516914688,2015-02-22T20:52:57Z,2015-02-22,20,Sunday,dline2005,US Airways,@USAirways thanks for being so bad you make a two day train trip look appealing!!,USER thanks for being so bad you make a two day train trip look appealing!!,user thanks bad make two day train trip look appealing,0,81,15,Negative,0.63422,0.212894,0.152886,-0.481333,Negative
569601850820976640,2015-02-22T20:57:18Z,2015-02-22,20,Sunday,djchupy,Delta,"@JetBlue hey awesome peeps, what's up with flight 1159 from Boston? Delayed 3hrs?","USER hey awesome peeps, what's up with flight NUMBER from boston? delayed 3hrs?",user hey awesome peep flight number boston delayed,1,81,14,Negative,0.009517,0.110542,0.879941,0.870424,Positive
569603590349848576,2015-02-22T21:04:13Z,2015-02-22,21,Sunday,otisday,American,"@AmericanAir @ejacqui If you updated the screens, then people would know the Late Flightst info, good or bad. And that wouldn't work because...","USER USER if you updated the screens, then people would know the late flightst info, good or bad. and that wouldn't work because...",user user updated screen people would know late flightst info good bad would work,0,143,24,Negative,0.369965,0.605645,0.02439,-0.345575,Neutral
569604507405037569,2015-02-22T21:07:51Z,2015-02-22,21,Sunday,harmeetsm,Delta,"@JetBlue flight from BOS - RSW tomorrow, all i need is my wife + 3yr old to sit together, but no option when checking in.","USER flight from bos - rsw tomorrow, all i need is my wife + 3yr old to sit together, but no option when checking in.",user flight bos rsw tomorrow need wife old sit together option checking,0,121,23,Negative,0.552939,0.42672,0.020341,-0.532598,Negative
569604985110994945,2015-02-22T21:09:45Z,2015-02-22,21,Sunday,rayja9,United,@united I was rebooked but had to take bus from Portland Maine to Boston. Told United does not cover the charge.,USER i was rebooked but had to take bus from portland maine to boston. told united does not cover the charge.,user rebooked take bus portland maine boston told united cover charge,0,112,21,Negative,0.55886,0.429586,0.011554,-0.547306,Negative
569608141689753600,2015-02-22T21:22:18Z,2015-02-22,21,Sunday,jakejrssherry,US Airways,@USAirways the ads on your phone systems when waiting for a rep is the most annoying thing ever especially when waiting for over 10 mins...,USER the ads on your phone systems when waiting for a rep is the most annoying thing ever especially when waiting for over NUMBER mins...,user ad phone system waiting rep annoying thing ever especially waiting number min,0,139,25,Negative,0.939387,0.053854,0.006759,-0.932628,Negative
569609699152273409,2015-02-22T21:28:29Z,2015-02-22,21,Sunday,srajackson,American,"@AmericanAir my itinerary was from EWR TO DALLAS to LA. You Cancelled Flightled my flight, you have my money, find a way to get me there from EWR","USER my itinerary was from ewr to dallas to la. you cancelled flightled my flight, you have my money, find a way to get me there from ewr",user itinerary ewr dallas la cancelled flightled flight money find way get ewr,0,145,28,Negative,0.805837,0.184336,0.009827,-0.796011,Negative
569609923807440896,2015-02-22T21:29:23Z,2015-02-22,21,Sunday,18handicap,United,@united make sure you take care of @LSUsoftball team &amp; @LSUQuinlanDuhon team. We are 16-0!!!!,USER make sure you take care of USER team &amp; USER team. we are NUMBER - NUMBER !!!!,user make sure take care user team amp user team number number,0,97,16,Neutral,0.007435,0.340274,0.652291,0.644856,Positive
569610542723309568,2015-02-22T21:31:50Z,2015-02-22,21,Sunday,fvgrecia,US Airways,@USAirways I tried reaching out to you guys I'm running out time and patience I just want my flight to be honor and I want a confirmation!,USER i tried reaching out to you guys i'm running out time and patience i just want my flight to be honor and i want a confirmation!,user tried reaching guy running time patience want flight honor want confirmation,0,138,28,Negative,0.487548,0.443122,0.069329,-0.418219,Negative
569613523648532480,2015-02-22T21:43:41Z,2015-02-22,21,Sunday,mirmanwar,American,"@AmericanAir, I've been booked on the wrong flight! And now PE desk has a wait of more than 2 hours?!","USER , i've been booked on the wrong flight! and now pe desk has a wait of more than NUMBER hours?!",user booked wrong flight pe desk wait number hour,0,101,21,Negative,0.916832,0.077245,0.005923,-0.910909,Negative
569614024578600960,2015-02-22T21:45:41Z,2015-02-22,21,Sunday,hollywoodhotmom,Virgin America,@VirginAmerica you have amazing staff &amp; super helpful as I just ran the @WaltDisneyWorld #PrincessHalf they have spoiled me with comfort!!!,USER you have amazing staff &amp; super helpful as i just ran the USER #princesshalf they have spoiled me with comfort!!!,user amazing staff amp super helpful ran user princesshalf spoiled comfort,0,143,21,Positive,0.003554,0.007466,0.988979,0.985425,Positive
569615004489494528,2015-02-22T21:49:34Z,2015-02-22,21,Sunday,christianricks,American,@AmericanAir Can you upgrade (with cash) to Main Cabin Extra after buying an AAdvantage Mileage Saver (using miles)? Can't seem to do it...,USER can you upgrade (with cash) to main cabin extra after buying an aadvantage mileage saver (using miles)? can't seem to do it...,user upgrade cash main cabin extra buying aadvantage mileage saver using mile ca seem,0,139,24,Neutral,0.191922,0.783461,0.024617,-0.167306,Neutral
569616490380439552,2015-02-22T21:55:28Z,2015-02-22,21,Sunday,skatemamas,Virgin America,@VirginAmerica best customer service rep in the world! #irmafromDallas takes the cake!!!,USER best customer service rep in the world! #irmafromdallas takes the cake!!!,user best customer service rep world irmafromdallas take cake,0,88,12,Positive,0.006406,0.012012,0.981582,0.975176,Positive
569618884355092480,2015-02-22T22:04:59Z,2015-02-22,22,Sunday,lmuschel,United,@united ouch not fair,USER ouch not fair,user ouch fair,0,21,4,Negative,0.869508,0.121698,0.008795,-0.860713,Negative
569619208884977664,2015-02-22T22:06:17Z,2015-02-22,22,Sunday,paul27k,United,"@united, we've been waiting for over an hour for our luggage- what gives?","USER , we've been waiting for over an hour for our luggage- what gives?",user waiting hour give,0,73,14,Negative,0.756025,0.229997,0.013977,-0.742048,Negative
569619569372823552,2015-02-22T22:07:43Z,2015-02-22,22,Sunday,goshar2012,Virgin America,@VirginAmerica why can't we book seats on your flights when we buy them or even during check in? Creates so much anxiety! #frustrated,USER why can't we book seats on your flights when we buy them or even during check in? creates so much anxiety! #frustrated,user ca book seat flight buy even check creates much anxiety frustrated,0,133,24,Negative,0.913647,0.080249,0.006104,-0.907544,Negative
569621047353450496,2015-02-22T22:13:35Z,2015-02-22,22,Sunday,junkyardfiegs,Delta,@JetBlue Third straight time that my flight has been delayed flying with you guys. This will be my last trip with you.,USER third straight time that my flight has been delayed flying with you guys. this will be my last trip with you.,user third straight time flight delayed flying guy last trip,0,118,22,Negative,0.93282,0.062367,0.004813,-0.928007,Negative
569621879633391616,2015-02-22T22:16:53Z,2015-02-22,22,Sunday,salitron78,American,@AmericanAir no response to DM or email yet. customer service?,USER no response to dm or email yet. customer service?,user response dm email yet customer service,0,62,10,Negative,0.810371,0.183491,0.006138,-0.804233,Negative
569623164143185920,2015-02-22T22:22:00Z,2015-02-22,22,Sunday,matthewjmedlin,American,"@AmericanAir Late Flight from phoenix, gave ticks away when arrived chicago, held bags hostage chicago, rented van drove to toledo. 5 hr drive.","USER late flight from phoenix, gave ticks away when arrived chicago, held bags hostage chicago, rented van drove to toledo. NUMBER hr drive.",user late flight phoenix gave tick away arrived chicago held bag hostage chicago rented van drove toledo number hr drive,0,143,23,Negative,0.599418,0.389119,0.011463,-0.587955,Negative
569623248205430785,2015-02-22T22:22:20Z,2015-02-22,22,Sunday,thatjasoneaton,Delta,@JetBlue kids fly. Don't hire people who don't care about them. This guy. #jetblue http://t.co/clvlhfgUZw,USER kids fly. don't hire people who don't care about them. this guy. #jetblue URL,user kid fly hire people care guy jetblue url,0,105,20,Negative,0.843054,0.147034,0.009911,-0.833143,Negative
569623849752358912,2015-02-22T22:24:43Z,2015-02-22,22,Sunday,mathardin,American,"@AmericanAir I'm flying with your competitor today, starts with an U and ends with D. I will never make that mistake again. #americanforlife","USER i'm flying with your competitor today, starts with an u and ends with d. i will never make that mistake again. #americanforlife",user flying competitor today start end never make mistake americanforlife,0,140,24,Positive,0.870349,0.114592,0.015058,-0.855291,Negative
569625210070175744,2015-02-22T22:30:07Z,2015-02-22,22,Sunday,flora_lola_nyc,American,@AmericanAir I let a crew member know every time this happens. Which is most of the time.,USER i let a crew member know every time this happens. which is most of the time.,user let crew member know every time happens time,0,89,17,Negative,0.122543,0.812236,0.06522,-0.057323,Neutral
569627273407569920,2015-02-22T22:38:19Z,2015-02-22,22,Sunday,gpsomo,Delta,@JetBlue so the prefference option is not something that you honor? So why having it as one of the services if not applied?,USER so the prefference option is not something that you honor? so why having it as one of the services if not applied?,user prefference option something honor one service applied,0,123,23,Negative,0.441069,0.544069,0.014862,-0.426207,Neutral
569627480425766912,2015-02-22T22:39:09Z,2015-02-22,22,Sunday,tfaz,Virgin America,@VirginAmerica I need to register a service dog for a first class ticket from SFO &gt; Dulles. The phone queue is an hour or longer. Pls advise,USER i need to register a service dog for a first class ticket from sfo &gt; dulles. the phone queue is an hour or longer. pls advise,user need register service dog first class ticket sfo gt dulles phone queue hour longer pls advise,0,143,27,Negative,0.435836,0.542357,0.021807,-0.414029,Neutral
569628053648904195,2015-02-22T22:41:25Z,2015-02-22,22,Sunday,rambinasaurus,Delta,@JetBlue I have a disabled seat in row 6 do I get to board earlier?,USER i have a disabled seat in row NUMBER do i get to board earlier?,user disabled seat row number get board earlier,0,67,15,Neutral,0.045172,0.927713,0.027115,-0.018058,Neutral
569628159085301760,2015-02-22T22:41:50Z,2015-02-22,22,Sunday,thatjasoneaton,Delta,@JetBlue This is absurd. Should a stranger help my kids if there's a problem? #jetblue http://t.co/LAiGgef9Kj,USER this is absurd. should a stranger help my kids if there's a problem? #jetblue URL,user absurd stranger help kid problem jetblue url,0,109,20,Negative,0.933749,0.062054,0.004197,-0.929552,Negative
569629100114989056,2015-02-22T22:45:35Z,2015-02-22,22,Sunday,julianasheldon,American,@AmericanAir first my sister had ZERO food in her cross country flight with no type of warning or voucher,USER first my sister had zero food in her cross country flight with no type of warning or voucher,user first sister zero food cross country flight type warning voucher,0,105,19,Negative,0.879782,0.112434,0.007784,-0.871997,Negative
569630229636853761,2015-02-22T22:50:04Z,2015-02-22,22,Sunday,julianasheldon,American,@AmericanAir she should not only get a refund but also an apology for the deplorable service.,USER she should not only get a refund but also an apology for the deplorable service.,user get refund also apology deplorable service,0,93,16,Negative,0.89071,0.101683,0.007607,-0.883102,Negative
569630715698151424,2015-02-22T22:52:00Z,2015-02-22,22,Sunday,m0nica,American,"@AmericanAir Where are your ticket offices in Boston? Impossible to book by phone or use voucher on website, what a headache! PLEASE HELP!","USER where are your ticket offices in boston? impossible to book by phone or use voucher on website, what a headache! please help!",user ticket office boston impossible book phone use voucher website headache please help,0,138,23,Negative,0.925756,0.066329,0.007916,-0.91784,Negative
569631041356320768,2015-02-22T22:53:18Z,2015-02-22,22,Sunday,scottdraeger,United,@united I trust you enough to put my coat in my checked bag!,USER i trust you enough to put my coat in my checked bag!,user trust enough put coat checked bag,0,60,13,Positive,0.012787,0.283312,0.7039,0.691113,Positive
569632550873915392,2015-02-22T22:59:18Z,2015-02-22,22,Sunday,bfunai,United,@united We waited 40 min for our bags after a 45 min flight #nomorecheckedbags,USER we waited NUMBER min for our bags after a NUMBER min flight #nomorecheckedbags,user waited number min bag number min flight nomorecheckedbags,0,78,14,Negative,0.632236,0.34511,0.022654,-0.609583,Negative
569633279546036224,2015-02-22T23:02:11Z,2015-02-22,23,Sunday,chrysichrysic,Virgin America,@VirginAmerica @ChrysiChrysic your assistance yesterday when u Cancelled Flightled our flight was to give us a hotel hotline Shame on you!,USER USER your assistance yesterday when u cancelled flightled our flight was to give us a hotel hotline shame on you!,user user assistance yesterday cancelled flightled flight give u hotel hotline shame,0,138,21,Negative,0.917688,0.076475,0.005838,-0.91185,Negative
569633285288157184,2015-02-22T23:02:13Z,2015-02-22,23,Sunday,sebastian_mcfox,US Airways,@USAirways but the automated message says the line is too busy to join the queue! #stuckintheloop,USER but the automated message says the line is too busy to join the queue! #stuckintheloop,user automated message say line busy join queue stuckintheloop,0,97,16,Negative,0.826056,0.164285,0.009659,-0.816397,Negative
569636003473793024,2015-02-22T23:13:01Z,2015-02-22,23,Sunday,mattireland238,American,"@AmericanAir fair enough. But they could have at least told us. Once again it's the lack of communication. Delays happen, just tell me","USER fair enough. but they could have at least told us. once again it's the lack of communication. delays happen, just tell me",user fair enough could least told u lack communication delay happen tell,0,134,24,Negative,0.773833,0.214524,0.011643,-0.76219,Negative
569636885863251969,2015-02-22T23:16:31Z,2015-02-22,23,Sunday,georgetietjen,American,@AmericanAir @dotnetnate Two hour wait for EXPs as I sit on a JFK PHX flight because US computers are down. Any shot at an LAX flight?,USER USER two hour wait for exps as i sit on a jfk phx flight because us computers are down. any shot at an lax flight?,user user two hour wait exps sit jfk phx flight u computer shot lax flight,0,134,26,Negative,0.748251,0.240308,0.011441,-0.736811,Negative
569638919131627522,2015-02-22T23:24:36Z,2015-02-22,23,Sunday,rhowltx,American,"@AmericanAir @NY_NJairports AA1224: 45 mins for Priority bags to arrive, now Late Flight for evening plans! Delta 20 min bag guarantee anyone? :(","USER USER aa1224: NUMBER mins for priority bags to arrive, now late flight for evening plans! delta NUMBER min bag guarantee anyone? :(",user user number min priority bag arrive late flight evening plan delta number min bag guarantee anyone,0,145,22,Negative,0.872674,0.119734,0.007591,-0.865083,Negative
569641785347059712,2015-02-22T23:35:59Z,2015-02-22,23,Sunday,edhgro,American,"@AmericanAir lost my wife's luggage and nobody gives you and answer, all they say is go here or call there.","USER lost my wife's luggage and nobody gives you and answer, all they say is go here or call there.",user lost wife luggage nobody give answer say go call,0,107,21,Negative,0.909595,0.084542,0.005863,-0.903732,Negative
569641915114659840,2015-02-22T23:36:30Z,2015-02-22,23,Sunday,cameratown,American,@AmericanAir while I'm aggravated - shouldn't baggage fees disappear now that gas prices have dropped?,USER while i'm aggravated - shouldn't baggage fees disappear now that gas prices have dropped?,user aggravated baggage fee disappear gas price dropped,0,102,16,Negative,0.813377,0.179392,0.007231,-0.806146,Negative
569642757767081984,2015-02-22T23:39:51Z,2015-02-22,23,Sunday,daniellassman,American,@AmericanAir Thank you. Good suggestion. I checked and we were not rebooked. We'll keep checking and looking for other flights,USER thank you. good suggestion. i checked and we were not rebooked. we'll keep checking and looking for other flights,user thank good suggestion checked rebooked keep checking looking flight,0,126,21,Positive,0.019981,0.274709,0.705311,0.68533,Positive
569643262459269120,2015-02-22T23:41:51Z,2015-02-22,23,Sunday,lawyang588,Virgin America,@VirginAmerica is flight 882 Cancelled Flightled and what do I do if it is?,USER is flight NUMBER cancelled flightled and what do i do if it is?,user flight number cancelled flightled,0,75,14,Neutral,0.57111,0.420939,0.00795,-0.56316,Negative
569643301332258817,2015-02-22T23:42:01Z,2015-02-22,23,Sunday,kellyolexa,American,"@AmericanAir I've been trying to call to cxl a reservation for tomorrow, due to needing surgery this week - cannot get through?","USER i've been trying to call to cxl a reservation for tomorrow, due to needing surgery this week - cannot get through?",user trying call cxl reservation tomorrow due needing surgery week get,0,127,22,Negative,0.734196,0.254465,0.01134,-0.722856,Negative
569643354557796353,2015-02-22T23:42:13Z,2015-02-22,23,Sunday,letyak,American,@AmericanAir United needs our ticket number since you rebooked us and you gave the incorrect ticket number now we can't check in #help,USER united needs our ticket number since you rebooked us and you gave the incorrect ticket number now we can't check in #help,user united need ticket number since rebooked u gave incorrect ticket number ca check help,0,134,24,Negative,0.75357,0.236608,0.009822,-0.743747,Negative
569644414395486209,2015-02-22T23:46:26Z,2015-02-22,23,Sunday,taylorlumsden,Southwest,@SouthwestAir still planing on flights into Dal? We are trying to fly in tomorrow from lax,USER still planing on flights into dal? we are trying to fly in tomorrow from lax,user still planing flight dal trying fly tomorrow lax,0,90,16,Neutral,0.011821,0.924938,0.063241,0.051419,Neutral
569644492040613888,2015-02-22T23:46:45Z,2015-02-22,23,Sunday,cyndibrown327,Southwest,@SouthwestAir Weather keeps slowing us down. Not your fault. This is the 1st time a Southwest flight of mine was Late Flight so I can't complain :),USER weather keeps slowing us down. not your fault. this is the 1st time a southwest flight of mine was late flight so i can't complain :),user weather keep slowing u fault time southwest flight mine late flight ca complain,0,147,27,Positive,0.184322,0.380509,0.435169,0.250848,Positive
569644759024852992,2015-02-22T23:47:48Z,2015-02-22,23,Sunday,kupermini,American,@AmericanAir @dfwairport got rebooked through the AA online app.,USER USER got rebooked through the aa online app.,user user got rebooked aa online app,0,64,9,Neutral,0.007165,0.866093,0.126742,0.119577,Neutral
569645783974195202,2015-02-22T23:51:53Z,2015-02-22,23,Sunday,larrylarry,American,"@AmericanAir Got an email about an itinerary change, but can't seem to get to anyone on phone. New flight time doesn't work for me. Help?","USER got an email about an itinerary change, but can't seem to get to anyone on phone. new flight time doesn't work for me. help?",user got email itinerary change ca seem get anyone phone new flight time work help,0,137,27,Negative,0.730621,0.261213,0.008166,-0.722455,Negative
569645836109418496,2015-02-22T23:52:05Z,2015-02-22,23,Sunday,allisontonkin,US Airways,"@USAirways stuck at the gate in Charlotte, NC waiting for ""release papers"" and a fix for a broken computer system.","USER stuck at the gate in charlotte, nc waiting for ""release papers"" and a fix for a broken computer system.",user stuck gate charlotte nc waiting release paper fix broken computer system,0,114,20,Negative,0.843013,0.149219,0.007767,-0.835246,Negative
569646144805953536,2015-02-22T23:53:19Z,2015-02-22,23,Sunday,silverstim,American,@AmericanAir I even went to ticket counter and got no help,USER i even went to ticket counter and got no help,user even went ticket counter got help,0,58,11,Negative,0.803803,0.1859,0.010297,-0.793506,Negative
569646535215939585,2015-02-22T23:54:52Z,2015-02-22,23,Sunday,jetsetterjd,United,"@united thanks, it was my first time in a United lounge and felt welcomed.","USER thanks, it was my first time in a united lounge and felt welcomed.",user thanks first time united lounge felt welcomed,0,74,14,Positive,0.003403,0.036592,0.960005,0.956602,Positive
569646857632096256,2015-02-22T23:56:09Z,2015-02-22,23,Sunday,ae4mcae,Southwest,@SouthwestAir Flying South by Southwest from SJC to SNA tiday http://t.co/KJKuVJ6CMo,USER flying south by southwest from sjc to sna tiday URL,user flying south southwest sjc sna tiday url,0,84,14,Neutral,0.007146,0.941063,0.051791,0.044645,Neutral
569647174277042176,2015-02-22T23:57:24Z,2015-02-22,23,Sunday,jtromano,United,@united false.,USER false.,user false,0,14,2,Negative,0.545923,0.431856,0.022221,-0.523703,Negative
569648229295329280,2015-02-23T00:01:36Z,2015-02-23,0,Monday,scott66ash,Delta,@JetBlue thanks for the response. We are hopeful.,USER thanks for the response. we are hopeful.,user thanks response hopeful,0,49,8,Positive,0.00719,0.073242,0.919567,0.912377,Positive
569648534569361408,2015-02-23T00:02:48Z,2015-02-23,0,Monday,joekamal48,US Airways,@USAirways @AmericanAir 2hrs Late Flightr finally taking off😂😂😂,USER USER 2hrs late flightr finally taking off😂😂😂,user user late flightr finally taking,0,63,8,Negative,0.048598,0.813606,0.137797,0.089199,Neutral
569648671870099456,2015-02-23T00:03:21Z,2015-02-23,0,Monday,_leycar,US Airways,@USAirways what is going on with the computers? Why is my flight grounded? Why does your airline suck so much? #UnansweredQuestions,USER what is going on with the computers? why is my flight grounded? why does your airline suck so much? #unansweredquestions,user going computer flight grounded airline suck much unansweredquestions,0,131,21,Negative,0.947602,0.048553,0.003845,-0.943757,Negative
569650423318982657,2015-02-23T00:10:19Z,2015-02-23,0,Monday,finleybklyncfs,Delta,“@JetBlue: @FinleyBklynCFS So glad to hear. Thanks for sharing the video.” Me and JetBlue are #BFF 🙏,“ USER : USER so glad to hear. thanks for sharing the video.” me and jetblue are #bff 🙏,user user glad hear thanks sharing jetblue bff,0,100,16,Positive,0.002223,0.010641,0.987136,0.984913,Positive
569651165396373504,2015-02-23T00:13:16Z,2015-02-23,0,Monday,tworstwots,US Airways,@USAirways pilot says that we are going to take off in 10 minutes. So maybe the systems came back online?,USER pilot says that we are going to take off in NUMBER minutes. so maybe the systems came back online?,user pilot say going take number minute maybe system came back online,0,105,20,Neutral,0.003672,0.857917,0.13841,0.134738,Neutral
569651226280751105,2015-02-23T00:13:30Z,2015-02-23,0,Monday,drguzman,American,@AmericanAir there is a full flight of customers sitting on the plane waiting for baggage to be loaded on AA 356 in DFW - why? 2 hour delay,USER there is a full flight of customers sitting on the plane waiting for baggage to be loaded on aa NUMBER in dfw - why? NUMBER hour delay,user full flight customer sitting plane waiting baggage loaded aa number dfw number hour delay,0,139,27,Negative,0.662837,0.320422,0.016741,-0.646097,Negative
569651357491326976,2015-02-23T00:14:01Z,2015-02-23,0,Monday,eleonora7,American,@AmericanAir Cancelled Flighted our flight and now are still delayed...NOT COOL.,USER cancelled flighted our flight and now are still delayed...not cool.,user cancelled flighted flight still delayed cool,0,80,12,Negative,0.933203,0.062143,0.004654,-0.928549,Negative
569651816197169153,2015-02-23T00:15:51Z,2015-02-23,0,Monday,rosieblisss,American,@AmericanAir yes. We spent the whole day talking to agents and someone finally offered to let him stay in a hotel,USER yes. we spent the whole day talking to agents and someone finally offered to let him stay in a hotel,user yes spent whole day talking agent someone finally offered let stay hotel,0,113,21,Negative,0.01917,0.749823,0.231007,0.211837,Neutral
569652313813430273,2015-02-23T00:17:49Z,2015-02-23,0,Monday,breakthemark,American,@AmericanAir Trip cut 7 hrs short due to flight change/massive layovers/ no peanuts or crackers/ asked for H2O and received about 2oz.,USER trip cut NUMBER hrs short due to flight change/massive layovers/ no peanuts or crackers/ asked for h2o and received about 2oz.,user trip cut number hr short due flight peanut asked received,0,134,23,Negative,0.695075,0.287441,0.017485,-0.67759,Negative
569653423836045312,2015-02-23T00:22:14Z,2015-02-23,0,Monday,dibs65,American,@AmericanAir - very upset with my hometown airline. Stuck in Den Flt Cancelled Flightled. Others here with me got new Flt info,USER - very upset with my hometown airline. stuck in den flt cancelled flightled. others here with me got new flt info,user upset hometown airline stuck den flt cancelled flightled others got new flt info,0,126,21,Negative,0.930402,0.064906,0.004691,-0.925711,Negative
569654204375175169,2015-02-23T00:25:20Z,2015-02-23,0,Monday,rafalotto,American,@AmericanAir we're still here guys - you are the worst,USER we're still here guys - you are the worst,user still guy worst,0,54,10,Negative,0.940907,0.053267,0.005826,-0.935081,Negative
569654562031685632,2015-02-23T00:26:45Z,2015-02-23,0,Monday,cbratch67,American,@AmericanAir You can't get us to Cincy but our luggage will still go there tonight? Stranded us in Dallas for 2 days w/o clothes? #Yousuck,USER you can't get us to cincy but our luggage will still go there tonight? stranded us in dallas for NUMBER days w/o clothes? #yousuck,user ca get u cincy luggage still go tonight stranded u dallas number day clothes yousuck,0,138,27,Negative,0.92158,0.073895,0.004525,-0.917055,Negative
569655302871580673,2015-02-23T00:29:42Z,2015-02-23,0,Monday,andyba25,US Airways,@USAirways please have your people hold flight 599 from Phoenix to San Jose. We pulling up to the gate! Scheduled to depart at 5:40,USER please have your people hold flight NUMBER from phoenix to san jose. we pulling up to the gate! scheduled to depart at NUMBER : NUMBER,user please people hold flight number phoenix san jose pulling gate scheduled depart number number,0,131,25,Neutral,0.011624,0.844754,0.143622,0.131998,Neutral
569655861297049600,2015-02-23T00:31:55Z,2015-02-23,0,Monday,kerithburke,American,@AmericanAir pleaseeee find my suitcase. I want deoderant and a clean shirt for work tomorrow :(,USER pleaseeee find my suitcase. i want deoderant and a clean shirt for work tomorrow :(,user pleaseeee find suitcase want deoderant clean shirt work tomorrow,0,96,15,Negative,0.660558,0.285764,0.053678,-0.60688,Negative
569656088817233921,2015-02-23T00:32:49Z,2015-02-23,0,Monday,jk47theweapon,US Airways,@USAirways You suck in Philadelphia. Let us off this plane! #phl,USER you suck in philadelphia. let us off this plane! #phl,user suck philadelphia let u plane phl,1,64,11,Negative,0.959598,0.034286,0.006116,-0.953483,Negative
569658340147646464,2015-02-23T00:41:46Z,2015-02-23,0,Monday,dgoot,American,@AmericanAir I'm on 1024 into Dallas. Do I have any chance of catching 2238 to Boston? Do I need to run from Gate D6 to A15?.,USER i'm on NUMBER into dallas. do i have any chance of catching NUMBER to boston? do i need to run from gate d6 to a15?.,user number dallas chance catching number boston need run gate,0,125,27,Neutral,0.018789,0.95272,0.028491,0.009702,Neutral
569658878939410432,2015-02-23T00:43:55Z,2015-02-23,0,Monday,souljacoy,American,"@AmericanAir yep, they moved me to 16A as they showed me flying ""standby""","USER yep, they moved me to 16a as they showed me flying ""standby""",user yep moved showed flying standby,0,73,13,Neutral,0.018367,0.893656,0.087978,0.069611,Neutral
569659173044129792,2015-02-23T00:45:05Z,2015-02-23,0,Monday,wishupon_26,American,@AmericanAir I have been waiting at this airport since 11 am and have to wait until 8:30 tomorrow and cannot get any sort of help!,USER i have been waiting at this airport since NUMBER am and have to wait until NUMBER : NUMBER tomorrow and cannot get any sort of help!,user waiting airport since number wait number number tomorrow get sort help,0,130,26,Negative,0.930759,0.062695,0.006546,-0.924213,Negative
569659668412407808,2015-02-23T00:47:03Z,2015-02-23,0,Monday,agoldenbrown,American,@AmericanAir I still am not on a flight. Ive been here allll day and now we're not boarding because we're waiting for catering?,USER i still am not on a flight. ive been here allll day and now we're not boarding because we're waiting for catering?,user still flight ive allll day boarding waiting catering,0,127,25,Negative,0.909924,0.084429,0.005647,-0.904277,Negative
569659878693695488,2015-02-23T00:47:53Z,2015-02-23,0,Monday,xlnsmngr,United,@United Claudia in IAH terminal b travel assistance has me all set. Great service. Thank you.,USER claudia in iah terminal b travel assistance has me all set. great service. thank you.,user claudia iah terminal travel assistance set great service thank,0,93,16,Positive,0.003379,0.016484,0.980137,0.976758,Positive
569660363794468864,2015-02-23T00:49:49Z,2015-02-23,0,Monday,agoldenbrown,American,@AmericanAir how hard is it to have catering ready to go?,USER how hard is it to have catering ready to go?,user hard catering ready go,0,57,11,Negative,0.142452,0.832802,0.024746,-0.117705,Neutral
569661321744134144,2015-02-23T00:53:37Z,2015-02-23,0,Monday,tyfletch,American,@AmericanAir big surprise flight 2330 is delayed. Hopefully not for 6 hours like our flight here. Thanks again for a sleepless night.,USER big surprise flight NUMBER is delayed. hopefully not for NUMBER hours like our flight here. thanks again for a sleepless night.,user big surprise flight number delayed hopefully number hour like flight thanks sleepless night,0,133,22,Negative,0.887478,0.100368,0.012154,-0.875325,Negative
569664077049384961,2015-02-23T01:04:34Z,2015-02-23,1,Monday,drguzman,American,@AmericanAir flight 3056 still sitting at DFW waiting for baggage to be loaded,USER flight NUMBER still sitting at dfw waiting for baggage to be loaded,user flight number still sitting dfw waiting baggage loaded,0,78,13,Negative,0.120708,0.846124,0.033168,-0.08754,Neutral
569664668010225664,2015-02-23T01:06:55Z,2015-02-23,1,Monday,smb510,American,"@AmericanAir 719. Looks like we are about to get going, finally!","USER NUMBER . looks like we are about to get going, finally!",user number look like get going finally,0,64,11,Negative,0.002382,0.12893,0.868688,0.866305,Positive
569664965658972160,2015-02-23T01:08:06Z,2015-02-23,1,Monday,georgetietjen,American,@AmericanAir 740pm wheels up to be exact. I'm sending a DM.,USER 740pm wheels up to be exact. i'm sending a dm.,user wheel exact sending dm,0,59,12,Neutral,0.009911,0.9252,0.06489,0.054979,Neutral
569665260375793664,2015-02-23T01:09:16Z,2015-02-23,1,Monday,jajillian,American,@AmericanAir this is awful customer service.,USER this is awful customer service.,user awful customer service,1,44,6,Negative,0.952743,0.041498,0.005759,-0.946985,Negative
569665600403808256,2015-02-23T01:10:37Z,2015-02-23,1,Monday,joepilot7,United,@united this is it... Last time I fly #UnitedAirlines you screw up every trip now will be stuck in ord and miss work.,USER this is it... last time i fly #unitedairlines you screw up every trip now will be stuck in ord and miss work.,user last time fly unitedairlines screw every trip stuck ord miss work,1,117,23,Negative,0.942549,0.051408,0.006043,-0.936505,Negative
569666202634743808,2015-02-23T01:13:01Z,2015-02-23,1,Monday,kellyolexa,American,@AmericanAir DONE!! thank you so much!!,USER done!! thank you so much!!,user done thank much,0,39,6,Positive,0.005722,0.015017,0.979261,0.973539,Positive
569666477265018881,2015-02-23T01:14:06Z,2015-02-23,1,Monday,chrisfordishere,Virgin America,@VirginAmerica i need to change my flight thats scheduled in 9 hours and 120 min wait time on phone. Im calling intern. Help!!,USER i need to change my flight thats scheduled in NUMBER hours and NUMBER min wait time on phone. im calling intern. help!!,user need change flight thats scheduled number hour number min wait time phone im calling intern help,0,126,23,Negative,0.654474,0.312658,0.032868,-0.621605,Negative
569666513352806400,2015-02-23T01:14:15Z,2015-02-23,1,Monday,lot223,Southwest,@SouthwestAir just got mine..now where to go??,USER just got mine..now where to go??,user got mine go,0,46,8,Positive,0.009449,0.838533,0.152018,0.14257,Neutral
569667082499035137,2015-02-23T01:16:31Z,2015-02-23,1,Monday,jodieepps,United,@united customer service sucks! They hang up after waiting an hour and talking for 5 minutes.,USER customer service sucks! they hang up after waiting an hour and talking for NUMBER minutes.,user customer service suck hang waiting hour talking number minute,0,93,16,Negative,0.957057,0.037903,0.00504,-0.952017,Negative
569667313609404416,2015-02-23T01:17:26Z,2015-02-23,1,Monday,mrdockery_,Southwest,@SouthwestAir How about auto check in for CP holders? Come on.,USER how about auto check in for cp holders? come on.,user auto check cp holder come,0,62,11,Negative,0.349332,0.622984,0.027684,-0.321647,Neutral
569668015047839744,2015-02-23T01:20:13Z,2015-02-23,1,Monday,nblaschke,Southwest,@SouthwestAir I want one!,USER i want one!,user want one,0,25,4,Positive,0.006427,0.078584,0.914989,0.908562,Positive
569670147893383168,2015-02-23T01:28:41Z,2015-02-23,1,Monday,bobthebruin,American,"@AmericanAir Been trying to call all day, get hung up on every time. Your guys are horrible!","USER been trying to call all day, get hung up on every time. your guys are horrible!",user trying call day get hung every time guy horrible,0,92,17,Negative,0.954347,0.039555,0.006097,-0.94825,Negative
569670844047192064,2015-02-23T01:31:27Z,2015-02-23,1,Monday,joshmirm,Delta,".@JetBlue ooookay @ABC that's silly of you. guess we're ""watching"" the oscars purely on Twitter reactions tonight. #oscars",". USER ooookay USER that's silly of you. guess we're ""watching"" the oscars purely on twitter reactions tonight. #oscars",user ooookay user silly guess watching oscar purely twitter reaction tonight oscar,0,122,20,Negative,0.711107,0.268773,0.02012,-0.690987,Negative
569671200978436096,2015-02-23T01:32:52Z,2015-02-23,1,Monday,heyashleyglad,Southwest,@SouthwestAir staff was overall awful through multiple airports would have switched airlines if another flight was available,USER staff was overall awful through multiple airports would have switched airlines if another flight was available,user staff overall awful multiple airport would switched airline another flight available,0,124,17,Negative,0.938873,0.055586,0.005541,-0.933332,Negative
569671485930876928,2015-02-23T01:34:00Z,2015-02-23,1,Monday,weezerandburnie,US Airways,@USAirways @AmericanAir how is it possible that someone is drunk they bring a wheelchair for them but you keep serving them,USER USER how is it possible that someone is drunk they bring a wheelchair for them but you keep serving them,user user possible someone drunk bring wheelchair keep serving,0,123,21,Negative,0.707444,0.281449,0.011107,-0.696336,Negative
569671712830308352,2015-02-23T01:34:54Z,2015-02-23,1,Monday,thestustein,US Airways,@USAirways on top of that a dozen ppl missed connections and you have ONE person at customer service? Abysmal!,USER on top of that a dozen ppl missed connections and you have one person at customer service? abysmal!,user top dozen ppl missed connection one person customer service abysmal,0,110,19,Negative,0.948494,0.046666,0.00484,-0.943654,Negative
569672330261106688,2015-02-23T01:37:22Z,2015-02-23,1,Monday,mikedobbinsphx,US Airways,"@USAirways @GregWallace66 Yea, they will give you 5 cents on the dollar!","USER USER yea, they will give you NUMBER cents on the dollar!",user user yea give number cent dollar,0,72,12,Neutral,0.030146,0.762406,0.207449,0.177303,Neutral
569672477967835136,2015-02-23T01:37:57Z,2015-02-23,1,Monday,dhp214,Delta,@JetBlue Thanks. So the delay was the result of scheduling issues more than weather reLate Flightd problems?,USER thanks. so the delay was the result of scheduling issues more than weather relate flightd problems?,user thanks delay result scheduling issue weather relate flightd problem,0,108,17,Negative,0.167304,0.800226,0.032471,-0.134833,Neutral
569672807715463168,2015-02-23T01:39:16Z,2015-02-23,1,Monday,cbarker5,American,@AmericanAir my flight I have reserved for tomorrow has been Cancelled Flightled. Can I Cancelled Flight my reservation and get a full refund?,USER my flight i have reserved for tomorrow has been cancelled flightled. can i cancelled flight my reservation and get a full refund?,user flight reserved tomorrow cancelled flightled cancelled flight reservation get full refund,0,142,23,Negative,0.794528,0.198844,0.006628,-0.7879,Negative
569672905270800385,2015-02-23T01:39:39Z,2015-02-23,1,Monday,michaeljmaas,American,@AmericanAir how can you not be taking calls? I need to change my flight!,USER how can you not be taking calls? i need to change my flight!,user taking call need change flight,0,73,14,Negative,0.864035,0.126937,0.009028,-0.855007,Negative
569674597479677952,2015-02-23T01:46:22Z,2015-02-23,1,Monday,aero0729,American,@AmericanAir the food served on AA2402 was vile and gross.The entire cabin did not eat their meal. Survey the flight crew. Another gross out,USER the food served on aa2402 was vile and gross.the entire cabin did not eat their meal. survey the flight crew. another gross out,user food served vile entire cabin eat meal survey flight crew another gross,0,140,25,Negative,0.953085,0.04196,0.004955,-0.94813,Negative
569675144353828864,2015-02-23T01:48:33Z,2015-02-23,1,Monday,cheryleng,Virgin America,@VirginAmerica you have the absolute best team and customer service ever. Every time I fly with you I'm delighted. Thank you!,USER you have the absolute best team and customer service ever. every time i fly with you i'm delighted. thank you!,user absolute best team customer service ever every time fly delighted thank,0,125,22,Positive,0.004951,0.007847,0.987202,0.982252,Positive
569676640692752385,2015-02-23T01:54:29Z,2015-02-23,1,Monday,eafiedler,American,@AmericanAir I just DMed you,USER i just dmed you,user dmed,0,28,5,Neutral,0.016165,0.858094,0.125741,0.109576,Neutral
569678153783877634,2015-02-23T02:00:30Z,2015-02-23,2,Monday,matthewjmedlin,American,"@AmericanAir I didn't miss my flight. American Airlines gave my ticket, as well as 6 other passengers tickets away. Not my fault.","USER i didn't miss my flight. american airlines gave my ticket, as well as NUMBER other passengers tickets away. not my fault.",user miss flight american airline gave ticket well number passenger ticket away fault,0,129,23,Negative,0.301214,0.612108,0.086678,-0.214536,Neutral
569678975049588737,2015-02-23T02:03:46Z,2015-02-23,2,Monday,lamanmi_live,United,@united please tell CLT flight 4232 needs a gate. Waiting now for 15 mins.,USER please tell clt flight NUMBER needs a gate. waiting now for NUMBER mins.,user please tell clt flight number need gate waiting number min,0,74,14,Negative,0.218395,0.751368,0.030236,-0.188159,Neutral
569680782622633984,2015-02-23T02:10:57Z,2015-02-23,2,Monday,nickyamberjones,US Airways,@USAirways is holding my luggage hostage from flight 5182,USER is holding my luggage hostage from flight NUMBER,user holding luggage hostage flight number,1,57,9,Negative,0.806669,0.185651,0.00768,-0.798989,Negative
569681019185573889,2015-02-23T02:11:53Z,2015-02-23,2,Monday,mamijeanna,United,@united yes. Bags came 1 hr after I arrived at baggage claim. Awful experience on the ground at BHM,USER yes. bags came NUMBER hr after i arrived at baggage claim. awful experience on the ground at bhm,user yes bag came number hr arrived baggage claim awful experience ground bhm,0,99,19,Negative,0.930238,0.063328,0.006435,-0.923803,Negative
569684820604817408,2015-02-23T02:27:00Z,2015-02-23,2,Monday,smithsarerare,American,@AmericanAir thanks to Marie for reFlight Booking Problems me and my friends!!! I'm Cali bound thanks to this sweet angel! #blessed,USER thanks to marie for reflight booking problems me and my friends!!! i'm cali bound thanks to this sweet angel! #blessed,user thanks marie reflight booking problem friend cali bound thanks sweet angel blessed,0,131,22,Positive,0.002186,0.00783,0.989984,0.987798,Positive
569687540644642817,2015-02-23T02:37:48Z,2015-02-23,2,Monday,reneelomas,Southwest,@SouthwestAir especially if it's your mom! #IChangedYourDiaper,USER especially if it's your mom! #ichangedyourdiaper,user especially mom ichangedyourdiaper,0,62,8,Neutral,0.156834,0.610521,0.232644,0.07581,Neutral
569689239136423936,2015-02-23T02:44:33Z,2015-02-23,2,Monday,bmichael319,American,"@AmericanAir yeah, rebooked for tomorrow morning. But extremely disappointed to miss a wedding.","USER yeah, rebooked for tomorrow morning. but extremely disappointed to miss a wedding.",user yeah rebooked tomorrow morning extremely disappointed miss wedding,0,95,13,Negative,0.875076,0.115639,0.009285,-0.865791,Negative
569689826221363201,2015-02-23T02:46:53Z,2015-02-23,2,Monday,fpinell,American,@AmericanAir you guys should really improve the service experience with your on site personnel. This has been one of the worst experiences.,USER you guys should really improve the service experience with your on site personnel. this has been one of the worst experiences.,user guy really improve service experience site personnel one worst experience,0,139,22,Negative,0.954976,0.0397,0.005324,-0.949652,Negative
569691609404706817,2015-02-23T02:53:58Z,2015-02-23,2,Monday,jessicaclaire,American,@americanair I finally got someone on the phone so no worries!,USER i finally got someone on the phone so no worries!,user finally got someone phone worry,0,62,11,Negative,0.012754,0.243323,0.743923,0.731168,Positive
569692982955237377,2015-02-23T02:59:26Z,2015-02-23,2,Monday,andresfreyesp,American,"@AmericanAir I have been trying to speak with an agent the whole day about my Cancelled Flightled flight, what I can do?","USER i have been trying to speak with an agent the whole day about my cancelled flightled flight, what i can do?",user trying speak agent whole day cancelled flightled flight,0,120,22,Negative,0.308993,0.665476,0.025531,-0.283461,Neutral
569695286907551745,2015-02-23T03:08:35Z,2015-02-23,3,Monday,rationalcrusadr,American,@AmericanAir @USAirways how can you have no food on a 4 hour flight 528 from Columbus to Phoenix? Starving and Pissed off. Can't eat Go Go!,USER USER how can you have no food on a NUMBER hour flight NUMBER from columbus to phoenix? starving and pissed off. can't eat go go!,user user food number hour flight number columbus phoenix starving pissed ca eat go go,0,139,27,Negative,0.946711,0.046971,0.006317,-0.940394,Negative
569695794598531072,2015-02-23T03:10:36Z,2015-02-23,3,Monday,droqen,American,@AmericanAir I'm getting calls from 1-800-433-7300 but the calls seem to drop instantly. Is there any alternate avenue for resched. support?,USER i'm getting calls from NUMBER - NUMBER - NUMBER - NUMBER but the calls seem to drop instantly. is there any alternate avenue for resched. support?,user getting call number number number number call seem drop instantly alternate avenue resched support,0,140,25,Negative,0.801324,0.189657,0.009019,-0.792304,Negative
569696793652371456,2015-02-23T03:14:34Z,2015-02-23,3,Monday,africanbeauteee,American,@AmericanAir is the worst airline to ever travel with!!!! The worst!! They're equivalent to DIRT!!!!!!,USER is the worst airline to ever travel with!!!! the worst!! they're equivalent to dirt!!!!!!,user worst airline ever travel worst equivalent dirt,0,102,16,Negative,0.963406,0.029832,0.006763,-0.956643,Negative
569697188508348416,2015-02-23T03:16:08Z,2015-02-23,3,Monday,jonkohler,American,"@AmericanAir yea no worries. I'm just going home to Denver. Not your fault, weather sucks bad.","USER yea no worries. i'm just going home to denver. not your fault, weather sucks bad.",user yea worry going home denver fault weather suck bad,0,94,17,Neutral,0.756217,0.2022,0.041583,-0.714634,Negative
569697456536965121,2015-02-23T03:17:12Z,2015-02-23,3,Monday,timglomb,Southwest,@SouthwestAir All good... beers and #oscars2015 ar #DIA,USER all good... beers and #oscars2015 ar #dia,user good beer ar dia,0,55,8,Positive,0.00281,0.086752,0.910438,0.907627,Positive
569698892528222208,2015-02-23T03:22:55Z,2015-02-23,3,Monday,gabilieberman,Southwest,@SouthwestAir me again! I was just trying to rebook fare on wanna get away pricing and it disappeared in time I refreshed. Is this normal?,USER me again! i was just trying to rebook fare on wanna get away pricing and it disappeared in time i refreshed. is this normal?,user trying rebook fare wan na get away pricing disappeared time refreshed normal,0,138,25,Negative,0.695309,0.290987,0.013704,-0.681605,Negative
569698944084680704,2015-02-23T03:23:07Z,2015-02-23,3,Monday,larrysandeen,US Airways,@USAirways Today USAir Cancelled Flightled our rescheduled flight &amp; did not notify us except possibly to our home phone-not helpful since we are in CO,USER today usair cancelled flightled our rescheduled flight &amp; did not notify us except possibly to our home phone-not helpful since we are in co,user today usair cancelled flightled rescheduled flight amp notify u except possibly home helpful since co,0,154,26,Negative,0.900855,0.093882,0.005263,-0.895591,Negative
569699279566016512,2015-02-23T03:24:27Z,2015-02-23,3,Monday,larrysandeen,US Airways,"@USAirways Just discovered that they billed us $300 for the rescheduled flight, which cost me a second day of lost work.","USER just discovered that they billed us $ NUMBER for the rescheduled flight, which cost me a second day of lost work.",user discovered billed u number rescheduled flight cost second day lost work,0,120,21,Negative,0.880626,0.113569,0.005805,-0.874821,Negative
569700244050440192,2015-02-23T03:28:17Z,2015-02-23,3,Monday,africanbeauteee,American,@AmericanAir employees are racist!!!!!,USER employees are racist!!!!!,user employee racist,0,38,4,Negative,0.928095,0.064221,0.007683,-0.920412,Negative
569702019797286913,2015-02-23T03:35:20Z,2015-02-23,3,Monday,mmcbride1007,Southwest,@SouthwestAir thanks! Very excited to see it :D,USER thanks! very excited to see it :d,user thanks excited see,0,47,8,Positive,0.002618,0.009384,0.987998,0.98538,Positive
569703041957564416,2015-02-23T03:39:24Z,2015-02-23,3,Monday,willbursch,Southwest,@SouthwestAir would really like my baggage from yesterday. Employees at Akron giving me a tough time.,USER would really like my baggage from yesterday. employees at akron giving me a tough time.,user would really like baggage yesterday employee akron giving tough time,0,101,16,Negative,0.426856,0.442346,0.130799,-0.296057,Neutral
569704005250777090,2015-02-23T03:43:14Z,2015-02-23,3,Monday,adamjberry,Delta,@JetBlue @amybruni @DIRECTTV No Oscars on Direct TV on this flight. We were so looking forward to it. We were devastated. :-/,USER USER USER no oscars on direct tv on this flight. we were so looking forward to it. we were devastated. :-/,user user user oscar direct tv flight looking forward devastated,0,125,21,Negative,0.888343,0.094318,0.017339,-0.871004,Negative
569704388106719232,2015-02-23T03:44:45Z,2015-02-23,3,Monday,pdubs411,American,@AmericanAir found out my flight tomorrow was Cancelled Flightled &amp; got in the queue for a callback 3.5 hours ago…still nothing. Can I get rebooked??,USER found out my flight tomorrow was cancelled flightled &amp; got in the queue for a callback NUMBER hours ago…still nothing. can i get rebooked??,user found flight tomorrow cancelled flightled amp got queue callback number hour nothing get rebooked,0,153,27,Negative,0.820959,0.172209,0.006832,-0.814127,Negative
569705524138090496,2015-02-23T03:49:16Z,2015-02-23,3,Monday,fromtheleftseat,American,@AmericanAir Group Cancelled Flights close to a thousand #flights Monday http://t.co/v1RADYKEP2,USER group cancelled flights close to a thousand #flights monday URL,user group cancelled flight close thousand flight monday url,0,95,14,Neutral,0.722,0.270573,0.007427,-0.714574,Negative
569705869816012801,2015-02-23T03:50:38Z,2015-02-23,3,Monday,marcotulioluis,United,“@united: Looking for a reason to travel? #quote http://t.co/GGuIg3t28z”,“ USER : looking for a reason to travel? #quote URL,user looking reason travel quote url,0,72,12,Positive,0.006261,0.863137,0.130602,0.124341,Neutral
569707583646375936,2015-02-23T03:57:27Z,2015-02-23,3,Monday,wechiefmusic,Delta,@JetBlue ok thanks. Safety first.,USER ok thanks. safety first.,user ok thanks safety first,0,33,5,Positive,0.056584,0.577599,0.365817,0.309233,Neutral
569708004075044864,2015-02-23T03:59:07Z,2015-02-23,3,Monday,themarkymarq,Delta,"@JetBlue Very disappointed with the lack of compassion from your baggage services dept. I nearly had to beg get just for a ""courtesy report""","USER very disappointed with the lack of compassion from your baggage services dept. i nearly had to beg get just for a ""courtesy report""",user disappointed lack compassion baggage service dept nearly beg get courtesy report,0,140,24,Negative,0.946473,0.048342,0.005185,-0.941289,Negative
569709103188197376,2015-02-23T04:03:29Z,2015-02-23,4,Monday,peterpiatetsky,US Airways,"@USAirways we flew out, through and into good weather. when we landed, another technical issue with gate. improve service or lose customers","USER we flew out, through and into good weather. when we landed, another technical issue with gate. improve service or lose customers",user flew good weather landed another technical issue gate improve service lose customer,0,139,22,Negative,0.646267,0.305708,0.048024,-0.598243,Negative
569710119216422912,2015-02-23T04:07:31Z,2015-02-23,4,Monday,c2next,American,"@AmericanAir - Appreciate your system is busy but when I call, having your automated system hang up on me is not helpful.","USER - appreciate your system is busy but when i call, having your automated system hang up on me is not helpful.",user appreciate system busy call automated system hang helpful,1,121,21,Negative,0.898913,0.093036,0.008051,-0.890863,Negative
569713890138963968,2015-02-23T04:22:30Z,2015-02-23,4,Monday,clara_ennist,American,"@AmericanAir that 2 hr wait became a 4 hr one. And y'all claimed to have sent an email. Yeah, that never happened. #FlyDelta","USER that NUMBER hr wait became a NUMBER hr one. and y'all claimed to have sent an email. yeah, that never happened. #flydelta",user number hr wait became number hr one claimed sent email yeah never happened flydelta,0,124,24,Negative,0.789052,0.196463,0.014485,-0.774567,Negative
569713993532600321,2015-02-23T04:22:55Z,2015-02-23,4,Monday,bashomosko,Southwest,.@SouthwestAir Thx for the follow up. Just sent DM,. USER thx for the follow up. just sent dm,user thx follow sent dm,0,50,9,Positive,0.012893,0.490768,0.496338,0.483445,Positive
569714640764035073,2015-02-23T04:25:29Z,2015-02-23,4,Monday,nic_thoman23,United,@united compensate us for new clothes bet you won't,USER compensate us for new clothes bet you won't,user compensate u new clothes bet wo,0,51,10,Negative,0.706898,0.266175,0.026927,-0.679971,Negative
569714918951391232,2015-02-23T04:26:36Z,2015-02-23,4,Monday,tacodangerous,American,@AmericanAir can you take care @Cowboycerrone please. Thanks,USER can you take care USER please. thanks,user take care user please thanks,0,60,8,Neutral,0.013346,0.652337,0.334317,0.320971,Neutral
569715656632999936,2015-02-23T04:29:32Z,2015-02-23,4,Monday,theenergymads,US Airways,@USAirways you are absolutely terrible at managing these delays... Been delayed and undelayed and delayed 6 times now. 10 AM office hours.,USER you are absolutely terrible at managing these delays... been delayed and undelayed and delayed NUMBER times now. NUMBER am office hours.,user absolutely terrible managing delay delayed undelayed delayed number time number office hour,0,138,22,Negative,0.951245,0.043874,0.00488,-0.946365,Negative
569717605277130752,2015-02-23T04:37:16Z,2015-02-23,4,Monday,mjsorci,American,@AmericanAir thx for losing my bag. How hard is it to care for a bag w PRIORITY on it?why do u cont to not care for EP's?,USER thx for losing my bag. how hard is it to care for a bag w priority on it?why do u cont to not care for ep's?,user thx losing bag hard care bag priority cont care ep,0,121,29,Negative,0.895612,0.097117,0.007271,-0.888342,Negative
569717739113320448,2015-02-23T04:37:48Z,2015-02-23,4,Monday,meganstephens74,American,@AmericanAir @USAirways and the way I have been spoken to by #DFW and #Mia employees is truly disgusting. Save the pain fly with anyone else,USER USER and the way i have been spoken to by #dfw and #mia employees is truly disgusting. save the pain fly with anyone else,user user way spoken dfw mia employee truly disgusting save pain fly anyone else,0,140,25,Negative,0.949241,0.046463,0.004296,-0.944944,Negative
569718465034096640,2015-02-23T04:40:41Z,2015-02-23,4,Monday,brooklynbrood,American,"@AmericanAir our ft 1261 TUS/DFW (w/cx to LGA) tomorrow Cancelled Flighted, 4 hrs so far waiting for call back. What should we do? Need to get to nyc","USER our ft NUMBER tus/dfw (w/cx to lga) tomorrow cancelled flighted, NUMBER hrs so far waiting for call back. what should we do? need to get to nyc",user ft number lga tomorrow cancelled flighted number hr far waiting call back need get nyc,0,149,30,Negative,0.550158,0.43612,0.013722,-0.536436,Negative
569718904131420161,2015-02-23T04:42:26Z,2015-02-23,4,Monday,wadekoehler,American,@AmericanAir I have never seen such incompetency from a gate agent in years of business travel DFW B16 gate agent needs training or new job,USER i have never seen such incompetency from a gate agent in years of business travel dfw b16 gate agent needs training or new job,user never seen incompetency gate agent year business travel dfw gate agent need training new job,0,139,25,Negative,0.903106,0.086854,0.010041,-0.893065,Negative
569720008630149120,2015-02-23T04:46:49Z,2015-02-23,4,Monday,mjsorci,American,@AmericanAir I have almost 3 million miles w u so I am loyal to u. When r u going to reciprocate? What a joke,USER i have almost NUMBER million miles w u so i am loyal to u. when r u going to reciprocate? what a joke,user almost number million mile loyal going reciprocate joke,0,109,24,Negative,0.468727,0.393663,0.13761,-0.331117,Negative
569720168160428032,2015-02-23T04:47:27Z,2015-02-23,4,Monday,sxsefoodco,American,@AmericanAir can we get a status update on flight 1457? Are we going to make it home tonight...?,USER can we get a status update on flight NUMBER ? are we going to make it home tonight...?,user get status update flight number going make home tonight,0,96,18,Neutral,0.01044,0.94664,0.04292,0.03248,Neutral
569720394782875649,2015-02-23T04:48:21Z,2015-02-23,4,Monday,joe_curry,United,@united I lost my sunglasses on the flight from OKC to IAH this morning (8am takeoff) .. is there any way to retrieve them?,USER i lost my sunglasses on the flight from okc to iah this morning (8am takeoff) .. is there any way to retrieve them?,user lost sunglass flight okc iah morning takeoff way retrieve,0,123,23,Negative,0.454035,0.527403,0.018562,-0.435474,Neutral
569721419849797632,2015-02-23T04:52:26Z,2015-02-23,4,Monday,hellodukesy,American,"@AmericanAir Need to change flight, but the CS # is telling me it can't take my call. Can't change online. Please help. Flight is this week.","USER need to change flight, but the cs # is telling me it can't take my call. can't change online. please help. flight is this week.",user need change flight c telling ca take call ca change online please help flight week,0,140,27,Negative,0.791023,0.198751,0.010226,-0.780797,Negative
569722367343136768,2015-02-23T04:56:11Z,2015-02-23,4,Monday,rajgoel_ny,Delta,@JetBlue mint seats are AWESOME! :-) @emaleesugano best business class in the US!!!,USER mint seats are awesome! :-) USER best business class in the us!!!,user mint seat awesome user best business class u,0,83,12,Positive,0.002482,0.006294,0.991225,0.988743,Positive
569731306092961792,2015-02-23T05:31:43Z,2015-02-23,5,Monday,smileynthahood,US Airways,Number or email? That's the purpose of sending you a tweet? @USAirways,number or email? that's the purpose of sending you a tweet? USER,number email purpose sending tweet user,0,70,13,Negative,0.084162,0.888529,0.027309,-0.056853,Neutral
569737603617943552,2015-02-23T05:56:44Z,2015-02-23,5,Monday,kindofluke,Virgin America,@VirginAmerica I like the customer service but a 40 min delay just for connecting passengers seems too long. VA370,USER i like the customer service but a NUMBER min delay just for connecting passengers seems too long. va370,user like customer service number min delay connecting passenger seems long,0,114,19,Negative,0.668008,0.289913,0.042079,-0.625928,Negative
569741221783957504,2015-02-23T06:11:07Z,2015-02-23,6,Monday,usagibrian,Virgin America,"@VirginAmerica And now the flight Flight Booking Problems site is totally down. Folks, what is the problem?","USER and now the flight flight booking problems site is totally down. folks, what is the problem?",user flight flight booking problem site totally folk problem,0,107,17,Negative,0.869173,0.124141,0.006685,-0.862488,Negative
569741366642618368,2015-02-23T06:11:41Z,2015-02-23,6,Monday,toromiller,United,"@united UA flight 1247. SFO to LAX took my carry on at gate. I'm Group 2, overhead bins are empty","USER ua flight NUMBER . sfo to lax took my carry on at gate. i'm group NUMBER , overhead bins are empty",user ua flight number sfo lax took carry gate group number overhead bin empty,0,97,21,Neutral,0.189784,0.776795,0.033421,-0.156362,Neutral
569743891714347009,2015-02-23T06:21:43Z,2015-02-23,6,Monday,dudeofthehouse,United,"@united If you consider 50 mins for bags @ 10:00pm on a Sunday night ""as fast as they can"", you should reconsider what you think that means.","USER if you consider NUMBER mins for bags @ NUMBER :00pm on a sunday night ""as fast as they can"", you should reconsider what you think that means.",user consider number min bag number sunday night fast reconsider think mean,0,140,27,Negative,0.538145,0.444002,0.017852,-0.520293,Negative
569747046338588672,2015-02-23T06:34:15Z,2015-02-23,6,Monday,patrickcota5,US Airways,@USAirways Do you have any pride in your service? Any concerns for my wife and everyone else on that flight? Or you just don't care????!!!,USER do you have any pride in your service? any concerns for my wife and everyone else on that flight? or you just don't care????!!!,user pride service concern wife everyone else flight care,0,138,26,Negative,0.938257,0.056442,0.005301,-0.932955,Negative
569747668232065024,2015-02-23T06:36:44Z,2015-02-23,6,Monday,wsachs,United,@united checked me in through security under the wrong name and given the wrong boarding pass. #AirlineSecurity,USER checked me in through security under the wrong name and given the wrong boarding pass. #airlinesecurity,user checked security wrong name given wrong boarding pas airlinesecurity,0,111,17,Negative,0.878271,0.11694,0.004789,-0.873482,Negative
569747874952683520,2015-02-23T06:37:33Z,2015-02-23,6,Monday,schmanki,Delta,@JetBlue flight was two days ago. Flight 1918 from POS.,USER flight was two days ago. flight NUMBER from pos.,user flight two day ago flight number po,0,55,10,Negative,0.62847,0.350176,0.021354,-0.607115,Negative
569748884164988929,2015-02-23T06:41:34Z,2015-02-23,6,Monday,jacquiemae08,United,@united One of your workers refused to give me her name as a reference for my notes. Her tone &amp; language was very unprofessional.,USER one of your workers refused to give me her name as a reference for my notes. her tone &amp; language was very unprofessional.,user one worker refused give name reference note tone amp language unprofessional,1,133,24,Negative,0.904359,0.089853,0.005789,-0.89857,Negative
569753797704024065,2015-02-23T07:01:05Z,2015-02-23,7,Monday,jasonarbaugh,United,"@united Yes I did. We headed out to de-ice 5 minutes after I sent it to you. Made it to Austin, but am now waiting for the luggage.","USER yes i did. we headed out to de-ice NUMBER minutes after i sent it to you. made it to austin, but am now waiting for the luggage.",user yes headed number minute sent made austin waiting luggage,0,131,29,Negative,0.011882,0.793664,0.194455,0.182573,Neutral
569764275700375552,2015-02-23T07:42:43Z,2015-02-23,7,Monday,dbfuhrm,American,@AmericanAir has to be the worst airline in the world #yousuck #horrible #Oscars2015,USER has to be the worst airline in the world #yousuck #horrible #oscars2015,user worst airline world yousuck horrible,0,84,13,Negative,0.961811,0.031865,0.006324,-0.955487,Negative
569771270839013376,2015-02-23T08:10:31Z,2015-02-23,8,Monday,jakenemmasmom,US Airways,@USAirways What a mess caused by the computer systems. Flight 719 in 3 hours Late Flight and now no gate for us. Est 26 min wait.,USER what a mess caused by the computer systems. flight NUMBER in NUMBER hours late flight and now no gate for us. est NUMBER min wait.,user mess caused computer system flight number number hour late flight gate u est number min wait,0,129,26,Negative,0.926394,0.068379,0.005227,-0.921168,Negative
569777607371128834,2015-02-23T08:35:42Z,2015-02-23,8,Monday,skatemamas,Virgin America,@VirginAmerica and again! Another rep kicked butt! Naelah represents your team so beautifully!! Thank you!!!,USER and again! another rep kicked butt! naelah represents your team so beautifully!! thank you!!!,user another rep kicked butt naelah represents team beautifully thank,0,108,15,Positive,0.004181,0.009702,0.986117,0.981936,Positive
569782352223666176,2015-02-23T08:54:33Z,2015-02-23,8,Monday,veronique956,United,@united the staff was rather efficient and got us solutions just freaked me out a little being in limbo in the air.,USER the staff was rather efficient and got us solutions just freaked me out a little being in limbo in the air.,user staff rather efficient got u solution freaked little limbo air,0,115,22,Positive,0.073496,0.338102,0.588402,0.514906,Positive
569782378270314498,2015-02-23T08:54:39Z,2015-02-23,8,Monday,gubelmom,American,@AmericanAir I certainly hope my LA /PBI on 25 th has a NEW plane . The seats on Feb 11 th flight ( in reverse) God awful,USER i certainly hope my la /pbi on NUMBER th has a new plane . the seats on feb NUMBER th flight ( in reverse) god awful,user certainly hope la number th new plane seat feb number th flight reverse god awful,0,121,25,Negative,0.865995,0.112866,0.021139,-0.844856,Negative
569784699117137920,2015-02-23T09:03:53Z,2015-02-23,9,Monday,eyeofthegate,American,@AmericanAir speaking 2 languages paid off! as the US line left me over 70 min in hold -without an answer- the latinamerican solved in 20min,USER speaking NUMBER languages paid off! as the us line left me over NUMBER min in hold -without an answer- the latinamerican solved in 20min,user speaking number language paid u line left number min hold latinamerican solved,0,140,25,Negative,0.073668,0.443127,0.483205,0.409536,Positive
569826452633313280,2015-02-23T11:49:47Z,2015-02-23,11,Monday,droqen,American,@AmericanAir Eventually the call got through. Not sure what changed. Thank you a lot though!,USER eventually the call got through. not sure what changed. thank you a lot though!,user eventually call got sure changed thank lot though,0,92,15,Positive,0.014541,0.244126,0.741333,0.726793,Positive
569831129773027329,2015-02-23T12:08:22Z,2015-02-23,12,Monday,fredcarlton,United,"@united why do I check in online if I still have to wait in line for an hour to ""check in"" at counter? #fuckinlame @naia_miaa","USER why do i check in online if i still have to wait in line for an hour to ""check in"" at counter? #fuckinlame USER",user check online still wait line hour check counter fuckinlame user,0,125,25,Negative,0.926002,0.069023,0.004975,-0.921028,Negative
569831393682976768,2015-02-23T12:09:25Z,2015-02-23,12,Monday,hale36,American,@AmericanAir hi do you have a phone number to ring from uk regarding claim for our Late Flight flight departure claim amount agreed just had no,USER hi do you have a phone number to ring from uk regarding claim for our late flight flight departure claim amount agreed just had no,user hi phone number ring uk regarding claim late flight flight departure claim amount agreed,0,143,26,Neutral,0.250455,0.715465,0.03408,-0.216375,Neutral
569837650984751104,2015-02-23T12:34:17Z,2015-02-23,12,Monday,murphyjulie,American,@AmericanAir @emrey35 But it says your agents are too busy and to try back Late Flightr???,USER USER but it says your agents are too busy and to try back late flightr???,user user say agent busy try back late flightr,0,90,16,Negative,0.755643,0.236751,0.007606,-0.748036,Negative
569844028365275136,2015-02-23T12:59:38Z,2015-02-23,12,Monday,lesliewolfson,American,@AmericanAir Pathetic answer. Just found out my bag has been sitting at LGA for 20 hours and no call from you to lmk or delivery of bag. BAD,USER pathetic answer. just found out my bag has been sitting at lga for NUMBER hours and no call from you to lmk or delivery of bag. bad,user pathetic answer found bag sitting lga number hour call lmk delivery bag bad,0,140,28,Negative,0.944948,0.050197,0.004854,-0.940094,Negative
569845041440677888,2015-02-23T13:03:39Z,2015-02-23,13,Monday,cpalcisco,American,@AmericanAir help. Flight to Dallas was Cancelled Flightled this morning from cle. on hold for 3 hours. Need to be booked on next flight out.,USER help. flight to dallas was cancelled flightled this morning from cle. on hold for NUMBER hours. need to be booked on next flight out.,user help flight dallas cancelled flightled morning cle hold number hour need booked next flight,0,141,25,Negative,0.7666,0.225138,0.008261,-0.758339,Negative
569846545715228673,2015-02-23T13:09:38Z,2015-02-23,13,Monday,jono_1984,American,"@AmericanAir Sorry, what equipment? Have the passengers been allowed to return to the plane?","USER sorry, what equipment? have the passengers been allowed to return to the plane?",user sorry equipment passenger allowed return plane,0,92,14,Neutral,0.318797,0.670143,0.01106,-0.307737,Neutral
569846882291159040,2015-02-23T13:10:58Z,2015-02-23,13,Monday,flora_lola_nyc,American,@AmericanAir Not necessary. I am confident the excellent in-flight staff will make the appropriate report.,USER not necessary. i am confident the excellent in-flight staff will make the appropriate report.,user necessary confident excellent staff make appropriate report,0,106,16,Positive,0.022174,0.275282,0.702544,0.68037,Positive
569849765711769600,2015-02-23T13:22:26Z,2015-02-23,13,Monday,mikeshor,United,"@United ""Your bag may or may not be at the airport. Unfortunately, no one at the airport is picking up the phone or responding to messages.""","USER ""your bag may or may not be at the airport. unfortunately, no one at the airport is picking up the phone or responding to messages.""",user bag may may airport unfortunately one airport picking phone responding message,0,140,26,Negative,0.82907,0.162816,0.008114,-0.820956,Negative
569850899310358531,2015-02-23T13:26:56Z,2015-02-23,13,Monday,alysabaker,United,@united hilarious,USER hilarious,user hilarious,0,17,2,Negative,0.061935,0.255151,0.682914,0.62098,Positive
569851972645466112,2015-02-23T13:31:12Z,2015-02-23,13,Monday,sindhurella67,American,"@AmericanAir My flight 1108 was Cancelled Flightled. I need to be rebooked, and I can't do it online and they aren't answering calls. Help!","USER my flight NUMBER was cancelled flightled. i need to be rebooked, and i can't do it online and they aren't answering calls. help!",user flight number cancelled flightled need rebooked ca online answering call help,0,139,26,Negative,0.900889,0.093519,0.005592,-0.895297,Negative
569854535608311809,2015-02-23T13:41:23Z,2015-02-23,13,Monday,polpastor21,American,"@AmericanAir I love travel with yours planes, all people is very nice, it's amazing! Can you please follow me back? 😋I love the company!","USER i love travel with yours planes, all people is very nice, it's amazing! can you please follow me back? 😋i love the company!",user love travel plane people nice amazing please follow back love company,0,136,25,Positive,0.003689,0.007445,0.988866,0.985177,Positive
569854995958509568,2015-02-23T13:43:13Z,2015-02-23,13,Monday,robin_downing,American,@AmericanAir Why did I have to stand at baggage claim for an hour waiting for a bag that you knew never made it on to the plane?,USER why did i have to stand at baggage claim for an hour waiting for a bag that you knew never made it on to the plane?,user stand baggage claim hour waiting bag knew never made plane,0,128,27,Negative,0.901545,0.093439,0.005016,-0.896529,Negative
569855409567207424,2015-02-23T13:44:51Z,2015-02-23,13,Monday,thatericalper,American,@AmericanAir I can't get an operator after an hour's worth of calls to Cancelled Flight a delayed flight. Automated system doesn't go beyond message.,USER i can't get an operator after an hour's worth of calls to cancelled flight a delayed flight. automated system doesn't go beyond message.,user ca get operator hour worth call cancelled flight delayed flight automated system go beyond message,0,149,27,Negative,0.875192,0.118896,0.005912,-0.869281,Negative
569859985208770562,2015-02-23T14:03:02Z,2015-02-23,14,Monday,tdaulongperfmgt,United,@united as a freq flyer it makes me sad to see cust needing assistance treated so poorly. #ServiceFail,USER as a freq flyer it makes me sad to see cust needing assistance treated so poorly. #servicefail,user freq flyer make sad see cust needing assistance treated poorly servicefail,0,102,18,Negative,0.937987,0.05688,0.005133,-0.932854,Negative
569865061855932416,2015-02-23T14:23:12Z,2015-02-23,14,Monday,mj_effects,American,@AmericanAir this is the biggest joke of #customerservice I've ever seen from a ✈️ brand http://t.co/XHSUUpHeZe,USER this is the biggest joke of #customerservice i've ever seen from a ✈️ brand URL,user biggest joke customerservice ever seen brand url,0,111,19,Negative,0.945211,0.048489,0.0063,-0.938911,Negative
569867364390449152,2015-02-23T14:32:21Z,2015-02-23,14,Monday,keithpresser,United,@united I would like to talk to a customer service agent about the service / non service I received on my last flight a a week or so a go. J,USER i would like to talk to a customer service agent about the service / non service i received on my last flight a a week or so a go. j,user would like talk customer service agent service non service received last flight week go,0,140,30,Negative,0.516552,0.462008,0.02144,-0.495112,Negative
569869163029762048,2015-02-23T14:39:30Z,2015-02-23,14,Monday,jcsolomons,US Airways,@USAirways Thank you.,USER thank you.,user thank,0,21,3,Positive,0.012132,0.11886,0.869008,0.856876,Positive
569870075316064256,2015-02-23T14:43:08Z,2015-02-23,14,Monday,sindhurella67,American,@AmericanAir I need to be back in Cleveland as early as possible tomorrow,USER i need to be back in cleveland as early as possible tomorrow,user need back cleveland early possible tomorrow,0,73,13,Neutral,0.0407,0.784928,0.174372,0.133673,Neutral
569870924410970112,2015-02-23T14:46:30Z,2015-02-23,14,Monday,ashwatson3,US Airways,@USAirways I will NEVER fly us airways or american again and I will share this nightmare of a story to all the many others we know who fly,USER i will never fly us airways or american again and i will share this nightmare of a story to all the many others we know who fly,user never fly u airway american share nightmare story many others know fly,0,138,28,Negative,0.915355,0.076325,0.00832,-0.907035,Negative
569874374741925889,2015-02-23T15:00:13Z,2015-02-23,15,Monday,sl_024,Delta,@JetBlue keeps getting better. No water on the plane.,USER keeps getting better. no water on the plane.,user keep getting better water plane,0,53,9,Negative,0.007739,0.057977,0.934284,0.926545,Positive
569874553175810050,2015-02-23T15:00:55Z,2015-02-23,15,Monday,mustseeitall_,US Airways,@USAirways getting extremely frustrated w/ the phone/online service for merging frequent flyer miles.,USER getting extremely frustrated w/ the phone/online service for merging frequent flyer miles.,user getting extremely frustrated service merging frequent flyer mile,0,101,14,Negative,0.877934,0.113984,0.008082,-0.869852,Negative
569875532600385536,2015-02-23T15:04:49Z,2015-02-23,15,Monday,loloemartin,Southwest,@SouthwestAir bag in possession but no clothes in bag??,USER bag in possession but no clothes in bag??,user bag possession clothes bag,0,55,9,Negative,0.203851,0.780339,0.01581,-0.188042,Neutral
569878117583622145,2015-02-23T15:15:05Z,2015-02-23,15,Monday,miscgal,US Airways,@USAirways Thanks for the information!,USER thanks for the information!,user thanks information,0,38,5,Positive,0.005259,0.089361,0.905381,0.900122,Positive
569881548515708928,2015-02-23T15:28:43Z,2015-02-23,15,Monday,drcaseydrake,Virgin America,@VirginAmerica I was scheduled for SFO 2 DAL flight 714 today. Changed to 24th due weather. Looks like flight still on?,USER i was scheduled for sfo NUMBER dal flight NUMBER today. changed to 24th due weather. looks like flight still on?,user scheduled sfo number dal flight number today changed due weather look like flight still,0,119,21,Neutral,0.049072,0.916164,0.034764,-0.014309,Neutral
569881888892055552,2015-02-23T15:30:04Z,2015-02-23,15,Monday,gdelgadillo,American,@AmericanAir I've been calling your 1800 # all morning to change my name for an upcoming trip but am not able to get through. Please advise!,USER i've been calling your NUMBER # all morning to change my name for an upcoming trip but am not able to get through. please advise!,user calling number morning change name upcoming trip able get please advise,0,140,26,Negative,0.766265,0.220748,0.012986,-0.753279,Negative
569883077289181184,2015-02-23T15:34:48Z,2015-02-23,15,Monday,takingthekids,American,@AmericanAir can't get thru to anyone on phone,USER can't get thru to anyone on phone,user ca get thru anyone phone,0,46,9,Negative,0.676543,0.309984,0.013473,-0.663069,Negative
569884462051418112,2015-02-23T15:40:18Z,2015-02-23,15,Monday,61jr,American,"@AmericanAir - So does that mean your other flights going into Buffalo from other locations, you don't care about their safety?","USER - so does that mean your other flights going into buffalo from other locations, you don't care about their safety?",user mean flight going buffalo location care safety,0,127,21,Negative,0.747498,0.243002,0.0095,-0.737998,Negative
569885018358575104,2015-02-23T15:42:30Z,2015-02-23,15,Monday,chermc56,American,@AmericanAir yes. Just sayin' that was a particularly poorly handled situation.,USER yes. just sayin' that was a particularly poorly handled situation.,user yes sayin particularly poorly handled situation,0,79,11,Negative,0.894998,0.099265,0.005737,-0.889261,Negative
569885759513034752,2015-02-23T15:45:27Z,2015-02-23,15,Monday,simundz,Southwest,@SouthwestAir on hold for 15+ min...no estimated answer time. Any help here?,USER on hold for NUMBER + min...no estimated answer time. any help here?,user hold number min estimated answer time help,0,76,13,Negative,0.808827,0.18365,0.007524,-0.801303,Negative
569888244155981825,2015-02-23T15:55:20Z,2015-02-23,15,Monday,generationkylie,United,@united AN HOUR DELAY BECAUSE YOU CAN'T PRINT A PIECE OF PAPER!,USER an hour delay because you can't print a piece of paper!,user hour delay ca print piece paper,0,63,13,Negative,0.915449,0.077015,0.007536,-0.907912,Negative
569889833297915904,2015-02-23T16:01:38Z,2015-02-23,16,Monday,bethmyn,American,"@AmericanAir I can't!!! No one can't get to ""hold"". You can't get past the automated reply. It hangs up on you. #FRUSTRATED","USER i can't!!! no one can't get to ""hold"". you can't get past the automated reply. it hangs up on you. #frustrated",user ca one ca get hold ca get past automated reply hang frustrated,0,123,25,Negative,0.934417,0.058595,0.006988,-0.927429,Negative
569890103989903360,2015-02-23T16:02:43Z,2015-02-23,16,Monday,almehairiauh,Southwest,@SouthwestAir to start 2xdaily #B737-700 flights from #Columbus OH to #Boston @BostonLogan on 8AUG #avgeek,USER to start 2xdaily #b737- NUMBER flights from #columbus oh to #boston USER on 8aug #avgeek,user start number flight columbus oh boston user avgeek,0,106,16,Neutral,0.008463,0.951062,0.040475,0.032013,Neutral
569890836361580544,2015-02-23T16:05:38Z,2015-02-23,16,Monday,fooyababs,American,@AmericanAir yes but not with much help from you guys,USER yes but not with much help from you guys,user yes much help guy,0,53,10,Negative,0.268368,0.667229,0.064403,-0.203965,Neutral
569891469210755074,2015-02-23T16:08:08Z,2015-02-23,16,Monday,joeyrenagade,Virgin America,@VirginAmerica check out new music http://t.co/maRcnOCWzn,USER check out new music URL,user check new music url,0,57,9,Neutral,0.004675,0.665083,0.330241,0.325566,Neutral
569894307508965377,2015-02-23T16:19:25Z,2015-02-23,16,Monday,thepointskid,United,@united please see dm!!,USER please see dm!!,user please see dm,0,23,4,Neutral,0.011784,0.638014,0.350202,0.338418,Neutral
569894407001939968,2015-02-23T16:19:49Z,2015-02-23,16,Monday,stravelsw,Virgin America,@VirginAmerica trying to add my boy Prince to my ressie. SF this Thursday @VirginAmerica from LAX http://t.co/GsB2J3c4gM,USER trying to add my boy prince to my ressie. sf this thursday USER from lax URL,user trying add boy prince ressie sf thursday user lax url,0,120,20,Neutral,0.004439,0.720089,0.275472,0.271034,Neutral
569894449620369408,2015-02-23T16:19:59Z,2015-02-23,16,Monday,louisjenny,Virgin America,@VirginAmerica is anyone doing anything there today? Website is useless and no one is answering the phone.,USER is anyone doing anything there today? website is useless and no one is answering the phone.,user anyone anything today website useless one answering phone,0,106,17,Negative,0.938431,0.056122,0.005447,-0.932984,Negative
569894983265710081,2015-02-23T16:22:06Z,2015-02-23,16,Monday,the_blueanchor,US Airways,"@USAirways thank you, but it says the website is down","USER thank you, but it says the website is down",user thank say website,0,53,10,Neutral,0.340204,0.599434,0.060362,-0.279842,Neutral
569895100526039040,2015-02-23T16:22:34Z,2015-02-23,16,Monday,dan3598328,US Airways,@USAirways i will be Cancelled Flighting my us airways credit card and choosing other airlines after my experience this week.,USER i will be cancelled flighting my us airways credit card and choosing other airlines after my experience this week.,user cancelled flighting u airway credit card choosing airline experience week,0,125,20,Negative,0.856207,0.137109,0.006683,-0.849524,Negative
569896805611089920,2015-02-23T16:29:21Z,2015-02-23,16,Monday,mattbunk,Virgin America,@virginamerica What is your phone number. I can't find who to call about a flight reservation.,USER what is your phone number. i can't find who to call about a flight reservation.,user phone number ca find call flight reservation,0,94,17,Negative,0.41064,0.569123,0.020237,-0.390403,Neutral
569897733466628097,2015-02-23T16:33:02Z,2015-02-23,16,Monday,jongann,American,@AmericanAir why are there only 2 agents at domestic check in at MIA?! WTF? Huge lines and many people with Cancelled Flightled flights.,USER why are there only NUMBER agents at domestic check in at mia?! wtf? huge lines and many people with cancelled flightled flights.,user number agent domestic check mia wtf huge line many people cancelled flightled flight,0,136,23,Negative,0.897187,0.097703,0.00511,-0.892078,Negative
569899413558169600,2015-02-23T16:39:43Z,2015-02-23,16,Monday,mne90,Delta,@JetBlue Gerne :),USER gerne :),user gerne,0,17,2,Neutral,0.007209,0.253462,0.739328,0.732119,Positive
569899859161026560,2015-02-23T16:41:29Z,2015-02-23,16,Monday,electromail,US Airways,"@USAirways That is the height of rudeness, and without question the worst customer service I have ever experienced.","USER that is the height of rudeness, and without question the worst customer service i have ever experienced.",user height rudeness without question worst customer service ever experienced,0,115,18,Negative,0.950511,0.042721,0.006768,-0.943743,Negative
569901998780198912,2015-02-23T16:49:59Z,2015-02-23,16,Monday,davidsawyerjr,Southwest,@SouthwestAir I would still have my companion pass if your ridiculous airline hadn't stopped partnering with Hilton Hotels - GENIUS!!!,USER i would still have my companion pass if your ridiculous airline hadn't stopped partnering with hilton hotels - genius!!!,user would still companion pas ridiculous airline stopped partnering hilton hotel genius,0,134,20,Negative,0.725753,0.192593,0.081654,-0.644099,Negative
569903197835407361,2015-02-23T16:54:45Z,2015-02-23,16,Monday,alfgeiger,American,"@AmericanAir the customer service today is unsat, Flight cnx, not notified, called for 6 hours and the phone line does not even let me hold","USER the customer service today is unsat, flight cnx, not notified, called for NUMBER hours and the phone line does not even let me hold",user customer service today unsat flight cnx notified called number hour phone line even let hold,0,139,25,Negative,0.93856,0.05662,0.00482,-0.93374,Negative
569903725449322496,2015-02-23T16:56:51Z,2015-02-23,16,Monday,hutchinsjim,US Airways,"@USAirways @HutchinsJim Yes, I made the flight and got my workout in too.","USER USER yes, i made the flight and got my workout in too.",user user yes made flight got workout,0,73,13,Neutral,0.003903,0.678976,0.317121,0.313218,Neutral
569907336485019648,2015-02-23T17:11:12Z,2015-02-23,17,Monday,mustbespoken,Virgin America,@VirginAmerica - Let 2 scanned in passengers leave the plane than told someone to remove their bag from 1st class bin? #uncomfortable,USER - let NUMBER scanned in passengers leave the plane than told someone to remove their bag from 1st class bin? #uncomfortable,user let number scanned passenger leave plane told someone remove bag class bin uncomfortable,0,133,21,Negative,0.797513,0.194964,0.007523,-0.789989,Negative
569909224521641984,2015-02-23T17:18:42Z,2015-02-23,17,Monday,colorcartel,Virgin America,@VirginAmerica I can't check in or add a bag. Your website isn't working. I've tried both desktop and mobile http://t.co/AvyqdMpi1Y,USER i can't check in or add a bag. your website isn't working. i've tried both desktop and mobile URL,user ca check add bag website working tried desktop mobile url,0,131,26,Negative,0.845803,0.146316,0.007881,-0.837922,Negative
569909232696483842,2015-02-23T17:18:44Z,2015-02-23,17,Monday,electromail,US Airways,@USAirways Your system is affected by the weather?,USER your system is affected by the weather?,user system affected weather,0,50,8,Negative,0.288492,0.70227,0.009238,-0.279253,Neutral
569909742447009792,2015-02-23T17:20:45Z,2015-02-23,17,Monday,brianaverna,United,"@united gate agent at EWR "" if you are disabled or in a wheel chair, it's time to board, please step"". STEP UP??? Lol","USER gate agent at ewr "" if you are disabled or in a wheel chair, it's time to board, please step"". step up??? lol",user gate agent ewr disabled wheel chair time board please step step lol,0,117,24,Negative,0.158192,0.706691,0.135116,-0.023076,Neutral
569910383047254016,2015-02-23T17:23:18Z,2015-02-23,17,Monday,renkcathy,Southwest,@SouthwestAir I would appreciate that. Thank you.,USER i would appreciate that. thank you.,user would appreciate thank,0,49,7,Positive,0.008086,0.045778,0.946137,0.938051,Positive
569910528279228416,2015-02-23T17:23:53Z,2015-02-23,17,Monday,1jensaba,American,@AmericanAir Trying to Cancelled Flight fligt 2321 O'Hare to Dallas 12:17pm. High call volume no one answer. Online no confirmation. #thankU,USER trying to cancelled flight fligt NUMBER o'hare to dallas NUMBER :17pm. high call volume no one answer. online no confirmation. #thanku,user trying cancelled flight fligt number dallas number high call volume one answer online confirmation thanku,0,140,23,Negative,0.832948,0.160108,0.006944,-0.826005,Negative
569910981868060673,2015-02-23T17:25:41Z,2015-02-23,17,Monday,merchengines,Virgin America,"@VirginAmerica Is it me, or is your website down? BTW, your new website isn't a great user experience. Time for another redesign.","USER is it me, or is your website down? btw, your new website isn't a great user experience. time for another redesign.",user website btw new website great user experience time another redesign,0,129,23,Negative,0.935984,0.058489,0.005527,-0.930457,Negative
569911064105754624,2015-02-23T17:26:00Z,2015-02-23,17,Monday,nhbonedoc,US Airways,"@USAirways delayed, connection missed, now extended layover how about a lounge pass for PHL. #5077","USER delayed, connection missed, now extended layover how about a lounge pass for phl. # NUMBER",user delayed connection missed extended layover lounge pas phl number,0,98,15,Negative,0.766767,0.226078,0.007155,-0.759611,Negative
569911816937033728,2015-02-23T17:29:00Z,2015-02-23,17,Monday,alisonk33774854,Virgin America,@VirginAmerica I like the TV and interesting video . Just disappointed in Cancelled Flightled flight when other flights went out to jfk on Saturday .,USER i like the tv and interesting video . just disappointed in cancelled flightled flight when other flights went out to jfk on saturday .,user like tv interesting video disappointed cancelled flightled flight flight went jfk saturday,0,149,23,Negative,0.393355,0.423279,0.183366,-0.209989,Neutral
569913288122765312,2015-02-23T17:34:51Z,2015-02-23,17,Monday,ljtypes,United,"@united I'd say most of the public can't extend their vacation a week, point is why advertise multiple flights you can't honor?","USER i'd say most of the public can't extend their vacation a week, point is why advertise multiple flights you can't honor?",user say public ca extend vacation week point advertise multiple flight ca honor,0,127,25,Negative,0.543244,0.437103,0.019653,-0.523591,Negative
569913667476549632,2015-02-23T17:36:21Z,2015-02-23,17,Monday,bostongarden,Delta,"@JetBlue For one way, not letting me select TO city....strange...and now some fairs look ""normal"" ????","USER for one way, not letting me select to city....strange...and now some fairs look ""normal"" ????",user one way letting select city strange fair look normal,0,102,17,Negative,0.822769,0.169589,0.007642,-0.815127,Negative
569917431059099648,2015-02-23T17:51:18Z,2015-02-23,17,Monday,mustseeitall_,US Airways,@USAirways is there a # or a time bracket I can call to fix this problem?I've been attempting to fix this contact information issue for days,USER is there a # or a time bracket i can call to fix this problem?i've been attempting to fix this contact information issue for days,user time bracket call fix problem attempting fix contact information issue day,0,140,27,Negative,0.672117,0.3045,0.023384,-0.648733,Negative
569917729022586880,2015-02-23T17:52:29Z,2015-02-23,17,Monday,bubbalucius,Delta,@JetBlue someone should screen what you play on your flights. http://t.co/tNY9uIpha5,USER someone should screen what you play on your flights. URL,user someone screen play flight url,0,84,14,Negative,0.449284,0.532374,0.018342,-0.430942,Neutral
569918026918727680,2015-02-23T17:53:40Z,2015-02-23,17,Monday,victoriabctoday,United,"@united your SFO-YYJ fight is Cancelled Flightled several times each week, why even bother?","USER your sfo-yyj fight is cancelled flightled several times each week, why even bother?",user fight cancelled flightled several time week even bother,1,91,15,Negative,0.913408,0.081442,0.00515,-0.908259,Negative
569920090440916994,2015-02-23T18:01:52Z,2015-02-23,18,Monday,cyntheah,Delta,@JetBlue The chairs could use some TLC. And more power outlets in the area would be a bonus. Headed to @UniversalORL !,USER the chairs could use some tlc. and more power outlets in the area would be a bonus. headed to USER !,user chair could use tlc power outlet area would bonus headed user,0,118,21,Positive,0.023066,0.313647,0.663288,0.640222,Positive
569922973798420480,2015-02-23T18:13:20Z,2015-02-23,18,Monday,mechv1963,United,"@United States faundation was by faith Judeo Cristian,@Not it was by ideologias.@ http://t.co/mWBk68k0A3","USER states faundation was by faith judeo cristian, USER it was by ideologias.@ URL",user state faundation faith judeo cristian user ideologias url,0,104,17,Neutral,0.323971,0.64649,0.029539,-0.294433,Neutral
569923221341908992,2015-02-23T18:14:19Z,2015-02-23,18,Monday,chuckwede65,American,@AmericanAir ...why would you sell seats for a 7 hour flight with half of the legroom occupied by an escape raft? http://t.co/DTHEyOFXrB,USER ...why would you sell seats for a NUMBER hour flight with half of the legroom occupied by an escape raft? URL,user would sell seat number hour flight half legroom occupied escape raft url,0,136,25,Negative,0.625203,0.366383,0.008413,-0.61679,Negative
569923360982900737,2015-02-23T18:14:52Z,2015-02-23,18,Monday,horns3939,American,@AmericanAir my flight 1337 is Cancelled Flightled. Can you let me know what my new flight info is?,USER my flight NUMBER is cancelled flightled. can you let me know what my new flight info is?,user flight number cancelled flightled let know new flight info,0,99,18,Negative,0.714591,0.278215,0.007193,-0.707398,Negative
569923525508665344,2015-02-23T18:15:31Z,2015-02-23,18,Monday,sexccia,Delta,😩😂😂😂😂 “@JetBlue: Our fleet's on fleek. http://t.co/yco9dikpt9”,😩😂😂😂😂 “ USER : our fleet's on fleek. URL,user fleet fleek url,0,62,10,Neutral,0.032327,0.313296,0.654377,0.622051,Positive
569924309902356480,2015-02-23T18:18:38Z,2015-02-23,18,Monday,hellomichaellee,American,@AmericanAir I'm trying to make a reservation with a &lt; 2 year old lap child. Don't see any option online. How do I proceed with reservation?,USER i'm trying to make a reservation with a &lt; NUMBER year old lap child. don't see any option online. how do i proceed with reservation?,user trying make reservation lt number year old lap child see option online proceed reservation,0,143,28,Negative,0.335362,0.651917,0.012721,-0.322641,Neutral
569924772349538304,2015-02-23T18:20:29Z,2015-02-23,18,Monday,markman23,American,@AmericanAir I need some help. My record locator is bringing up TWO different flights in your system. One op by AA &amp; one from US Airways.,USER i need some help. my record locator is bringing up two different flights in your system. one op by aa &amp; one from us airways.,user need help record locator bringing two different flight system one op aa amp one u airway,0,141,26,Neutral,0.706078,0.282032,0.01189,-0.694189,Negative
569925190236442624,2015-02-23T18:22:08Z,2015-02-23,18,Monday,stulladaggera,Delta,"But, are your flight attendants fucking tho? RT @JetBlue: Our fleet's on fleek. http://t.co/wGYzTnjCXm","but, are your flight attendants fucking tho? rt USER : our fleet's on fleek. URL",flight attendant fucking tho rt user fleet fleek url,0,102,18,Negative,0.470326,0.440157,0.089517,-0.380809,Negative
569925362471211008,2015-02-23T18:22:49Z,2015-02-23,18,Monday,nmatasci,American,"@AmericanAir follows the Talent PM of #BDSM porn site http://t.co/UQGW6qsFFU. New ""Economy Dungeon"" class coming? http://t.co/pl9Sop5IHu","USER follows the talent pm of #bdsm porn site URL new ""economy dungeon"" class coming? URL",user follows talent pm bdsm porn site url new economy dungeon class coming url,0,136,22,Negative,0.012285,0.9229,0.064816,0.052531,Neutral
569926688244703232,2015-02-23T18:28:05Z,2015-02-23,18,Monday,evie_izms,Delta,“@JetBlue: Our fleet's on fleek. http://t.co/yZH4ZRQM0i” really JetBlue? #fleek?!!! 😂😂😂 hell no... Yall petty,“ USER : our fleet's on fleek. URL really jetblue? #fleek?!!! 😂😂😂 hell no... yall petty,user fleet fleek url really jetblue fleek hell yall petty,0,109,17,Negative,0.690268,0.223863,0.085868,-0.6044,Negative
569927506112815106,2015-02-23T18:31:20Z,2015-02-23,18,Monday,apostraphi,Delta,"@JetBlue @courteroy LOLZ. ""On Fleek""","USER USER lolz. ""on fleek""",user user lolz fleek,0,36,5,Neutral,0.024424,0.613997,0.361579,0.337155,Neutral
569927644575182849,2015-02-23T18:31:53Z,2015-02-23,18,Monday,dl_dub,American,@AmericanAir thanks.....,USER thanks.....,user thanks,0,24,2,Positive,0.009905,0.397541,0.592554,0.582648,Positive
569927843666366464,2015-02-23T18:32:41Z,2015-02-23,18,Monday,stevecorb9,American,@AmericanAir @EdPlotts don't bother trying to get anywhere with their customer service team either as take 2+ months and counting to reply,USER USER don't bother trying to get anywhere with their customer service team either as take NUMBER + months and counting to reply,user user bother trying get anywhere customer service team either take number month counting reply,0,138,23,Negative,0.929859,0.063798,0.006342,-0.923517,Negative
569931753768382464,2015-02-23T18:48:13Z,2015-02-23,18,Monday,chonwe3,Delta,Why @JetBlue let someone from black Twitter in their multimedia department?,why USER let someone from black twitter in their multimedia department?,user let someone black twitter multimedia department,1,75,11,Negative,0.753272,0.239164,0.007565,-0.745707,Negative
569933405506310144,2015-02-23T18:54:47Z,2015-02-23,18,Monday,arieldaie,Virgin America,@VirginAmerica you're the best!! Whenever I (begrudgingly) use any other airline I'm delayed and Late Flight :(,USER you're the best!! whenever i (begrudgingly) use any other airline i'm delayed and late flight :(,user best whenever begrudgingly use airline delayed late flight,0,111,18,Negative,0.442621,0.240285,0.317094,-0.125528,Negative
569933565321990144,2015-02-23T18:55:25Z,2015-02-23,18,Monday,blogblogblog,American,"@AmericanAir 4hrs Late Flightr i get a call back, and immediately disconnected","USER 4hrs late flightr i get a call back, and immediately disconnected",user late flightr get call back immediately disconnected,0,78,12,Negative,0.635662,0.350261,0.014077,-0.621585,Negative
569933816963342337,2015-02-23T18:56:25Z,2015-02-23,18,Monday,gunsndip,Virgin America,@VirginAmerica why can't you supp the biz traveler like @SouthwestAir and have customer service like @JetBlue #neverflyvirginforbusiness,USER why can't you supp the biz traveler like USER and have customer service like USER #neverflyvirginforbusiness,user ca supp biz traveler like user customer service like user neverflyvirginforbusiness,0,136,18,Negative,0.788257,0.194173,0.017569,-0.770688,Negative
569934354241212417,2015-02-23T18:58:33Z,2015-02-23,18,Monday,airportcluster,American,@AmericanAir There was no one from #AA at the #woase2015 event @HelsinkiAirport Lots of info available of #winterops,USER there was no one from #aa at the #woase2015 event USER lots of info available of #winterops,user one aa event user lot info available winterops,1,116,18,Negative,0.251059,0.720617,0.028323,-0.222736,Neutral
569934395865493504,2015-02-23T18:58:43Z,2015-02-23,18,Monday,kyle_romanoff,Virgin America,@VirginAmerica what happened to Doom?!,USER what happened to doom?!,user happened doom,0,38,5,Neutral,0.378132,0.600023,0.021846,-0.356286,Neutral
569935522497478656,2015-02-23T19:03:12Z,2015-02-23,19,Monday,aepleiss,US Airways,"@USAirways flights &amp; ""customer relations"" are extremely disappointing. Faced too many problems to type. apology=$25 towards a flight. A JOKE","USER flights &amp; ""customer relations"" are extremely disappointing. faced too many problems to type. apology=$ NUMBER towards a flight. a joke",user flight amp customer relation extremely disappointing faced many problem type number towards flight joke,0,144,21,Negative,0.956692,0.038799,0.004509,-0.952183,Negative
569935980129447936,2015-02-23T19:05:01Z,2015-02-23,19,Monday,maxfitgirl29,American,@AmericanAir we have been sitting on the plane for over an hour. unacceptable. you have a complete disregard for customer service.,USER we have been sitting on the plane for over an hour. unacceptable. you have a complete disregard for customer service.,user sitting plane hour unacceptable complete disregard customer service,0,130,21,Negative,0.94793,0.046372,0.005698,-0.942232,Negative
569936640669581313,2015-02-23T19:07:38Z,2015-02-23,19,Monday,koploperfan1992,United,@united look at this beauty 😉 dc 10 united airlines 😉 http://t.co/MvYoizRPdE,USER look at this beauty 😉 dc NUMBER united airlines 😉 URL,user look beauty dc number united airline url,0,76,13,Positive,0.002367,0.022964,0.974669,0.972301,Positive
569937143314849792,2015-02-23T19:09:38Z,2015-02-23,19,Monday,raulcordenillo,United,"@united I will do delayed baggage claim when I land. Hopefully the bag isn't broken into, damaged or lost w/c will result in more complaints","USER i will do delayed baggage claim when i land. hopefully the bag isn't broken into, damaged or lost w/c will result in more complaints",user delayed baggage claim land hopefully bag broken damaged lost result complaint,0,140,27,Negative,0.427094,0.513275,0.059631,-0.367464,Neutral
569937457837273088,2015-02-23T19:10:53Z,2015-02-23,19,Monday,faknilo,US Airways,"@USAirways I would happily wait in the terminal near food, restrooms and non irritated passengers.","USER i would happily wait in the terminal near food, restrooms and non irritated passengers.",user would happily wait terminal near food restroom non irritated passenger,0,98,15,Negative,0.025756,0.374958,0.599286,0.57353,Positive
569938559836299264,2015-02-23T19:15:16Z,2015-02-23,19,Monday,rbs2,Delta,“@JetBlue: Our fleet's on fleek. http://t.co/XASPqDsqhE”,“ USER : our fleet's on fleek. URL,user fleet fleek url,0,56,10,Neutral,0.002875,0.235606,0.76152,0.758645,Positive
569941957490774016,2015-02-23T19:28:46Z,2015-02-23,19,Monday,taylorlumsden,Virgin America,@VirginAmerica awesome. I flew yall Sat morning. Any way we can correct my bill ?,USER awesome. i flew yall sat morning. any way we can correct my bill ?,user awesome flew yall sat morning way correct bill,0,81,14,Positive,0.009095,0.118704,0.872201,0.863106,Positive
569942482668167168,2015-02-23T19:30:51Z,2015-02-23,19,Monday,kaityteer,Southwest,"@SouthwestAir Sorry to bother you, but I've been on hold for more than 2 hours and 30 minutes. Should I continue holding? Or call back?","USER sorry to bother you, but i've been on hold for more than NUMBER hours and NUMBER minutes. should i continue holding? or call back?",user sorry bother hold number hour number minute continue holding call back,0,135,26,Negative,0.768976,0.219745,0.01128,-0.757696,Negative
569942888643227648,2015-02-23T19:32:28Z,2015-02-23,19,Monday,8629fissile,United,@united Did you find out where it is? Thanks,USER did you find out where it is? thanks,user find thanks,0,44,9,Neutral,0.014643,0.70722,0.278137,0.263494,Neutral
569943328701095937,2015-02-23T19:34:13Z,2015-02-23,19,Monday,kingfilson,US Airways,@USAirways my flight is delayed so I missed my connecting flight. Stuck in Philadelphia over night and no hotel voucher? Thanks for nothing,USER my flight is delayed so i missed my connecting flight. stuck in philadelphia over night and no hotel voucher? thanks for nothing,user flight delayed missed connecting flight stuck philadelphia night hotel voucher thanks nothing,0,139,23,Negative,0.935844,0.059852,0.004304,-0.93154,Negative
569944514137362432,2015-02-23T19:38:55Z,2015-02-23,19,Monday,thomashoward88,US Airways,"@USAirways US 728 then lost ground power three different times. Not only grounded endlessly; now without air, lights, entertainment.","USER us NUMBER then lost ground power three different times. not only grounded endlessly; now without air, lights, entertainment.",user u number lost ground power three different time grounded endlessly without air light entertainment,0,132,19,Negative,0.848267,0.142744,0.00899,-0.839277,Negative
569944996616351746,2015-02-23T19:40:50Z,2015-02-23,19,Monday,jess_yoga,US Airways,@USAirways I spent an hour on the phone with them and got no where at all,USER i spent an hour on the phone with them and got no where at all,user spent hour phone got,0,73,16,Negative,0.820467,0.164458,0.015075,-0.805393,Negative
569945501166133248,2015-02-23T19:42:51Z,2015-02-23,19,Monday,thomashoward88,US Airways,"@USAirways US 728 Wait, now a gate opened. Back we go. (Good, maybe we can get off.)","USER us NUMBER wait, now a gate opened. back we go. (good, maybe we can get off.)",user u number wait gate opened back go good maybe get,0,84,17,Neutral,0.020902,0.320206,0.658892,0.63799,Positive
569946372901707776,2015-02-23T19:46:19Z,2015-02-23,19,Monday,maatkare67,Delta,@JetBlue @TatianaKing @thewayoftheid I feel only a few free travel vouchers will assuage my indignation.,USER USER USER i feel only a few free travel vouchers will assuage my indignation.,user user user feel free travel voucher assuage indignation,0,104,15,Negative,0.850483,0.13832,0.011197,-0.839286,Negative
569946742277451776,2015-02-23T19:47:47Z,2015-02-23,19,Monday,janetmcq,American,"@AmericanAir No. Had to Cancelled Flight my trip. Instead of a $25 future trip voucher, a $25 drink coupon would've been better! #WakingInMemphis","USER no. had to cancelled flight my trip. instead of a $ NUMBER future trip voucher, a $ NUMBER drink coupon would've been better! #wakinginmemphis",user cancelled flight trip instead number future trip voucher number drink coupon would better wakinginmemphis,0,145,24,Negative,0.866379,0.118837,0.014783,-0.851596,Negative
569947389383065600,2015-02-23T19:50:21Z,2015-02-23,19,Monday,patricklundy,Delta,"Stop the madness ""@JetBlue: Our fleet's on fleek. http://t.co/Q5a7jtkI5K”","stop the madness "" USER : our fleet's on fleek. URL",stop madness user fleet fleek url,1,73,13,Negative,0.504328,0.419536,0.076137,-0.428191,Negative
569947476830101504,2015-02-23T19:50:42Z,2015-02-23,19,Monday,milkman__dead,Delta,JetBlue reading the NYTimes. “@JetBlue: Our fleet's on fleek. http://t.co/lvIrTDtqly”,jetblue reading the nytimes. “ USER : our fleet's on fleek. URL,jetblue reading nytimes user fleet fleek url,0,85,14,Neutral,0.005951,0.550685,0.443363,0.437412,Neutral
569948345583562752,2015-02-23T19:54:09Z,2015-02-23,19,Monday,djrookiebear,Delta,Why “@JetBlue: Our fleet's on fleek. http://t.co/a7NvbJ8ipx”,why “ USER : our fleet's on fleek. URL,user fleet fleek url,0,60,11,Positive,0.006496,0.434965,0.558538,0.552042,Positive
569948645853786113,2015-02-23T19:55:20Z,2015-02-23,19,Monday,rozzinbags5,American,@AmericanAir not helpful,USER not helpful,user helpful,0,24,3,Negative,0.865165,0.124702,0.010133,-0.855032,Negative
569948646717812736,2015-02-23T19:55:21Z,2015-02-23,19,Monday,metalmikefisher,American,@AmericanAir Let's all have a extraordinary week and make it a year to remember #GoingForGreat 2015 thanks so much American Airlines!!!,USER let's all have a extraordinary week and make it a year to remember #goingforgreat NUMBER thanks so much american airlines!!!,user let extraordinary week make year remember goingforgreat number thanks much american airline,0,135,22,Positive,0.002735,0.00929,0.987975,0.98524,Positive
569950215513497601,2015-02-23T20:01:35Z,2015-02-23,20,Monday,thomashoward88,US Airways,@USAirways US 728/Feb 21. Arrive 7 hrs Late Flight; checked car seat missing. No replacement available. Has yet to arrive more than 24 hours Late Flightr.,USER us NUMBER /feb NUMBER . arrive NUMBER hrs late flight; checked car seat missing. no replacement available. has yet to arrive more than NUMBER hours late flightr.,user u number number arrive number hr late flight checked car seat missing replacement available yet arrive number hour late flightr,0,154,27,Negative,0.816151,0.177793,0.006056,-0.810095,Negative
569950567663050752,2015-02-23T20:02:59Z,2015-02-23,20,Monday,baldeebynature,Delta,@JetBlue *fights air*,USER *fights air*,user fight air,0,21,3,Negative,0.08795,0.859227,0.052824,-0.035126,Neutral
569952317556043776,2015-02-23T20:09:56Z,2015-02-23,20,Monday,anncompton,Southwest,@SouthwestAir Your Terry is our hero! Got my husband back thru security to retrieve cellphone left on plane in Austin. Terry #85832 U Rock!,USER your terry is our hero! got my husband back thru security to retrieve cellphone left on plane in austin. terry # NUMBER u rock!,user terry hero got husband back thru security retrieve cellphone left plane austin terry number rock,0,139,24,Positive,0.004505,0.058086,0.937409,0.932904,Positive
569952664445808640,2015-02-23T20:11:19Z,2015-02-23,20,Monday,paul_bautista,Delta,“@JetBlue: Our fleet's on fleek. http://t.co/RLWBJ80mA5” r u serious,“ USER : our fleet's on fleek. URL r u serious,user fleet fleek url serious,0,68,13,Neutral,0.134997,0.627595,0.237408,0.102411,Neutral
569953507874373632,2015-02-23T20:14:40Z,2015-02-23,20,Monday,princesslynessa,Delta,“@JetBlue: Our fleet's on fleek. http://t.co/cRFrwpc1Sx”😂😂😂,“ USER : our fleet's on fleek. URL,user fleet fleek url,0,59,10,Neutral,0.002875,0.235606,0.76152,0.758645,Positive
569954199821275136,2015-02-23T20:17:25Z,2015-02-23,20,Monday,ullcon,American,@AmericanAir it's GTSVYB. It says it's Cancelled Flightled when I try to check.,USER it's gtsvyb. it says it's cancelled flightled when i try to check.,user gtsvyb say cancelled flightled try check,0,79,15,Negative,0.62432,0.367677,0.008003,-0.616316,Negative
569957163138883584,2015-02-23T20:29:11Z,2015-02-23,20,Monday,brooks_angus,American,@AmericanAir thanks,USER thanks,user thanks,0,19,2,Positive,0.015299,0.341441,0.643259,0.62796,Positive
569958247412723712,2015-02-23T20:33:30Z,2015-02-23,20,Monday,lisa_shaw777,United,@united Ok thank again for your help!,USER ok thank again for your help!,user ok thank help,0,37,7,Positive,0.004121,0.035884,0.959995,0.955874,Positive
569960635376766976,2015-02-23T20:42:59Z,2015-02-23,20,Monday,10eshaa,Delta,“@JetBlue: Our fleet's on fleek. http://t.co/4LlWi5oxvO” lmfaooooo hook me up with a flight!,“ USER : our fleet's on fleek. URL lmfaooooo hook me up with a flight!,user fleet fleek url lmfaooooo hook flight,0,92,17,Neutral,0.007851,0.116412,0.875737,0.867886,Positive
569961680530247681,2015-02-23T20:47:08Z,2015-02-23,20,Monday,dgoot,American,@AmericanAir our flight attendant announced that we have transportation waiting for us for that flight so I think we'll make it.,USER our flight attendant announced that we have transportation waiting for us for that flight so i think we'll make it.,user flight attendant announced transportation waiting u flight think make,0,128,22,Neutral,0.004018,0.240021,0.755961,0.751943,Positive
569962605671919616,2015-02-23T20:50:49Z,2015-02-23,20,Monday,igoatnecks,Delta,Bruh “@JetBlue: Our fleet's on fleek. http://t.co/W9BQiw0aou”,bruh “ USER : our fleet's on fleek. URL,bruh user fleet fleek url,0,61,11,Neutral,0.013823,0.396438,0.589739,0.575916,Positive
569963701987450880,2015-02-23T20:55:10Z,2015-02-23,20,Monday,jerome_marie,Delta,😂😂😂 “@JetBlue: Our fleet's on fleek. http://t.co/BBaONx9txD”,😂😂😂 “ USER : our fleet's on fleek. URL,user fleet fleek url,0,60,10,Neutral,0.010469,0.318873,0.670657,0.660188,Positive
569964888870793216,2015-02-23T20:59:53Z,2015-02-23,20,Monday,lisaboban,United,"@united Thank you. Mention that before I boarded she asked 1other person to measure their bag, and it was another woman. Men not asked.","USER thank you. mention that before i boarded she asked 1other person to measure their bag, and it was another woman. men not asked.",user thank mention boarded asked person measure bag another woman men asked,0,135,24,Negative,0.041562,0.782593,0.175845,0.134282,Neutral
569966909019398144,2015-02-23T21:07:55Z,2015-02-23,21,Monday,teamcrafty,United,@united Does customer care have email or a phone rep that I can speak with? We had so many issues they can't be placed in 2000 characters?,USER does customer care have email or a phone rep that i can speak with? we had so many issues they can't be placed in NUMBER characters?,user customer care email phone rep speak many issue ca placed number character,0,138,28,Negative,0.754363,0.234788,0.010849,-0.743514,Negative
569968010431066112,2015-02-23T21:12:17Z,2015-02-23,21,Monday,ashritt,American,@AmericanAir work on the comm skills w hate agents at PHX. Said I was confirmed on flight out of DFW &amp; got here and that was only standby.,USER work on the comm skills w hate agents at phx. said i was confirmed on flight out of dfw &amp; got here and that was only standby.,user work comm skill hate agent phx said confirmed flight dfw amp got standby,0,142,28,Negative,0.608023,0.376615,0.015362,-0.592662,Negative
569969267589947394,2015-02-23T21:17:17Z,2015-02-23,21,Monday,lightsuitcase,American,@AmericanAir Need to hold or get a call back. Just get hung up on by your phone system for 6+ hours now.,USER need to hold or get a call back. just get hung up on by your phone system for NUMBER + hours now.,user need hold get call back get hung phone system number hour,0,104,22,Negative,0.893725,0.098149,0.008127,-0.885598,Negative
569970235392073729,2015-02-23T21:21:08Z,2015-02-23,21,Monday,ilyssapanitz,American,"@AmericanAir why can't you hire a staff that is helpful, informed and nice to it's customers?","USER why can't you hire a staff that is helpful, informed and nice to it's customers?",user ca hire staff helpful informed nice customer,0,93,18,Negative,0.591704,0.359895,0.048401,-0.543303,Negative
569970775517741056,2015-02-23T21:23:17Z,2015-02-23,21,Monday,stackach,American,"@AmericanAir Hi, did the discount award policy for credit card holders change? No longer seeing the chart of specials on the site. Thanks!","USER hi, did the discount award policy for credit card holders change? no longer seeing the chart of specials on the site. thanks!",user hi discount award policy credit card holder change longer seeing chart special site thanks,0,138,23,Neutral,0.116094,0.839929,0.043977,-0.072117,Neutral
569972097453137920,2015-02-23T21:28:32Z,2015-02-23,21,Monday,cristobalwong,United,"@united Thank you, ^JH, appreciate the prompt responses--me and other passengers will be doing so.","USER thank you, ^jh, appreciate the prompt responses--me and other passengers will be doing so.",user thank appreciate prompt response passenger,0,98,16,Neutral,0.007042,0.080449,0.912509,0.905467,Positive
569972250385862656,2015-02-23T21:29:08Z,2015-02-23,21,Monday,elmirabudman,US Airways,@USAirways only happened because u couldn't get us home the next day. #flydelta #flysouthwest #flyjetblue #theyareallbetter #stillnobags,USER only happened because u couldn't get us home the next day. #flydelta #flysouthwest #flyjetblue #theyareallbetter #stillnobags,user happened could get u home next day flydelta flysouthwest flyjetblue theyareallbetter stillnobags,0,136,18,Negative,0.74068,0.234921,0.024399,-0.71628,Negative
569972508499283968,2015-02-23T21:30:10Z,2015-02-23,21,Monday,travelzoo,Virgin America,@VirginAmerica Congrats on winning the @Travelzoo award for Best Deals from an Airline (US) http://t.co/kj1iljaebV,USER congrats on winning the USER award for best deals from an airline (us) URL,user congrats winning user award best deal airline u url,0,114,18,Positive,0.001974,0.021771,0.976255,0.974281,Positive
569972721901277184,2015-02-23T21:31:01Z,2015-02-23,21,Monday,funnateofpmg,American,@AmericanAir Can care less if youre without your bags for a day or a week! Ive been 3 stories in the last 3 hours...I WANT MY BAG!,USER can care less if youre without your bags for a day or a week! ive been NUMBER stories in the last NUMBER hours...i want my bag!,user care less youre without bag day week ive number story last number hour want bag,0,130,28,Negative,0.745141,0.20807,0.046789,-0.698352,Negative
569975778953142272,2015-02-23T21:43:09Z,2015-02-23,21,Monday,cbratch67,American,@AmericanAir Another customer non service from you. If we waited for you to solve the problem we would miss the funeral. You suck!,USER another customer non service from you. if we waited for you to solve the problem we would miss the funeral. you suck!,user another customer non service waited solve problem would miss funeral suck,0,130,23,Negative,0.949159,0.04593,0.004911,-0.944249,Negative
569976030708047872,2015-02-23T21:44:10Z,2015-02-23,21,Monday,amysaunders19,American,@AmericanAir Delaney and Shawn at DFW showed exceptional customer service today. Will happily choose AA whenever possible now! Thank you!,USER delaney and shawn at dfw showed exceptional customer service today. will happily choose aa whenever possible now! thank you!,user delaney shawn dfw showed exceptional customer service today happily choose aa whenever possible thank,0,137,20,Positive,0.003801,0.0143,0.981898,0.978097,Positive
569976620158578688,2015-02-23T21:46:30Z,2015-02-23,21,Monday,onerockgypsy,Virgin America,@VirginAmerica heyyyy guyyyys.. been trying to get through for an hour. can someone call me please? :/,USER heyyyy guyyyys.. been trying to get through for an hour. can someone call me please? :/,user heyyyy guyyyys trying get hour someone call please,0,102,16,Negative,0.776052,0.199031,0.024916,-0.751136,Negative
569977907222880256,2015-02-23T21:51:37Z,2015-02-23,21,Monday,pushmyn,Southwest,@SouthwestAir 3 hours and 80 degree difference. Yes please!! MHT TO MCO @sadie4406 http://t.co/MRAW3qDw4D,USER NUMBER hours and NUMBER degree difference. yes please!! mht to mco USER URL,user number hour number degree difference yes please mht mco user url,0,105,17,Positive,0.0044,0.131155,0.864445,0.860045,Positive
569981947612676096,2015-02-23T22:07:40Z,2015-02-23,22,Monday,deongordon,American,@AmericanAir Flight for tomorrow was Cancelled Flightled. New one booked. Seats taken care of. Just a tweet to commend you all on the service. Thanks!,USER flight for tomorrow was cancelled flightled. new one booked. seats taken care of. just a tweet to commend you all on the service. thanks!,user flight tomorrow cancelled flightled new one booked seat taken care tweet commend service thanks,0,150,25,Positive,0.020016,0.21726,0.762725,0.742709,Positive
569982307634794497,2015-02-23T22:09:06Z,2015-02-23,22,Monday,1stcrown,Virgin America,@VirginAmerica Flight 0736 DAL to DCA 2/24 2:10pm. Tried to check in could not. Status please.,USER flight NUMBER dal to dca NUMBER / NUMBER NUMBER :10pm. tried to check in could not. status please.,user flight number dal dca number number number tried check could status please,0,94,18,Neutral,0.573575,0.4142,0.012225,-0.56135,Negative
569983373378252800,2015-02-23T22:13:20Z,2015-02-23,22,Monday,gabriellerubym,American,@AmericanAir HELP U said ud chnge our retrn flght since we missed our connection Sat &amp; now ur not pickng up the phone.Only hve 18 hrs left!,USER help u said ud chnge our retrn flght since we missed our connection sat &amp; now ur not pickng up the phone.only hve NUMBER hrs left!,user help said ud chnge retrn flght since missed connection sat amp ur pickng hve number hr left,0,143,28,Negative,0.881102,0.110388,0.00851,-0.872591,Negative
569983375584272384,2015-02-23T22:13:21Z,2015-02-23,22,Monday,ryanaround,United,@united someone needs to DM me and resolve this correctly. Extremely disappointed with the service I received. Terrible management.,USER someone needs to dm me and resolve this correctly. extremely disappointed with the service i received. terrible management.,user someone need dm resolve correctly extremely disappointed service received terrible management,0,131,19,Negative,0.953519,0.041485,0.004996,-0.948523,Negative
569984791107338240,2015-02-23T22:18:58Z,2015-02-23,22,Monday,roatangallery,United,"@united thanks! It's 35K miles from RTB to Europe, to do a multiple destination so we could stop over in US on way/way back- mileage diff?","USER thanks! it's 35k miles from rtb to europe, to do a multiple destination so we could stop over in us on way/way back- mileage diff?",user thanks mile rtb europe multiple destination could stop u mileage diff,0,138,28,Neutral,0.009836,0.806934,0.183231,0.173395,Neutral
569986344484794369,2015-02-23T22:25:09Z,2015-02-23,22,Monday,gregm528,US Airways,@USAirways your lack of customer service has shined. I need you to step up and get my lost baggage to delta. So they can return it to me.,USER your lack of customer service has shined. i need you to step up and get my lost baggage to delta. so they can return it to me.,user lack customer service shined need step get lost baggage delta return,0,137,28,Negative,0.896158,0.095686,0.008156,-0.888002,Negative
569986782567071744,2015-02-23T22:26:53Z,2015-02-23,22,Monday,socialplc,Virgin America,"@VirginAmerica @LadyGaga @CarrieUnderwood Sorry, Mary Martin had it first!","USER USER USER sorry, mary martin had it first!",user user user sorry mary martin first,0,74,9,Neutral,0.135062,0.795111,0.069828,-0.065234,Neutral
569986794797842433,2015-02-23T22:26:56Z,2015-02-23,22,Monday,gregm528,US Airways,@USAirways your customer service # has a recording that says we are to busy to assist and hangs up. Great touch. #poorservice @GMA @CBSNews,USER your customer service # has a recording that says we are to busy to assist and hangs up. great touch. #poorservice USER USER,user customer service recording say busy assist hang great touch poorservice user user,1,139,23,Negative,0.191689,0.292777,0.515535,0.323846,Positive
569987325347954688,2015-02-23T22:29:02Z,2015-02-23,22,Monday,mrdarqcloud,Delta,@JetBlue lmfao.,USER lmfao.,user lmfao,0,15,2,Neutral,0.191768,0.664517,0.143715,-0.048053,Neutral
569987622484848640,2015-02-23T22:30:13Z,2015-02-23,22,Monday,adawson66,Virgin America,"@VirginAmerica @ladygaga @carrieunderwood all are great , but I have to go with #CarrieUnderwood 😍👌","USER USER USER all are great , but i have to go with #carrieunderwood 😍👌",user user user great go carrieunderwood,0,99,13,Neutral,0.005415,0.016237,0.978348,0.972933,Positive
569989043456380928,2015-02-23T22:35:52Z,2015-02-23,22,Monday,mitchsunderland,US Airways,@USAirways your airway is a joke. I have never dealt with worse service,USER your airway is a joke. i have never dealt with worse service,user airway joke never dealt worse service,0,71,13,Negative,0.958453,0.036323,0.005224,-0.953229,Negative
569989812637167617,2015-02-23T22:38:55Z,2015-02-23,22,Monday,hanlonbrothers,Southwest,@SouthwestAir New marketing song? https://t.co/F2LFULCbQ7 let us know what you think? http://t.co/iQnVyFPg4P,USER new marketing song? URL let us know what you think? URL,user new marketing song url let u know think url,0,108,18,Neutral,0.007743,0.878096,0.114161,0.106418,Neutral
569992825997279232,2015-02-23T22:50:54Z,2015-02-23,22,Monday,shararnold,Southwest,@SouthwestAir any deals to orlando in April/may??,USER any deals to orlando in april/may??,user deal orlando,0,49,8,Neutral,0.007227,0.944959,0.047814,0.040586,Neutral
569993218730934273,2015-02-23T22:52:27Z,2015-02-23,22,Monday,samuelmondo,American,"@AmericanAir not only on both legs did I have damaged seat, u damaged an expensive case and not offered anything.Just an apology 6wks Late Flightr!","USER not only on both legs did i have damaged seat, u damaged an expensive case and not offered anything.just an apology 6wks late flightr!",user leg damaged seat damaged expensive case offered apology late flightr,0,147,26,Negative,0.935913,0.059384,0.004703,-0.93121,Negative
569995212296200192,2015-02-23T23:00:23Z,2015-02-23,23,Monday,amydresnick,American,"@AmericanAir already spoke to that line, unwilling to help - really poor support #hitawall","USER already spoke to that line, unwilling to help - really poor support #hitawall",user already spoke line unwilling help really poor support hitawall,0,90,13,Negative,0.943113,0.051054,0.005833,-0.937279,Negative
569996412286582784,2015-02-23T23:05:09Z,2015-02-23,23,Monday,murphicus,Virgin America,@VirginAmerica hi! i'm so excited about your $99 LGA-&gt;DAL deal- but i've been trying 2 book since last week &amp; the page never loads. thx!,USER hi! i'm so excited about your $ NUMBER lga-&gt;dal deal- but i've been trying NUMBER book since last week &amp; the page never loads. thx!,user hi excited number gt dal trying number book since last week amp page never load thx,0,143,29,Negative,0.008182,0.023457,0.96836,0.960178,Positive
569997258772455424,2015-02-23T23:08:31Z,2015-02-23,23,Monday,joseglopez00,American,@AmericanAir what's done is done. Not much you can do at this point. Trip is already over.,USER what's done is done. not much you can do at this point. trip is already over.,user done done much point trip already,0,90,18,Negative,0.247693,0.686899,0.065408,-0.182285,Neutral
569997655713173504,2015-02-23T23:10:05Z,2015-02-23,23,Monday,asianinthesun,American,"@AmericanAir has the worst flight change policy. No mercy, no sympathy, such a bummer when you can't go to funerals or see friends bc of it.","USER has the worst flight change policy. no mercy, no sympathy, such a bummer when you can't go to funerals or see friends bc of it.",user worst flight change policy mercy sympathy bummer ca go funeral see friend bc,0,140,27,Negative,0.955868,0.039996,0.004136,-0.951733,Negative
570000158454353920,2015-02-23T23:20:02Z,2015-02-23,23,Monday,jasemccarty,US Airways,"@USAirways I asked if that was SOP, and they said “It is now.” But yet the other 11 flights, nothing. Is this a policy or not?","USER i asked if that was sop, and they said “it is now.” but yet the other NUMBER flights, nothing. is this a policy or not?",user asked sop said yet number flight nothing policy,0,126,26,Negative,0.43808,0.547519,0.014401,-0.423678,Neutral
570000520083075072,2015-02-23T23:21:28Z,2015-02-23,23,Monday,zacktzane,US Airways,@USAirways horrible travel day w/ your airlines. My 2:20 flight to Birmingham was Cancelled Flightled w/ no notification so I couldn't get on the 4:05,USER horrible travel day w/ your airlines. my NUMBER : NUMBER flight to birmingham was cancelled flightled w/ no notification so i couldn't get on the NUMBER : NUMBER,user horrible travel day airline number number flight birmingham cancelled flightled notification could get number number,0,150,28,Negative,0.941774,0.054027,0.004199,-0.937575,Negative
570000618707746816,2015-02-23T23:21:52Z,2015-02-23,23,Monday,fromtheleftseat,Southwest,@SouthwestAir eyes next steps for improving #inflight #Wifi - Runway Girl http://t.co/h46HT1Oz40,USER eyes next steps for improving #inflight #wifi - runway girl URL,user eye next step improving inflight wifi runway girl url,0,96,14,Positive,0.004743,0.627033,0.368224,0.363481,Neutral
570000805626949633,2015-02-23T23:22:36Z,2015-02-23,23,Monday,mcconnell_km,American,@AmericanAir it is absolutely unacceptable. I have been calling all day and am hung up on every time. I just need a 5 minute bit of help!,USER it is absolutely unacceptable. i have been calling all day and am hung up on every time. i just need a NUMBER minute bit of help!,user absolutely unacceptable calling day hung every time need number minute bit help,0,137,27,Negative,0.941707,0.051473,0.00682,-0.934887,Negative
570001282603229186,2015-02-23T23:24:30Z,2015-02-23,23,Monday,tinahovsepian,American,@AmericanAir is the company from hell with NO consideration for customers that give it hundreds of millions of dollars per year #SMH,USER is the company from hell with no consideration for customers that give it hundreds of millions of dollars per year #smh,user company hell consideration customer give hundred million dollar per year smh,3,132,22,Negative,0.94815,0.045648,0.006202,-0.941948,Negative
570002509906837504,2015-02-23T23:29:23Z,2015-02-23,23,Monday,redbaronfilms,Delta,@JetBlue Our non-profit ARC would love tickets as we rely on airlines for extractions in saving abducted children and returning them Home!,USER our non-profit arc would love tickets as we rely on airlines for extractions in saving abducted children and returning them home!,user arc would love ticket rely airline extraction saving abducted child returning home,0,138,23,Neutral,0.011687,0.169437,0.818875,0.807188,Positive
570004391731847169,2015-02-23T23:36:51Z,2015-02-23,23,Monday,2v,Virgin America,@VirginAmerica wish you flew out of Atlanta... Soon?,USER wish you flew out of atlanta... soon?,user wish flew atlanta soon,0,52,8,Neutral,0.096185,0.851417,0.052398,-0.043786,Neutral
570006886012973056,2015-02-23T23:46:46Z,2015-02-23,23,Monday,joyabsalon,Virgin America,@VirginAmerica @ladygaga @carrieunderwood Julie Andrews all the way though @ladygaga was very impressive! NO to @Carrieunderwood,USER USER USER julie andrews all the way though USER was very impressive! no to USER,user user user julie andrew way though user impressive user,0,128,16,Positive,0.005337,0.040364,0.954299,0.948961,Positive
570007003659149312,2015-02-23T23:47:14Z,2015-02-23,23,Monday,jawnredcorn,United,@united I would love if someone could get me back to Austin tonight and I do not wish to wait til tomorrow morning.,USER i would love if someone could get me back to austin tonight and i do not wish to wait til tomorrow morning.,user would love someone could get back austin tonight wish wait til tomorrow morning,0,115,23,Neutral,0.166604,0.397117,0.436279,0.269674,Positive
570007830083854338,2015-02-23T23:50:31Z,2015-02-23,23,Monday,egk7,American,@AmericanAir the group of minor children were broken up into groups. Some still in Miami. Delta has much better customer service!,USER the group of minor children were broken up into groups. some still in miami. delta has much better customer service!,user group minor child broken group still miami delta much better customer service,0,129,21,Negative,0.195497,0.531695,0.272809,0.077312,Neutral
570010539499393025,2015-02-24T00:01:17Z,2015-02-24,0,Tuesday,bobglavinvo,Virgin America,@VirginAmerica @ladygaga @carrieunderwood After last night #tribute #SoundOfMusic #Oscars2015 @ladygaga! I think @carrieunderwood agree,USER USER USER after last night #tribute #soundofmusic #oscars2015 USER ! i think USER agree,user user user last night tribute soundofmusic user think user agree,0,135,14,Neutral,0.004418,0.172542,0.82304,0.818623,Positive
570010703391825920,2015-02-24T00:01:56Z,2015-02-24,0,Tuesday,cwolicki,Southwest,@SouthwestAir NOW you love me? After taking my money and only taking me halfway home. Sorry. Too Late Flight,USER now you love me? after taking my money and only taking me halfway home. sorry. too late flight,user love taking money taking halfway home sorry late flight,0,108,19,Negative,0.839691,0.146606,0.013703,-0.825988,Negative
570011216313131008,2015-02-24T00:03:58Z,2015-02-24,0,Tuesday,frqnttraveler,American,@AmericanAir emailed AAdvantage for status match ... still waiting. Can't wait to move from @united but help me out here :),USER emailed aadvantage for status match ... still waiting. can't wait to move from USER but help me out here :),user emailed aadvantage status match still waiting ca wait move user help,0,123,20,Negative,0.041956,0.182608,0.775435,0.733479,Positive
570011341483843584,2015-02-24T00:04:28Z,2015-02-24,0,Tuesday,vacations7,Virgin America,@VirginAmerica DREAM http://t.co/oA2dRfAoQ2 http://t.co/lWWdAc2kHx,USER dream URL URL,user dream url url,0,66,10,Neutral,0.016236,0.724104,0.25966,0.243425,Neutral
570012000648081409,2015-02-24T00:07:05Z,2015-02-24,0,Tuesday,paleomezzo,Delta,@JetBlue flight for tomorrow morning Cancelled Flighted &amp; can't seem to rebook me. They can't even get me a seat. No clear answer on why Cancelled Flighted.,USER flight for tomorrow morning cancelled flighted &amp; can't seem to rebook me. they can't even get me a seat. no clear answer on why cancelled flighted.,user flight tomorrow morning cancelled flighted amp ca seem rebook ca even get seat clear answer cancelled flighted,0,160,29,Negative,0.92085,0.074807,0.004342,-0.916508,Negative
570012257549070337,2015-02-24T00:08:07Z,2015-02-24,0,Tuesday,arieldaie,Virgin America,@VirginAmerica I'm #elevategold for a good reason: you rock!!,USER i'm #elevategold for a good reason: you rock!!,user elevategold good reason rock,0,61,10,Positive,0.0057,0.013195,0.981105,0.975405,Positive
570012849067720704,2015-02-24T00:10:28Z,2015-02-24,0,Tuesday,bostongarden,Delta,"@JetBlue No, it's weird!! I picked other cities just to test, those worked...not the one I want. Works on phone though, so I'll use that.","USER no, it's weird!! i picked other cities just to test, those worked...not the one i want. works on phone though, so i'll use that.",user weird picked city test worked one want work phone though use,0,137,28,Neutral,0.698208,0.268092,0.0337,-0.664508,Negative
570014602903339008,2015-02-24T00:17:26Z,2015-02-24,0,Tuesday,susan2312,American,@AmericanAir Was not on board you today just watched report unfold on Twitter but still am very proud!,USER was not on board you today just watched report unfold on twitter but still am very proud!,user board today watched report unfold twitter still proud,0,102,18,Positive,0.008483,0.049055,0.942462,0.933979,Positive
570015432750399488,2015-02-24T00:20:44Z,2015-02-24,0,Tuesday,flemmingerin,American,@AmericanAir thanks for following up- it finally worked!! Fingers crossed the new flight works.,USER thanks for following up- it finally worked!! fingers crossed the new flight works.,user thanks following finally worked finger crossed new flight work,0,95,14,Positive,0.004044,0.037523,0.958433,0.954389,Positive
570016517829623808,2015-02-24T00:25:02Z,2015-02-24,0,Tuesday,waynebevan,American,@AmericanAir Can you provide guidance on how I should work with them to resolve the issue,USER can you provide guidance on how i should work with them to resolve the issue,user provide guidance work resolve issue,0,89,16,Neutral,0.158374,0.819827,0.021799,-0.136575,Neutral
570016801192456192,2015-02-24T00:26:10Z,2015-02-24,0,Tuesday,rogersaintange,Delta,@JetBlue when are you guys flying it froward in the Bahamas.,USER when are you guys flying it froward in the bahamas.,user guy flying froward bahamas,0,60,11,Neutral,0.015274,0.948443,0.036283,0.021009,Neutral
570018285544206337,2015-02-24T00:32:04Z,2015-02-24,0,Tuesday,sammi2943,American,@AmericanAir misplaced my bag 36 hr ago and can't tell me where it is. I've lost $1000 of stuff :( #AmericanAirlines #unamericanairlines,USER misplaced my bag NUMBER hr ago and can't tell me where it is. i've lost $ NUMBER of stuff :( #americanairlines #unamericanairlines,user misplaced bag number hr ago ca tell lost number stuff americanairlines unamericanairlines,1,136,23,Negative,0.948936,0.046514,0.004549,-0.944387,Negative
570020255793352704,2015-02-24T00:39:54Z,2015-02-24,0,Tuesday,robertpiacente,Delta,"@JetBlue we're home, you guys recovered, now we can laugh about it and the extra day in barbados. Will you open Cuba soon?","USER we're home, you guys recovered, now we can laugh about it and the extra day in barbados. will you open cuba soon?",user home guy recovered laugh extra day barbados open cuba soon,0,122,24,Negative,0.01177,0.191857,0.796373,0.784603,Positive
570021682569555968,2015-02-24T00:45:34Z,2015-02-24,0,Tuesday,chagaga2013,American,@AmericanAir for our delays !!! I'm out of more money because of you,USER for our delays !!! i'm out of more money because of you,user delay money,0,68,13,Negative,0.948351,0.046147,0.005501,-0.94285,Negative
570024409630515202,2015-02-24T00:56:24Z,2015-02-24,0,Tuesday,bbuck22,US Airways,@USAirways I sent email to customer.relations@aa.com. Will this work?,USER i sent email to customer.relations USER .com. will this work?,user sent email user work,0,69,12,Neutral,0.079886,0.882608,0.037507,-0.042379,Neutral
570025482344898560,2015-02-24T01:00:40Z,2015-02-24,1,Tuesday,will_lenzenjr,Virgin America,"@VirginAmerica Hey, first time flyer next week - excited! But I'm having a hard time getting my flights added to my Elevate account. Help?","USER hey, first time flyer next week - excited! but i'm having a hard time getting my flights added to my elevate account. help?",user hey first time flyer next week excited hard time getting flight added elevate account help,0,138,24,Negative,0.355186,0.420624,0.224189,-0.130997,Neutral
570027786053636096,2015-02-24T01:09:49Z,2015-02-24,1,Tuesday,subzero4534,Southwest,@SouthwestAir Should be a way to give voice to customers who pay for services that are not satisfactorily delivered. #justsayin,USER should be a way to give voice to customers who pay for services that are not satisfactorily delivered. #justsayin,user way give voice customer pay service satisfactorily delivered justsayin,0,127,20,Negative,0.616411,0.356209,0.02738,-0.589032,Negative
570030390309552128,2015-02-24T01:20:10Z,2015-02-24,1,Tuesday,fromtheleftseat,Delta,@JetBlue plan to repair its brand http://t.co/ui9M8YpzH2 via @WSJ,USER plan to repair its brand URL via USER,user plan repair brand url via user,0,65,12,Neutral,0.012591,0.930457,0.056952,0.044361,Neutral
570031758546063361,2015-02-24T01:25:36Z,2015-02-24,1,Tuesday,msofka,American,@AmericanAir why did you drop my call. Why don't you have more people answering phones? Why is it always high call volume when I call,USER why did you drop my call. why don't you have more people answering phones? why is it always high call volume when i call,user drop call people answering phone always high call volume call,0,133,26,Negative,0.886911,0.107056,0.006033,-0.880878,Negative
570032796472778752,2015-02-24T01:29:44Z,2015-02-24,1,Tuesday,therichardkirby,Delta,Welp. “@JetBlue: Our fleet's on fleek. http://t.co/kwUEk1uKbC”,welp. “ USER : our fleet's on fleek. URL,welp user fleet fleek url,0,62,11,Neutral,0.008596,0.330592,0.660812,0.652216,Positive
570033062202863616,2015-02-24T01:30:47Z,2015-02-24,1,Tuesday,throthra,United,@united what's a good number to call to speak with someone about how you can fix what you did to 50 people and their luggage on Saturday?,USER what's a good number to call to speak with someone about how you can fix what you did to NUMBER people and their luggage on saturday?,user good number call speak someone fix number people luggage saturday,2,137,28,Negative,0.789309,0.204168,0.006523,-0.782786,Negative
570033099939184641,2015-02-24T01:30:56Z,2015-02-24,1,Tuesday,maryella_green,American,"@AmericanAir @maryella_green just received it, actually. Thank you!!!!!!!!!","USER USER just received it, actually. thank you!!!!!!!!!",user user received actually thank,0,75,8,Positive,0.001755,0.012462,0.985784,0.984029,Positive
570033259842801664,2015-02-24T01:31:34Z,2015-02-24,1,Tuesday,lunastarwind,American,@AmericanAir has no idea what they're doing. Delay 1 flight from 5pm to 7:40pm then delay another TO THE SAME DESTINATION @ THE SAME TIME.,USER has no idea what they're doing. delay NUMBER flight from 5pm to NUMBER :40pm then delay another to the same destination @ the same time.,user idea delay number flight number delay another destination time,0,138,26,Negative,0.926159,0.069436,0.004405,-0.921754,Negative
570033593394667521,2015-02-24T01:32:54Z,2015-02-24,1,Tuesday,jamesferrandini,Virgin America,"@VirginAmerica View of downtown Los Angeles, the Hollywood Sign, and beyond that rain in the mountains! http://t.co/Dw5nf0ibtr","USER view of downtown los angeles, the hollywood sign, and beyond that rain in the mountains! URL",user view downtown los angeles hollywood sign beyond rain mountain url,0,126,20,Positive,0.004196,0.701853,0.293951,0.289756,Neutral
570033719609827328,2015-02-24T01:33:24Z,2015-02-24,1,Tuesday,mlasichak,US Airways,@USAirways #NoService good luck trying to reach a human! Twice sat on hold for over 50 mins... #neveragain,USER #noservice good luck trying to reach a human! twice sat on hold for over NUMBER mins... #neveragain,user noservice good luck trying reach human twice sat hold number min neveragain,1,106,18,Negative,0.944264,0.049897,0.005839,-0.938425,Negative
570033778300620801,2015-02-24T01:33:38Z,2015-02-24,1,Tuesday,throthra,United,"@united to be clear on my luggage comment, I am referencing the photo attached. Flight 6232 to JAC http://t.co/PnBajfkmHG","USER to be clear on my luggage comment, i am referencing the photo attached. flight NUMBER to jac URL",user clear luggage comment referencing photo attached flight number jac url,0,121,22,Neutral,0.016409,0.927496,0.056096,0.039687,Neutral
570034397153398784,2015-02-24T01:36:05Z,2015-02-24,1,Tuesday,nikkidan96,Southwest,@SouthwestAir is the vinyl part of the prize too?,USER is the vinyl part of the prize too?,user vinyl part prize,0,49,9,Neutral,0.00573,0.852135,0.142135,0.136406,Neutral
570036187815149570,2015-02-24T01:43:12Z,2015-02-24,1,Tuesday,rkaradi,American,@AmericanAir ok makes no sense tho Since you'll give me a free upgrade to first.,USER ok makes no sense tho since you'll give me a free upgrade to first.,user ok make sense tho since give free upgrade first,0,80,16,Negative,0.557303,0.417039,0.025659,-0.531644,Negative
570037369841135616,2015-02-24T01:47:54Z,2015-02-24,1,Tuesday,kiasuchick,US Airways,@USAirways @AmericanAir Can you bring guinea pigs in small pet carrier onboard your flights?,USER USER can you bring guinea pigs in small pet carrier onboard your flights?,user user bring guinea pig small pet carrier onboard flight,0,92,14,Positive,0.015874,0.940163,0.043963,0.028089,Neutral
570038564110467074,2015-02-24T01:52:39Z,2015-02-24,1,Tuesday,dware_laflare,American,@AmericanAir @USAirways need to be reported to the @BBB_media for their complete disregard for paying customers! #DoNotFlyWithThem,USER USER need to be reported to the USER for their complete disregard for paying customers! #donotflywiththem,user user need reported user complete disregard paying customer donotflywiththem,0,130,17,Negative,0.933239,0.059611,0.00715,-0.926089,Negative
570042533679656960,2015-02-24T02:08:25Z,2015-02-24,2,Tuesday,borywrites,Delta,See what you started now @nytimes RT @JetBlue: Our fleet's on fleek. http://t.co/atd2Sm8HF4,see what you started now USER rt USER : our fleet's on fleek. URL,see started user rt user fleet fleek url,0,91,17,Negative,0.003416,0.477374,0.51921,0.515794,Positive
570043199596531712,2015-02-24T02:11:04Z,2015-02-24,2,Tuesday,msofka,American,@AmericanAir im still on hold...,USER im still on hold...,user im still hold,1,32,5,Negative,0.11972,0.861381,0.018899,-0.100821,Neutral
570044715321569280,2015-02-24T02:17:05Z,2015-02-24,2,Tuesday,deputybrans,Delta,@JetBlue Do you have any flights with lie flat seating from STL to PDX on or around the date of March 5?,USER do you have any flights with lie flat seating from stl to pdx on or around the date of march NUMBER ?,user flight lie flat seating stl pdx around date march number,0,104,22,Neutral,0.008808,0.958129,0.033064,0.024256,Neutral
570045393565691904,2015-02-24T02:19:47Z,2015-02-24,2,Tuesday,nicsplace,Virgin America,"@VirginAmerica @freddieawards Done and done! Best airline around, hands down!","USER USER done and done! best airline around, hands down!",user user done done best airline around hand,0,77,10,Positive,0.003983,0.012996,0.983021,0.979038,Positive
570045818205384704,2015-02-24T02:21:28Z,2015-02-24,2,Tuesday,justplain_jake,US Airways,@USAirways did a pre schooler develop your app? The thing crashes every single time.,USER did a pre schooler develop your app? the thing crashes every single time.,user pre schooler develop app thing crash every single time,1,84,14,Negative,0.941454,0.052219,0.006327,-0.935128,Negative
570048890466111488,2015-02-24T02:33:41Z,2015-02-24,2,Tuesday,mariazarkadas,Delta,@JetBlue @DatingRev mco to lag two hour delay and sitting in Tarmac going on 40 minutes with infants crying on plane!! Get us off this plane,USER USER mco to lag two hour delay and sitting in tarmac going on NUMBER minutes with infants crying on plane!! get us off this plane,user user mco lag two hour delay sitting tarmac going number minute infant cry plane get u plane,0,140,26,Negative,0.943446,0.051452,0.005102,-0.938343,Negative
570050603927392257,2015-02-24T02:40:29Z,2015-02-24,2,Tuesday,faisal_tayebjee,American,@AmericanAir thanks to your attendant on flight for advising connect flight held. Ran with kids and flight departed. Poor service at Miami,USER thanks to your attendant on flight for advising connect flight held. ran with kids and flight departed. poor service at miami,user thanks attendant flight advising connect flight held ran kid flight departed poor service miami,0,138,22,Negative,0.809121,0.17744,0.013439,-0.795683,Negative
570050635703300096,2015-02-24T02:40:37Z,2015-02-24,2,Tuesday,kiasuchick,American,@AmericanAir Did the policy change? I've seen people with hamsters and rabbits before.,USER did the policy change? i've seen people with hamsters and rabbits before.,user policy change seen people hamster rabbit,0,86,14,Neutral,0.059705,0.904242,0.036053,-0.023652,Neutral
570050891929280512,2015-02-24T02:41:38Z,2015-02-24,2,Tuesday,thetonyblank,United,"@united despite shaky connections, looks like I'll get home tonight. Great job, @united - was touch and go for a while..","USER despite shaky connections, looks like i'll get home tonight. great job, USER - was touch and go for a while..",user despite shaky connection look like get home tonight great job user touch go,0,120,21,Positive,0.007234,0.041715,0.951051,0.943817,Positive
570053254836416512,2015-02-24T02:51:01Z,2015-02-24,2,Tuesday,mgkboone,Southwest,"@SouthwestAir Thanks for two smooth, safe and fast flights! #Boston #Houston #LUVSWA http://t.co/elhxUV0Uj1","USER thanks for two smooth, safe and fast flights! #boston #houston #luvswa URL",user thanks two smooth safe fast flight boston houston luvswa url,0,107,16,Positive,0.002587,0.030883,0.96653,0.963943,Positive
570053736950685696,2015-02-24T02:52:56Z,2015-02-24,2,Tuesday,q2wo,Southwest,@SouthwestAir thanks!,USER thanks!,user thanks,0,21,2,Positive,0.007628,0.098146,0.894227,0.886599,Positive
570059574268469248,2015-02-24T03:16:08Z,2015-02-24,3,Tuesday,therandyharbin,Southwest,@SouthwestAir has become like every other airline #crooked I can't believe they are taking over $500 #shouldwearmasks #shocked,USER has become like every other airline #crooked i can't believe they are taking over $ NUMBER #shouldwearmasks #shocked,user become like every airline crooked ca believe taking number shouldwearmasks shocked,0,126,19,Negative,0.935029,0.059337,0.005634,-0.929394,Negative
570061827100422144,2015-02-24T03:25:05Z,2015-02-24,3,Tuesday,alec1289,US Airways,@usairways that wasn't the issue. Someone finally helped on the phone. Now theres a website error that won't let me process my request. SMH,USER that wasn't the issue. someone finally helped on the phone. now theres a website error that won't let me process my request. smh,user issue someone finally helped phone there website error wo let process request smh,0,139,26,Negative,0.81657,0.170176,0.013254,-0.803315,Negative
570063107701272576,2015-02-24T03:30:10Z,2015-02-24,3,Tuesday,nrosenb1,American,@AmericanAir This is getting out of hand. I called Reservations to reserve the seats that it won't let me select online and there's a fee...,USER this is getting out of hand. i called reservations to reserve the seats that it won't let me select online and there's a fee...,user getting hand called reservation reserve seat wo let select online fee,0,140,27,Negative,0.854574,0.137996,0.00743,-0.847144,Negative
570063224328081408,2015-02-24T03:30:38Z,2015-02-24,3,Tuesday,hellojennizzle,United,"@united Flight attendant never served me my beverage (tea), and not once checked up on me. What gives? #ua6076 #notcool","USER flight attendant never served me my beverage (tea), and not once checked up on me. what gives? #ua6076 #notcool",user flight attendant never served beverage tea checked give notcool,0,119,20,Negative,0.922336,0.071726,0.005938,-0.916398,Negative
570069236971806720,2015-02-24T03:54:32Z,2015-02-24,3,Tuesday,xraecatherine,United,@united Twitter isn't letting me DM you..,USER twitter isn't letting me dm you..,user twitter letting dm,0,41,8,Neutral,0.448464,0.541009,0.010528,-0.437936,Neutral
570071999780933634,2015-02-24T04:05:30Z,2015-02-24,4,Tuesday,gouwerijn,United,"@united question:are there onboad 110 volt outlets in all planes? If so, where?","USER question:are there onboad NUMBER volt outlets in all planes? if so, where?",user question onboad number volt outlet plane,0,79,14,Neutral,0.027265,0.938127,0.034608,0.007344,Neutral
570073507465469952,2015-02-24T04:11:30Z,2015-02-24,4,Tuesday,worldwideweg,US Airways,"@USAirways - No live person to speak with all day at Dividend Miles, after they wrongfully took over 65,000 miles out of my account.","USER - no live person to speak with all day at dividend miles, after they wrongfully took over NUMBER , NUMBER miles out of my account.",user live person speak day dividend mile wrongfully took number number mile account,0,132,24,Negative,0.899095,0.095498,0.005407,-0.893689,Negative
570076792993611776,2015-02-24T04:24:33Z,2015-02-24,4,Tuesday,northtxhometeam,Virgin America,@VirginAmerica this is great news! America could start flights to Hawaii by end of year http://t.co/r8p2Zy3fe4 via @Pacificbiznews,USER this is great news! america could start flights to hawaii by end of year URL via USER,user great news america could start flight hawaii end year url via user,0,130,21,Positive,0.001138,0.014825,0.984037,0.982898,Positive
570077011324096514,2015-02-24T04:25:25Z,2015-02-24,4,Tuesday,zamatea,American,@AmericanAir no space in my seat but thanks to your pilots I'm back 25mn early to Ohare!! Didn't think that was possible!! #sna2ord #1644,USER no space in my seat but thanks to your pilots i'm back 25mn early to ohare!! didn't think that was possible!! #sna2ord # NUMBER,user space seat thanks pilot back early ohare think possible number,0,137,26,Positive,0.065691,0.184639,0.74967,0.683978,Positive
570078355770339328,2015-02-24T04:30:46Z,2015-02-24,4,Tuesday,hhagerty,US Airways,@USAirways yay for glitchy tracking system! My bags made it to my destination and not Laguardia like the app said!,USER yay for glitchy tracking system! my bags made it to my destination and not laguardia like the app said!,user yay glitchy tracking system bag made destination laguardia like app said,0,114,20,Negative,0.427849,0.35049,0.22166,-0.206189,Negative
570079237350100993,2015-02-24T04:34:16Z,2015-02-24,4,Tuesday,throthra,United,"@united again I ask, who can I call to get this fixed? Tweeting me BS questions to stall only makes things worse. Phone number please.","USER again i ask, who can i call to get this fixed? tweeting me bs questions to stall only makes things worse. phone number please.",user ask call get fixed tweeting b question stall make thing worse phone number please,0,134,25,Negative,0.9205,0.074088,0.005412,-0.915088,Negative
570081545211375616,2015-02-24T04:43:26Z,2015-02-24,4,Tuesday,roxyshepherd,US Airways,@USAirways I've flown US Airways at least five times. Every single time has been like this. Actions speak louder than words.,USER i've flown us airways at least five times. every single time has been like this. actions speak louder than words.,user flown u airway least five time every single time like action speak louder word,0,124,22,Negative,0.417207,0.482196,0.100597,-0.31661,Neutral
570083989601411072,2015-02-24T04:53:09Z,2015-02-24,4,Tuesday,knockoutoc,Delta,At the airport ready to get this @JetBlue red eye going.... Soooooo sleepy. #NoPlaceLikeHome #eventhoughits2degreesathome,at the airport ready to get this USER red eye going.... soooooo sleepy. #noplacelikehome #eventhoughits2degreesathome,airport ready get user red eye going soooooo sleepy noplacelikehome,0,121,15,Neutral,0.445416,0.416577,0.138007,-0.307409,Negative
570084582780899328,2015-02-24T04:55:30Z,2015-02-24,4,Tuesday,amanduhmccarty,Virgin America,"@VirginAmerica awaiting my return phone call, just would prefer to use your online self-service option :(","USER awaiting my return phone call, just would prefer to use your online self-service option :(",user awaiting return phone call would prefer use online option,0,105,16,Negative,0.745555,0.239448,0.014996,-0.730559,Negative
570084707548958720,2015-02-24T04:56:00Z,2015-02-24,4,Tuesday,worldwideweg,US Airways,@USAirways The help/complaint forms on the website can be used only if the matter applies to an actual ticketed flight,USER the help/complaint forms on the website can be used only if the matter applies to an actual ticketed flight,user form website used matter applies actual ticketed flight,0,118,21,Neutral,0.061036,0.90132,0.037644,-0.023392,Neutral
570087270524411904,2015-02-24T05:06:11Z,2015-02-24,5,Tuesday,fortytoo,United,@united DM sent,USER dm sent,user dm sent,0,15,3,Neutral,0.035183,0.780027,0.18479,0.149606,Neutral
570088404156698625,2015-02-24T05:10:41Z,2015-02-24,5,Tuesday,cuschoolie1,Virgin America,"@VirginAmerica help, left expensive headphones on flight 89 IAD to LAX today. Seat 2A. No one answering L&amp;F number at LAX!","USER help, left expensive headphones on flight NUMBER iad to lax today. seat 2a. no one answering l&amp;f number at lax!",user help left expensive headphone flight number iad lax today seat one answering amp number lax,0,126,23,Negative,0.875437,0.115685,0.008878,-0.866558,Negative
570091270334509056,2015-02-24T05:22:05Z,2015-02-24,5,Tuesday,stretfordgoose,US Airways,@USAirways Hi. I'm in LGA but my luggage is in CLT. Have been told to come back tomorrow to collect. Do you guys want to cover my taxi fare?,USER hi. i'm in lga but my luggage is in clt. have been told to come back tomorrow to collect. do you guys want to cover my taxi fare?,user hi lga luggage clt told come back tomorrow collect guy want cover taxi fare,0,140,30,Negative,0.040161,0.920425,0.039415,-0.000746,Neutral
570093462738984961,2015-02-24T05:30:47Z,2015-02-24,5,Tuesday,marcy_test,American,@AmericanAir no not yet. Waiting to be connected to an agent,USER no not yet. waiting to be connected to an agent,user yet waiting connected agent,0,60,11,Neutral,0.2465,0.730247,0.023253,-0.223246,Neutral
570094701371469825,2015-02-24T05:35:43Z,2015-02-24,5,Tuesday,jcervantezzz,Virgin America,@VirginAmerica Are the hours of operation for the Club at SFO that are posted online current?,USER are the hours of operation for the club at sfo that are posted online current?,user hour operation club sfo posted online current,0,93,16,Neutral,0.014237,0.956833,0.02893,0.014693,Neutral
570097604182351872,2015-02-24T05:47:15Z,2015-02-24,5,Tuesday,roope00,American,@AmericanAir It's sad how I can't afford any long distance trips though. :/,USER it's sad how i can't afford any long distance trips though. :/,user sad ca afford long distance trip though,0,75,14,Negative,0.899905,0.092454,0.00764,-0.892265,Negative
570103559318081536,2015-02-24T06:10:55Z,2015-02-24,6,Tuesday,richfreed,American,Why doesn't @AmericanAir allow for conversations between upset customers and their customer service? #worstcustomerserviceever,why doesn't USER allow for conversations between upset customers and their customer service? #worstcustomerserviceever,user allow conversation upset customer customer service worstcustomerserviceever,1,126,15,Negative,0.928477,0.066463,0.00506,-0.923416,Negative
570104704241307649,2015-02-24T06:15:28Z,2015-02-24,6,Tuesday,cicilygray,US Airways,@USAirways flt 1820 2rsw could have extended the courtsey of waiting 2min 4 10 of us.... gates closed in r faces. Ur fired,USER flt NUMBER 2rsw could have extended the courtsey of waiting 2min NUMBER NUMBER of us.... gates closed in r faces. ur fired,user flt number could extended courtsey waiting number number u gate closed face ur fired,0,122,23,Negative,0.82686,0.165268,0.007872,-0.818988,Negative
570110280635588608,2015-02-24T06:37:37Z,2015-02-24,6,Tuesday,mydulcebella,US Airways,@USAirways Thank You for your empathy there is more to this story than just the luggage but thank you for reaching out,USER thank you for your empathy there is more to this story than just the luggage but thank you for reaching out,user thank empathy story luggage thank reaching,0,118,22,Positive,0.046357,0.249357,0.704285,0.657928,Positive
570114021854212096,2015-02-24T06:52:29Z,2015-02-24,6,Tuesday,jordanpichler,Virgin America,"@VirginAmerica hi! I just bked a cool birthday trip with you, but i can't add my elevate no. cause i entered my middle name during Flight Booking Problems 😢","USER hi! i just bked a cool birthday trip with you, but i can't add my elevate no. cause i entered my middle name during flight booking problems 😢",user hi bked cool birthday trip ca add elevate cause entered middle name flight booking problem,0,156,29,Negative,0.35249,0.320485,0.327025,-0.025464,Negative
570115988714164225,2015-02-24T07:00:18Z,2015-02-24,7,Tuesday,sherscott,American,@AmericanAir but your flight crews &amp; ground crews have handled situation well. Texting notification let me catch a few winks during delay.,USER but your flight crews &amp; ground crews have handled situation well. texting notification let me catch a few winks during delay.,user flight crew amp ground crew handled situation well texting notification let catch wink delay,0,142,22,Positive,0.016512,0.107023,0.876465,0.859954,Positive
570124596180955136,2015-02-24T07:34:30Z,2015-02-24,7,Tuesday,tenantsupstairs,Virgin America,@VirginAmerica LAX to EWR - Middle seat on a red eye. Such a noob maneuver. #sendambien #andchexmix,USER lax to ewr - middle seat on a red eye. such a noob maneuver. #sendambien #andchexmix,user lax ewr middle seat red eye noob maneuver sendambien andchexmix,0,99,16,Neutral,0.710057,0.270196,0.019746,-0.690311,Negative
570134947828080640,2015-02-24T08:15:38Z,2015-02-24,8,Tuesday,kyleferrel,American,@AmericanAir thanks for the generic computer generated response. How about you accommodate your travelers instead of just saying sorry,USER thanks for the generic computer generated response. how about you accommodate your travelers instead of just saying sorry,user thanks generic computer generated response accommodate traveler instead saying sorry,0,134,19,Negative,0.89166,0.101368,0.006972,-0.884688,Negative
570135557151580160,2015-02-24T08:18:04Z,2015-02-24,8,Tuesday,the5y5adm1n,United,@united Any luck with finalizing my reservation? I DM'd information to you. Please let me know what else you need. Want to confirm ASAP. Thx,USER any luck with finalizing my reservation? i dm'd information to you. please let me know what else you need. want to confirm asap. thx,user luck finalizing reservation dm information please let know else need want confirm asap thx,0,140,26,Neutral,0.013384,0.655276,0.331341,0.317957,Neutral
570136130126897152,2015-02-24T08:20:20Z,2015-02-24,8,Tuesday,tinahovsepian,American,@AmericanAir worst experience of my life avoid at all costs they will lose your belongings and have no humanity to even offer compensation,USER worst experience of my life avoid at all costs they will lose your belongings and have no humanity to even offer compensation,user worst experience life avoid cost lose belonging humanity even offer compensation,0,138,23,Negative,0.944648,0.049183,0.006168,-0.93848,Negative
570137063716216832,2015-02-24T08:24:03Z,2015-02-24,8,Tuesday,jdl_il,American,@AmericanAir try contacting everyone on that flight with a refund offer and we might believe you are sincere,USER try contacting everyone on that flight with a refund offer and we might believe you are sincere,user try contacting everyone flight refund offer might believe sincere,0,108,18,Negative,0.050621,0.732748,0.216631,0.16601,Neutral
570142263290011649,2015-02-24T08:44:42Z,2015-02-24,8,Tuesday,the5y5adm1n,United,@united thank you. Been trying for two days to set this up.,USER thank you. been trying for two days to set this up.,user thank trying two day set,0,59,12,Positive,0.006559,0.204374,0.789066,0.782507,Positive
570151703410053120,2015-02-24T09:22:13Z,2015-02-24,9,Tuesday,nodoubtmom,US Airways,@USAirways some flexibility on your part would be nice. This is why I love @SouthwestAir. They're flexible &amp; not trying to take all my $.,USER some flexibility on your part would be nice. this is why i love USER . they're flexible &amp; not trying to take all my $.,user flexibility part would nice love user flexible amp trying take,0,141,25,Negative,0.014344,0.085385,0.900271,0.885926,Positive
570157210183069696,2015-02-24T09:44:06Z,2015-02-24,9,Tuesday,yorkshire2002,US Airways,"@usairways My flight was Cancelled Flighted Saturday. Why was my luggage not at the airport? Today, I'm supposed to have it delivered. Pathetic","USER my flight was cancelled flighted saturday. why was my luggage not at the airport? today, i'm supposed to have it delivered. pathetic",user flight cancelled flighted saturday luggage airport today supposed delivered pathetic,0,143,24,Negative,0.904602,0.089705,0.005693,-0.898909,Negative
570160153493774337,2015-02-24T09:55:48Z,2015-02-24,9,Tuesday,pimpianajones,American,"@AmericanAir I've been trying to change a Thursday flight and there's a ridiculous wait time on the phone, and your website isn't helping","USER i've been trying to change a thursday flight and there's a ridiculous wait time on the phone, and your website isn't helping",user trying change thursday flight ridiculous wait time phone website helping,0,137,26,Negative,0.90628,0.087165,0.006555,-0.899724,Negative
570165459783450624,2015-02-24T10:16:53Z,2015-02-24,10,Tuesday,lukegzus,United,@united about 3 hours ago. I need to work out if my bag can make it to my hotel here in time or if it will need to go elsewhere.,USER about NUMBER hours ago. i need to work out if my bag can make it to my hotel here in time or if it will need to go elsewhere.,user number hour ago need work bag make hotel time need go elsewhere,0,128,30,Negative,0.073969,0.883428,0.042602,-0.031367,Neutral
570177012360462336,2015-02-24T11:02:47Z,2015-02-24,11,Tuesday,jayfranceschi,American,"@AmericanAir machines are broken, lines are out the door for self service, cust. Support, and bag check in.","USER machines are broken, lines are out the door for self service, cust. support, and bag check in.",user machine broken line door self service cust support bag check,0,107,18,Negative,0.909481,0.08479,0.005729,-0.903752,Negative
570179562174328832,2015-02-24T11:12:55Z,2015-02-24,11,Tuesday,samuelmondo,American,"@AmericanAir LAX-OGG-LAX using hard earned miles and was given lousy service, faulty seats on both legs and damaged bag. Your customer care","USER lax-ogg-lax using hard earned miles and was given lousy service, faulty seats on both legs and damaged bag. your customer care",user using hard earned mile given lousy service faulty seat leg damaged bag customer care,0,139,24,Negative,0.938759,0.055945,0.005295,-0.933464,Negative
570181077861474304,2015-02-24T11:18:57Z,2015-02-24,11,Tuesday,wbarkema,American,@AmericanAir record number is BPDFPP.,USER record number is bpdfpp.,user record number bpdfpp,0,37,5,Neutral,0.027094,0.906935,0.065971,0.038878,Neutral
570181406787301378,2015-02-24T11:20:15Z,2015-02-24,11,Tuesday,fede_123,American,"@AmericanAir I shared my experience several times (AA Ref#1-2990176298), but AA's response is senseless, weather was not the cause!!!","USER i shared my experience several times (aa ref# NUMBER - NUMBER ), but aa's response is senseless, weather was not the cause!!!",user shared experience several time aa ref number number aa response senseless weather cause,0,133,22,Negative,0.91912,0.074713,0.006167,-0.912953,Negative
570195799256072193,2015-02-24T12:17:26Z,2015-02-24,12,Tuesday,perelmuterm,American,@AmericanAir I fly weekly with you and haven't seen one,USER i fly weekly with you and haven't seen one,user fly weekly seen one,0,55,11,Negative,0.076734,0.733447,0.189819,0.113084,Neutral
570197589280366592,2015-02-24T12:24:33Z,2015-02-24,12,Tuesday,brooklyn_dodger,United,.Thnx for the response @united bot. It seems this 'improvement' could be easily attained. Is your 1st Class service really only worth $50?,.thnx for the response USER bot. it seems this 'improvement' could be easily attained. is your 1st class service really only worth $ NUMBER ?,response user bot seems could easily attained class service really worth number,0,138,23,Neutral,0.144698,0.31827,0.537032,0.392334,Positive
570197883716300800,2015-02-24T12:25:43Z,2015-02-24,12,Tuesday,suetrio,US Airways,@USAirways Flight 830 CLT to Phl. I was 1st on list.Someone else got spot. Rude employee in coach. Wouldt give ID. Said he was cute red head,USER flight NUMBER clt to phl. i was 1st on list.someone else got spot. rude employee in coach. wouldt give id. said he was cute red head,user flight number clt phl else got spot rude employee coach wouldt give id said cute red head,0,140,28,Negative,0.697033,0.283587,0.01938,-0.677652,Negative
570198744907567106,2015-02-24T12:29:09Z,2015-02-24,12,Tuesday,vickky1319,American,@AmericanAir Thank you.,USER thank you.,user thank,0,23,3,Positive,0.012132,0.11886,0.869008,0.856876,Positive
570199572435185664,2015-02-24T12:32:26Z,2015-02-24,12,Tuesday,marycallarowan,Delta,@JetBlue we are missing our connecting transportation in Puerto Rico as a result. Need to get to Vieques today.,USER we are missing our connecting transportation in puerto rico as a result. need to get to vieques today.,user missing connecting transportation puerto rico result need get vieques today,0,111,19,Negative,0.805952,0.184407,0.009641,-0.796311,Negative
570202160564203520,2015-02-24T12:42:43Z,2015-02-24,12,Tuesday,jash01,American,"@AmericanAir again, no special meal catered for me in F JFK-LAX. thankfully i'm on qantas the rest of way-i fear what youd NOT cater on that","USER again, no special meal catered for me in f jfk-lax. thankfully i'm on qantas the rest of way-i fear what youd not cater on that",user special meal catered thankfully qantas rest fear youd cater,0,140,29,Negative,0.867677,0.120321,0.012002,-0.855675,Negative
570203916643766273,2015-02-24T12:49:42Z,2015-02-24,12,Tuesday,davidgoodson71,Southwest,@SouthwestAir customer service you shouldn't use those words wasted my time and took my money #BadBussiness #Theft http://t.co/63zaQ2lt8f,USER customer service you shouldn't use those words wasted my time and took my money #badbussiness #theft URL,user customer service use word wasted time took money badbussiness theft url,0,137,22,Negative,0.949126,0.046128,0.004746,-0.94438,Negative
570207886493782019,2015-02-24T13:05:28Z,2015-02-24,13,Tuesday,blackjackpro911,Virgin America,@VirginAmerica amazing to me that we can't get any cold air from the vents. #VX358 #noair #worstflightever #roasted #SFOtoBOS,USER amazing to me that we can't get any cold air from the vents. #vx358 #noair #worstflightever #roasted #sfotobos,user amazing ca get cold air vent noair worstflightever roasted sfotobos,0,125,20,Negative,0.895194,0.091591,0.013215,-0.881979,Negative
570208172289474560,2015-02-24T13:06:36Z,2015-02-24,13,Tuesday,peterbarth,US Airways,"@USAirways nope, they just announced we're headed back to the gate.","USER nope, they just announced we're headed back to the gate.",user nope announced headed back gate,0,67,12,Negative,0.060739,0.902546,0.036715,-0.024024,Neutral
570208640520622080,2015-02-24T13:08:28Z,2015-02-24,13,Tuesday,peterbarth,US Airways,@USAirways why aren't you updating flight status/delays?,USER why aren't you updating flight status/delays?,user updating flight,0,56,9,Negative,0.471753,0.520473,0.007774,-0.463979,Neutral
570210411926016001,2015-02-24T13:15:30Z,2015-02-24,13,Tuesday,michaelpscott37,Southwest,@SouthwestAir the flight isn't that empty.... Is this rude or not? http://t.co/4RL0p5JChB,USER the flight isn't that empty.... is this rude or not? URL,user flight empty rude url,0,89,16,Neutral,0.644783,0.344332,0.010884,-0.633899,Negative
570214488739225601,2015-02-24T13:31:42Z,2015-02-24,13,Tuesday,kintheusa,US Airways,@USAirways can you DM please in regards to update on lost bag please.,USER can you dm please in regards to update on lost bag please.,user dm please regard update lost bag please,0,69,13,Negative,0.109385,0.859962,0.030653,-0.078732,Neutral
570215386102292480,2015-02-24T13:35:16Z,2015-02-24,13,Tuesday,elias_rubin,Delta,@JetBlue I just DM'd you!,USER i just dm'd you!,user dm,0,25,6,Negative,0.008349,0.549522,0.442129,0.43378,Neutral
570216815105847296,2015-02-24T13:40:57Z,2015-02-24,13,Tuesday,oobunillaoo,American,@AmericanAir when will you be issuing a weather advisory for RDU?? the entire state of NC has shut down from the overnight winter storm.,USER when will you be issuing a weather advisory for rdu?? the entire state of nc has shut down from the overnight winter storm.,user issuing weather advisory rdu entire state nc shut overnight winter storm,0,136,24,Neutral,0.577562,0.409222,0.013216,-0.564346,Negative
570218532060835840,2015-02-24T13:47:46Z,2015-02-24,13,Tuesday,elllorrac,American,"@AmericanAir The Wichita Falls Airport is the worst, will never fly in or out again. Unknowledgeable staff.","USER the wichita falls airport is the worst, will never fly in or out again. unknowledgeable staff.",user wichita fall airport worst never fly unknowledgeable staff,0,107,17,Negative,0.955631,0.038848,0.005521,-0.95011,Negative
570220968435716097,2015-02-24T13:57:27Z,2015-02-24,13,Tuesday,louisemcelwee,US Airways,"@USAirways Waiting on my flight right now, thanks!!","USER waiting on my flight right now, thanks!!",user waiting flight right thanks,0,51,8,Positive,0.002562,0.062046,0.935392,0.93283,Positive
570224968417603584,2015-02-24T14:13:21Z,2015-02-24,14,Tuesday,oobunillaoo,American,@AmericanAir thanks for getting back to me. how frequently are these weather advisories updated throughout the day?,USER thanks for getting back to me. how frequently are these weather advisories updated throughout the day?,user thanks getting back frequently weather advisory updated throughout day,0,115,17,Neutral,0.005054,0.694743,0.300203,0.295148,Neutral
570226104839090176,2015-02-24T14:17:52Z,2015-02-24,14,Tuesday,mandibpro,US Airways,@USAirways There is no reFlight Booking Problems the event I'm flying to attend. Waiting for jetway driver??? STILL ON TARMAC???,USER there is no reflight booking problems the event i'm flying to attend. waiting for jetway driver??? still on tarmac???,user reflight booking problem event flying attend waiting jetway driver still tarmac,0,128,21,Negative,0.785878,0.205074,0.009048,-0.776831,Negative
570227814575804416,2015-02-24T14:24:39Z,2015-02-24,14,Tuesday,thebaltimoreos,Southwest,@SouthwestAir why was Southwest only airline to Cancelled Flight all flights from Charleston? Was 7:50pm flight Cancelled Flightation really weather reLate Flightd?,USER why was southwest only airline to cancelled flight all flights from charleston? was NUMBER :50pm flight cancelled flightation really weather relate flightd?,user southwest airline cancelled flight flight charleston number flight cancelled flightation really weather relate flightd,0,164,23,Negative,0.616706,0.374385,0.008909,-0.607796,Negative
570229133445242880,2015-02-24T14:29:54Z,2015-02-24,14,Tuesday,throthra,United,@united so you're telling me there is no number to call after being left in an airport because of a negligent pilot and staff?,USER so you're telling me there is no number to call after being left in an airport because of a negligent pilot and staff?,user telling number call left airport negligent pilot staff,0,126,25,Negative,0.879933,0.11591,0.004157,-0.875776,Negative
570230527032229889,2015-02-24T14:35:26Z,2015-02-24,14,Tuesday,hrkatwrangler,US Airways,@USAirways Your policy needs a serious revision for babies. Fortunately I have choices and choose @Southwest from here on out.,USER your policy needs a serious revision for babies. fortunately i have choices and choose USER from here on out.,user policy need serious revision baby fortunately choice choose user,0,126,20,Negative,0.802515,0.172127,0.025357,-0.777158,Negative
570232494034964481,2015-02-24T14:43:15Z,2015-02-24,14,Tuesday,nicholasaram,American,@AmericanAir my seat is disgusting. Old and dirty. When are you going to refurbish this plane? US Air 597 jfk to phx,USER my seat is disgusting. old and dirty. when are you going to refurbish this plane? us air NUMBER jfk to phx,user seat disgusting old dirty going refurbish plane u air number jfk phx,0,116,22,Negative,0.955907,0.039787,0.004306,-0.951601,Negative
570233809129467905,2015-02-24T14:48:29Z,2015-02-24,14,Tuesday,jeremyleewhite,American,@AmericanAir If the flight I selected online was what was ticketed I would not be missing my connection. I need help getting to DFW or IAH!!,USER if the flight i selected online was what was ticketed i would not be missing my connection. i need help getting to dfw or iah!!,user flight selected online ticketed would missing connection need help getting dfw iah,0,140,26,Negative,0.411802,0.454841,0.133356,-0.278446,Neutral
570234946700357632,2015-02-24T14:53:00Z,2015-02-24,14,Tuesday,thotwalking,American,@AmericanAir drop me a follow I need help,USER drop me a follow i need help,user drop follow need help,0,41,8,Neutral,0.056332,0.741385,0.202283,0.145951,Neutral
570240784357830659,2015-02-24T15:16:12Z,2015-02-24,15,Tuesday,mwecker,American,@AmericanAir I picked the nonstop flight bc I had things to get to. Should’ve taken diff route or airline I suppose!,USER i picked the nonstop flight bc i had things to get to. should’ve taken diff route or airline i suppose!,user picked nonstop flight bc thing get taken diff route airline suppose,0,116,22,Negative,0.122137,0.753091,0.124771,0.002634,Neutral
570241221303468032,2015-02-24T15:17:56Z,2015-02-24,15,Tuesday,shpprmktmichael,American,@AmericanAir my boss is :),USER my boss is :),user bos,0,26,4,Positive,0.002994,0.088417,0.908588,0.905594,Positive
570245603118211072,2015-02-24T15:35:21Z,2015-02-24,15,Tuesday,ardensmommy,Delta,"@JetBlue It drops 75 when i take off the other two people, and vice versa. back and forth.","USER it drops NUMBER when i take off the other two people, and vice versa. back and forth.",user drop number take two people vice versa back forth,0,90,18,Neutral,0.230787,0.73518,0.034034,-0.196753,Neutral
570246800247902208,2015-02-24T15:40:06Z,2015-02-24,15,Tuesday,flora_lola_nyc,American,"@AmericanAir To announce DURING BOARDING that you chose to limit catering to the point that you WILL run out shows a lack of planning, IMO.","USER to announce during boarding that you chose to limit catering to the point that you will run out shows a lack of planning, imo.",user announce boarding chose limit catering point run show lack planning imo,0,139,25,Negative,0.828377,0.162974,0.008649,-0.819727,Negative
570249102404923392,2015-02-24T15:49:15Z,2015-02-24,15,Tuesday,leora13,Virgin America,@VirginAmerica status match program. I applied and it's been three weeks. Called and emailed with no response.,USER status match program. i applied and it's been three weeks. called and emailed with no response.,user status match program applied three week called emailed response,0,110,18,Negative,0.695957,0.291087,0.012956,-0.683,Negative
570249204767055872,2015-02-24T15:49:39Z,2015-02-24,15,Tuesday,dannylawray,US Airways,@USAirways So frustrating because I still have not gotten them back. Why my bag was sent to NY is a mystery! Shame on me this time!,USER so frustrating because i still have not gotten them back. why my bag was sent to ny is a mystery! shame on me this time!,user frustrating still gotten back bag sent ny mystery shame time,0,131,26,Negative,0.947596,0.04723,0.005173,-0.942423,Negative
570253932880007168,2015-02-24T16:08:27Z,2015-02-24,16,Tuesday,powersurgemusic,American,@AmericanAir Please explain why it costs almost the same price of a full roundtrip fair to only change the departure time of a flight?,USER please explain why it costs almost the same price of a full roundtrip fair to only change the departure time of a flight?,user please explain cost almost price full roundtrip fair change departure time flight,0,134,24,Negative,0.592049,0.397593,0.010358,-0.581691,Negative
570256329543012352,2015-02-24T16:17:58Z,2015-02-24,16,Tuesday,joshkmm,Southwest,@SouthwestAir Thanks! Sent a DM to you. Let me know if oyu need any additional information.,USER thanks! sent a dm to you. let me know if oyu need any additional information.,user thanks sent dm let know oyu need additional information,0,91,16,Positive,0.010336,0.531165,0.458499,0.448164,Neutral
570256553502068736,2015-02-24T16:18:51Z,2015-02-24,16,Tuesday,ayeevickiee,Virgin America,@VirginAmerica you guys messed up my seating.. I reserved seating with my friends and you guys gave my seat away ... 😡 I want free internet,USER you guys messed up my seating.. i reserved seating with my friends and you guys gave my seat away ... 😡 i want free internet,user guy messed seating reserved seating friend guy gave seat away want free internet,0,139,24,Negative,0.932537,0.062583,0.00488,-0.927657,Negative
570258435448688641,2015-02-24T16:26:20Z,2015-02-24,16,Tuesday,gmlane,US Airways,"@USAirways I've been on hold to rebook a Cancelled Flighted flight for over two hours. I know weather has a huge impact, but you should anticipate.","USER i've been on hold to rebook a cancelled flighted flight for over two hours. i know weather has a huge impact, but you should anticipate.",user hold rebook cancelled flighted flight two hour know weather huge impact anticipate,0,147,27,Negative,0.78836,0.200614,0.011026,-0.777335,Negative
570259420287868928,2015-02-24T16:30:15Z,2015-02-24,16,Tuesday,elvinabeck,Virgin America,@VirginAmerica I love the hipster innovation. You are a feel good brand.,USER i love the hipster innovation. you are a feel good brand.,user love hipster innovation feel good brand,0,72,12,Positive,0.006996,0.020176,0.972828,0.965832,Positive
570261328511643648,2015-02-24T16:37:50Z,2015-02-24,16,Tuesday,marianela_mt,American,"@AmericanAir if my flight gets Cancelled Flightled i should be able to reschedule to any date i want, not the next day or 2 days after","USER if my flight gets cancelled flightled i should be able to reschedule to any date i want, not the next day or NUMBER days after",user flight get cancelled flightled able reschedule date want next day number day,0,134,26,Negative,0.235556,0.734318,0.030126,-0.20543,Neutral
570262460395098112,2015-02-24T16:42:20Z,2015-02-24,16,Tuesday,jbadnastythug,Southwest,@SouthwestAir unfortunately I don't even have that. My phone died before o had a chance to grab it. It was from OMA to SAN from 3/27-4/2,USER unfortunately i don't even have that. my phone died before o had a chance to grab it. it was from oma to san from NUMBER / NUMBER - NUMBER / NUMBER,user unfortunately even phone died chance grab oma san number number number number,0,136,30,Neutral,0.859587,0.131677,0.008736,-0.850851,Negative
570262676481421312,2015-02-24T16:43:11Z,2015-02-24,16,Tuesday,dougasano,US Airways,@USAirways 2day: no coffee &amp; 1 working toilet. Then I read domestic airlines whining re: foreign competition. Coincidence? No #openskies,USER 2day: no coffee &amp; NUMBER working toilet. then i read domestic airlines whining re: foreign competition. coincidence? no #openskies,user coffee amp number working toilet read domestic airline whining foreign competition coincidence openskies,0,140,20,Negative,0.843585,0.145808,0.010607,-0.832979,Negative
570264145116819457,2015-02-24T16:49:01Z,2015-02-24,16,Tuesday,dt_les,Virgin America,@VirginAmerica I love this graphic. http://t.co/UT5GrRwAaA,USER i love this graphic. URL,user love graphic url,0,58,9,Positive,0.005208,0.011109,0.983682,0.978474,Positive
570264179216510976,2015-02-24T16:49:09Z,2015-02-24,16,Tuesday,dfwairport,American,@AmericanAir You're right. Someone is up to something...,USER you're right. someone is up to something...,user right someone something,0,56,9,Neutral,0.034182,0.539586,0.426233,0.392051,Neutral
570264474784894976,2015-02-24T16:50:20Z,2015-02-24,16,Tuesday,joelwg,Southwest,@SouthwestAir SWA helps the hotel industry. I always book flights a day before I need to be somewhere as SWA consistent Cancelled Flights/delays.,USER swa helps the hotel industry. i always book flights a day before i need to be somewhere as swa consistent cancelled flights/delays.,user swa help hotel industry always book flight day need somewhere swa consistent cancelled,0,145,24,Negative,0.017888,0.400345,0.581767,0.56388,Positive
570264481772777472,2015-02-24T16:50:22Z,2015-02-24,16,Tuesday,smcrissman,Southwest,"@SouthwestAir your website has now reverted my 1st flight to only a 5-minute delay. But it's changed, so is that reliable information?","USER your website has now reverted my 1st flight to only a NUMBER -minute delay. but it's changed, so is that reliable information?",user website reverted flight number delay changed reliable information,0,134,24,Negative,0.37487,0.607254,0.017876,-0.356994,Neutral
570264793140953088,2015-02-24T16:51:36Z,2015-02-24,16,Tuesday,patobrien61,Southwest,"@SouthwestAir if you're going to charge for wifi, do us all a solid and make sure it doesn't take the length of the flight to open a page","USER if you're going to charge for wifi, do us all a solid and make sure it doesn't take the length of the flight to open a page",user going charge wifi u solid make sure take length flight open page,0,137,30,Negative,0.379844,0.573255,0.046901,-0.332943,Neutral
570265689589592064,2015-02-24T16:55:10Z,2015-02-24,16,Tuesday,jessicrunk,American,@americanair Can someone contact me about my awful experience with american airlines this weekend,USER can someone contact me about my awful experience with american airlines this weekend,user someone contact awful experience american airline weekend,0,97,14,Negative,0.915137,0.0797,0.005163,-0.909974,Negative
570265883513384960,2015-02-24T16:55:56Z,2015-02-24,16,Tuesday,missgj,Virgin America,@VirginAmerica why are your first fares in May over three times more than other carriers when all seats are available to select???,USER why are your first fares in may over three times more than other carriers when all seats are available to select???,user first fare may three time carrier seat available select,0,130,22,Negative,0.572815,0.40726,0.019924,-0.552891,Negative
570266265971003394,2015-02-24T16:57:27Z,2015-02-24,16,Tuesday,realmaryagnes,Southwest,@SouthwestAir Rapid Rewards program sold me short. #Lasttweetaboutthis but still #disappointed.,USER rapid rewards program sold me short. #lasttweetaboutthis but still #disappointed.,user rapid reward program sold short lasttweetaboutthis still disappointed,0,95,11,Negative,0.925444,0.068318,0.006238,-0.919206,Negative
570267544906555393,2015-02-24T17:02:32Z,2015-02-24,17,Tuesday,b_econ,Delta,@JetBlue are @AskAmex Amex Plat holders provided access or a credit in the Airspace Lounge in JKF?,USER are USER amex plat holders provided access or a credit in the airspace lounge in jkf?,user user amex plat holder provided access credit airspace lounge jkf,0,98,17,Neutral,0.010097,0.964415,0.025488,0.015391,Neutral
570267592478191617,2015-02-24T17:02:43Z,2015-02-24,17,Tuesday,pbpinftworth,American,@americanair I sure do. I'm running version 3.10.0,USER i sure do. i'm running version NUMBER . NUMBER,user sure running version number number,0,50,11,Neutral,0.005953,0.272867,0.72118,0.715228,Positive
570267902726803456,2015-02-24T17:03:57Z,2015-02-24,17,Tuesday,flora_lola_nyc,American,@AmericanAir The issue is the lack of consideration of an announcement made so Late Flight when the gate agent had been there for over an hour.,USER the issue is the lack of consideration of an announcement made so late flight when the gate agent had been there for over an hour.,user issue lack consideration announcement made late flight gate agent hour,0,143,26,Negative,0.752583,0.23991,0.007507,-0.745075,Negative
570268875872473088,2015-02-24T17:07:49Z,2015-02-24,17,Tuesday,supergluemom,American,@AmericanAir I was happy to purchase the upgrade. If only it was avail on my next flight.,USER i was happy to purchase the upgrade. if only it was avail on my next flight.,user happy purchase upgrade avail next flight,0,89,17,Positive,0.005356,0.063774,0.93087,0.925514,Positive
570270630660218881,2015-02-24T17:14:48Z,2015-02-24,17,Tuesday,dcessig,US Airways,"@USAirways if I qualify for free 1st checked bag, is that applied at checkin? Same for using companion tickets?","USER if i qualify for free 1st checked bag, is that applied at checkin? same for using companion tickets?",user qualify free checked bag applied checkin using companion ticket,0,111,19,Neutral,0.01663,0.904743,0.078627,0.061997,Neutral
570270776370311168,2015-02-24T17:15:22Z,2015-02-24,17,Tuesday,bartondvm,American,"@AmericanAir You've misunderstood. @USAirways WOULD NOT do a same day flight change for me. The gate agent said, ""NO.""","USER you've misunderstood. USER would not do a same day flight change for me. the gate agent said, ""no.""",user misunderstood user would day flight change gate agent said,0,118,20,Negative,0.913313,0.080641,0.006046,-0.907267,Negative
570271479616573440,2015-02-24T17:18:10Z,2015-02-24,17,Tuesday,pappasitostxmex,American,@AmericanAir @beantownmatty Sounds like a date!,USER USER sounds like a date!,user user sound like date,0,47,6,Positive,0.005593,0.291915,0.702492,0.6969,Positive
570271574462369793,2015-02-24T17:18:33Z,2015-02-24,17,Tuesday,pilot991,American,"@AmericanAir we are off to Kax premium. Hoping this flight is better food, TV now I know how to work it and service. Tnx","USER we are off to kax premium. hoping this flight is better food, tv now i know how to work it and service. tnx",user kax premium hoping flight better food tv know work service tnx,0,120,24,Neutral,0.021072,0.226384,0.752544,0.731472,Positive
570271704972464129,2015-02-24T17:19:04Z,2015-02-24,17,Tuesday,heavenlychc9,Southwest,@SouthwestAir 3rd time flying southwest in two years. Have another trip back to mx on October.,USER 3rd time flying southwest in two years. have another trip back to mx on october.,user time flying southwest two year another trip back mx october,0,94,16,Neutral,0.005042,0.802244,0.192714,0.187673,Neutral
570272154635374592,2015-02-24T17:20:51Z,2015-02-24,17,Tuesday,_leycar,US Airways,@USAirways my bag is still lost and I can not get anyone on the phone to assist me and the tracking updates have stopped,USER my bag is still lost and i can not get anyone on the phone to assist me and the tracking updates have stopped,user bag still lost get anyone phone assist tracking update stopped,0,120,24,Negative,0.896812,0.097458,0.00573,-0.891081,Negative
570272880556011520,2015-02-24T17:23:44Z,2015-02-24,17,Tuesday,espartee,American,"@americanair new plane, #gogo, easy power for laptop, iPhone, just missing a good boat-style swivel cup holder for my #dietcoke #happyflier","USER new plane, #gogo, easy power for laptop, iphone, just missing a good boat-style swivel cup holder for my #dietcoke #happyflier",user new plane gogo easy power laptop iphone missing good swivel cup holder dietcoke happyflier,0,139,22,Positive,0.005438,0.0537,0.940861,0.935423,Positive
570274049118625792,2015-02-24T17:28:23Z,2015-02-24,17,Tuesday,bmorechi,Southwest,"@SouthwestAir had to let us off the plane bc the toilets done even work! There goes my family vacay to playa del Carmen, Mexico! #neveragain","USER had to let us off the plane bc the toilets done even work! there goes my family vacay to playa del carmen, mexico! #neveragain",user let u plane bc toilet done even work go family vacay playa del carmen mexico neveragain,0,140,25,Negative,0.894304,0.095958,0.009738,-0.884565,Negative
570274371685777409,2015-02-24T17:29:40Z,2015-02-24,17,Tuesday,heavenlychc9,Southwest,@SouthwestAir great now we are all de boarding perfectly plane is shot. Fml. Plans are screwed. Thanks for nothing @SouthwestAir,USER great now we are all de boarding perfectly plane is shot. fml. plans are screwed. thanks for nothing USER,user great de boarding perfectly plane shot fml plan screwed thanks nothing user,0,128,20,Negative,0.936358,0.056883,0.006759,-0.929599,Negative
570275123854487552,2015-02-24T17:32:39Z,2015-02-24,17,Tuesday,cheertymedad,United,@united Shame that there's no flex to tickets transfer rules. Even calling from Neurosurgery ICU isn't enough!,USER shame that there's no flex to tickets transfer rules. even calling from neurosurgery icu isn't enough!,user shame flex ticket transfer rule even calling neurosurgery icu enough,1,110,19,Negative,0.885054,0.107696,0.00725,-0.877804,Negative
570276018751016960,2015-02-24T17:36:12Z,2015-02-24,17,Tuesday,mattwbaker,United,@united - Why can't I get a boarding pass for my Austrian Airlines codeshare flight. Rebook incls a 6 hour layover &amp; I am stuck outside sec,USER - why can't i get a boarding pass for my austrian airlines codeshare flight. rebook incls a NUMBER hour layover &amp; i am stuck outside sec,user ca get boarding pas austrian airline codeshare flight rebook incls number hour layover amp stuck outside sec,0,143,27,Negative,0.842604,0.1518,0.005596,-0.837008,Negative
570276196405125120,2015-02-24T17:36:55Z,2015-02-24,17,Tuesday,mwecker,American,"@AmericanAir Right. But more than two hours Late Flight, and it seems due to poor communication, which sounded like it was annoying on-plane staff","USER right. but more than two hours late flight, and it seems due to poor communication, which sounded like it was annoying on-plane staff",user right two hour late flight seems due poor communication sounded like annoying staff,0,146,25,Negative,0.88505,0.107351,0.007599,-0.877451,Negative
570276245960835073,2015-02-24T17:37:06Z,2015-02-24,17,Tuesday,gu_runyu,American,"@AmericanAir said that AA does not provide in-flight wifi on the routes to China based on some federal laws, but United does, why is that?","USER said that aa does not provide in-flight wifi on the routes to china based on some federal laws, but united does, why is that?",user said aa provide wifi route china based federal law united,0,138,26,Negative,0.380931,0.606129,0.01294,-0.367991,Neutral
570276377401827329,2015-02-24T17:37:38Z,2015-02-24,17,Tuesday,chrsmichaels,United,@united rude rude,USER rude rude,user rude rude,0,17,3,Negative,0.772188,0.213471,0.014341,-0.757846,Negative
570276681551732736,2015-02-24T17:38:50Z,2015-02-24,17,Tuesday,_leycar,US Airways,@USAirways I don't want your sympathy I want someone to make an effort to find my bag,USER i don't want your sympathy i want someone to make an effort to find my bag,user want sympathy want someone make effort find bag,0,85,18,Negative,0.488479,0.463235,0.048287,-0.440192,Negative
570277418642120704,2015-02-24T17:41:46Z,2015-02-24,17,Tuesday,logainne,United,@united When will email address/username sign-on be available? It's been a while.,USER when will email address/username sign-on be available? it's been a while.,user email available,0,81,15,Negative,0.073148,0.88858,0.038272,-0.034876,Neutral
570277811795001344,2015-02-24T17:43:20Z,2015-02-24,17,Tuesday,ch00bee,Delta,@JetBlue your wifi is a lie and i hate you,USER your wifi is a lie and i hate you,user wifi lie hate,0,42,10,Negative,0.943405,0.050584,0.006011,-0.937394,Negative
570278869133107201,2015-02-24T17:47:32Z,2015-02-24,17,Tuesday,susiebarre,American,@AmericanAir my flight 386 to Dallas from Jacksonville fl has been Cancelled Flightled. No one has notified me. What's going on?,USER my flight NUMBER to dallas from jacksonville fl has been cancelled flightled. no one has notified me. what's going on?,user flight number dallas jacksonville fl cancelled flightled one notified going,0,128,22,Negative,0.846658,0.148842,0.004499,-0.842159,Negative
570279106090274817,2015-02-24T17:48:28Z,2015-02-24,17,Tuesday,mlmoore2,US Airways,@USAirways great job today from your team with a challenging weather delay on flight 1925 out of Charlotte. #travel #friendlyteam,USER great job today from your team with a challenging weather delay on flight NUMBER out of charlotte. #travel #friendlyteam,user great job today team challenging weather delay flight number charlotte travel friendlyteam,0,129,20,Positive,0.01031,0.048132,0.941558,0.931248,Positive
570279812922789888,2015-02-24T17:51:17Z,2015-02-24,17,Tuesday,piersonstone,Southwest,"@SouthwestAir my flight at BWI is delayed and I will miss my flight in Denver, is there a way to find out if they will hold the plane?","USER my flight at bwi is delayed and i will miss my flight in denver, is there a way to find out if they will hold the plane?",user flight bwi delayed miss flight denver way find hold plane,0,134,28,Neutral,0.795623,0.197969,0.006409,-0.789214,Negative
570282469121007616,2015-02-24T18:01:50Z,2015-02-24,18,Tuesday,smartwatermelon,Virgin America,@VirginAmerica SFO-PDX schedule is still MIA.,USER sfo-pdx schedule is still mia.,user schedule still mia,0,45,7,Negative,0.258663,0.730269,0.011067,-0.247596,Neutral
570284111425892353,2015-02-24T18:08:22Z,2015-02-24,18,Tuesday,rebeccakling,Southwest,@SouthwestAir Thanks so much!,USER thanks so much!,user thanks much,0,29,4,Positive,0.006221,0.018756,0.975023,0.968802,Positive
570284129138274304,2015-02-24T18:08:26Z,2015-02-24,18,Tuesday,catjubs,Southwest,"@SouthwestAir THANK YOU for your awesome flights. Sweetheart got screwed on @FlyFrontier, managed to scramble and get a SW plane today. !!!","USER thank you for your awesome flights. sweetheart got screwed on USER , managed to scramble and get a sw plane today. !!!",user thank awesome flight sweetheart got screwed user managed scramble get sw plane today,0,139,21,Positive,0.015174,0.043765,0.941061,0.925887,Positive
570285904809598977,2015-02-24T18:15:29Z,2015-02-24,18,Tuesday,sjespers,Virgin America,@VirginAmerica Thanks!,USER thanks!,user thanks,0,22,2,Positive,0.009864,0.118893,0.871244,0.86138,Positive
570286924277030912,2015-02-24T18:19:32Z,2015-02-24,18,Tuesday,megfalcone,United,"@united yes please! I am newly married and trying to update my last name on a preexisting international flight! It seems so easy, but...","USER yes please! i am newly married and trying to update my last name on a preexisting international flight! it seems so easy, but...",user yes please newly married trying update last name preexisting international flight seems easy,0,136,24,Negative,0.01552,0.216862,0.767618,0.752099,Positive
570288961064710145,2015-02-24T18:27:38Z,2015-02-24,18,Tuesday,crook_justin,Southwest,@SouthwestAir belt issues. Been a rough day for them. Worst part is traveling with 9 month old and having to wait outside in 85 degree,USER belt issues. been a rough day for them. worst part is traveling with NUMBER month old and having to wait outside in NUMBER degree,user belt issue rough day worst part traveling number month old wait outside number degree,0,134,25,Negative,0.877645,0.110739,0.011616,-0.866029,Negative
570289518194126849,2015-02-24T18:29:51Z,2015-02-24,18,Tuesday,mmmrubin,Delta,@JetBlue great.,USER great.,user great,0,15,2,Positive,0.007192,0.041738,0.95107,0.943879,Positive
570290034009636865,2015-02-24T18:31:54Z,2015-02-24,18,Tuesday,waynebevan,American,@AmericanAir OK I will call them likely tmrw UK time to question the process getting the change charge reversed due to a bereavement,USER ok i will call them likely tmrw uk time to question the process getting the change charge reversed due to a bereavement,user ok call likely tmrw uk time question process getting change charge reversed due bereavement,0,132,23,Neutral,0.139296,0.831818,0.028886,-0.11041,Neutral
570291699731308545,2015-02-24T18:38:31Z,2015-02-24,18,Tuesday,tahlia_simpson,Delta,@JetBlue just wondering if the website is having issues today. Trying to book a flight with my visa I always use and its rejecting it.,USER just wondering if the website is having issues today. trying to book a flight with my visa i always use and its rejecting it.,user wondering website issue today trying book flight visa always use rejecting,0,134,25,Negative,0.689608,0.298402,0.01199,-0.677618,Negative
570293142257311744,2015-02-24T18:44:15Z,2015-02-24,18,Tuesday,brittanylinnes,Southwest,.@SouthwestAir she needs a wheelchair at the gate for sure. What options does she have?,. USER she needs a wheelchair at the gate for sure. what options does she have?,user need wheelchair gate sure option,0,87,15,Neutral,0.244133,0.715745,0.040123,-0.20401,Neutral
570293661377961984,2015-02-24T18:46:19Z,2015-02-24,18,Tuesday,sarahtherower,Southwest,@SouthwestAir can you have someone call me back? I have been on hold two times today for over 20 min and still haven't gotten through,USER can you have someone call me back? i have been on hold two times today for over NUMBER min and still haven't gotten through,user someone call back hold two time today number min still gotten,0,133,26,Negative,0.809825,0.18112,0.009054,-0.800771,Negative
570294451261874177,2015-02-24T18:49:27Z,2015-02-24,18,Tuesday,detroitronin,Delta,@DeltaAssist now at 57 minutes waiting on Silver Elite line for someone to pick up! Help!,USER now at NUMBER minutes waiting on silver elite line for someone to pick up! help!,user number minute waiting silver elite line someone pick help,0,89,16,Negative,0.826203,0.156713,0.017084,-0.809119,Negative
570295174385016832,2015-02-24T18:52:19Z,2015-02-24,18,Tuesday,barbararwill,American,@AmericanAir I tried to book a rwrd and was told I couldnt. Bought tix on USAir (now AA-no choice) didn't bother to + AAdv# with this svc...,USER i tried to book a rwrd and was told i couldnt. bought tix on usair (now aa-no choice) didn't bother to + aadv# with this svc...,user tried book rwrd told couldnt bought tix usair choice bother aadv svc,0,140,28,Negative,0.872202,0.121671,0.006128,-0.866074,Negative
570295576446808065,2015-02-24T18:53:55Z,2015-02-24,18,Tuesday,hollykinnamon,American,@AmericanAir I have been on hold w/customer service line for 68 minutes. This after I was on phone with an agent for 35 min b/f call droped,USER i have been on hold w/customer service line for NUMBER minutes. this after i was on phone with an agent for NUMBER min b/f call droped,user hold service line number minute phone agent number min call droped,0,139,29,Negative,0.725342,0.262428,0.01223,-0.713113,Negative
570296670568751106,2015-02-24T18:58:16Z,2015-02-24,18,Tuesday,frankplaza_,Southwest,@SouthwestAir Logically you would think you check all that before you have people board. I could've drove home in the time I've been waiting,USER logically you would think you check all that before you have people board. i could've drove home in the time i've been waiting,user logically would think check people board could drove home time waiting,0,140,26,Negative,0.240536,0.70135,0.058114,-0.182422,Neutral
570297402281893888,2015-02-24T19:01:10Z,2015-02-24,19,Tuesday,chuck_martin,Delta,@JetBlue ’s Marty St. George really has zero clue. How does he still have a job? #nobaggagefees http://t.co/tjDzaMHPEw,USER ’s marty st. george really has zero clue. how does he still have a job? #nobaggagefees URL,user marty george really zero clue still job nobaggagefees url,0,118,21,Negative,0.925751,0.068211,0.006038,-0.919713,Negative
570298770136674304,2015-02-24T19:06:37Z,2015-02-24,19,Tuesday,law_econ,American,@AmericanAir This doesn't address my issue. I am on hold for 30 min to speak with an agent.,USER this doesn't address my issue. i am on hold for NUMBER min to speak with an agent.,user address issue hold number min speak agent,0,91,19,Negative,0.867619,0.126379,0.006002,-0.861618,Negative
570300767074181121,2015-02-24T19:14:33Z,2015-02-24,19,Tuesday,jnardino,Virgin America,@VirginAmerica seriously would pay $30 a flight for seats that didn't have this playing. it's really the only bad thing about flying VA,USER seriously would pay $ NUMBER a flight for seats that didn't have this playing. it's really the only bad thing about flying va,user seriously would pay number flight seat playing really bad thing flying va,0,135,25,Negative,0.886006,0.10027,0.013724,-0.872281,Negative
570301130888122368,2015-02-24T19:15:59Z,2015-02-24,19,Tuesday,jnardino,Virgin America,@VirginAmerica plus you've added commercials to the experience... tacky.,USER plus you've added commercials to the experience... tacky.,user plus added commercial experience tacky,0,72,10,Positive,0.888201,0.103921,0.007878,-0.880323,Negative
570304445336178688,2015-02-24T19:29:10Z,2015-02-24,19,Tuesday,justdetric,US Airways,@USAirways ok...i know doors close ~10 minutes before takeoff. stop telling me my flight will leave in 20 minutes when we haven't boarded.,USER ok...i know doors close ~ NUMBER minutes before takeoff. stop telling me my flight will leave in NUMBER minutes when we haven't boarded.,user ok know door close number minute takeoff stop telling flight leave number minute boarded,0,138,25,Negative,0.680583,0.307737,0.01168,-0.668903,Negative
570306662575300611,2015-02-24T19:37:58Z,2015-02-24,19,Tuesday,gjeaviation,American,@AmericanAir 767 seconds from touchdown at Madrid airport in April 2013 #AvGeek http://t.co/1yWXRfn0Gr,USER NUMBER seconds from touchdown at madrid airport in april NUMBER #avgeek URL,user number second touchdown madrid airport april number avgeek url,0,102,16,Neutral,0.006848,0.919853,0.0733,0.066452,Neutral
